date,equity_index,cape,mktcap_to_gdp,us_2y,us_10y,yield_curve_10y2y,cpi_yoy,unemployment,dxy,gold,copper,vix3m,nfci,t10y3m,hy_spread,policy_uncertainty,vix,consumer_sentiment,core_cpi_yoy,indpro_yoy
1999-01-31,11724.830078125,40.57,153.433,4.58,4.66,0.08000000000000007,1.6666666666666607,4.3,96.08000183105467,,,,,,,149.1,,103.9,2.331002331002341,3.763083805136991
1999-02-28,11286.080078125,40.4,,5.13,5.29,0.16000000000000014,1.6666666666666607,4.4,98.68000030517578,,,,,,,68.46,,108.1,2.1524141942990127,4.225398806274816
1999-03-31,11707.669921875,41.35,,4.99,5.25,0.2599999999999998,1.728395061728394,4.2,100.0999984741211,,,,-0.40517,0.76,5.19,48.21,23.26,105.7,2.0325203252032464,4.425125461604007
1999-04-30,12259.3603515625,42.7,,5.08,5.36,0.28000000000000025,2.281134401972884,4.3,101.0,,,,-0.42684,0.81,4.76,34.44,25.07,104.6,2.2028985507246412,4.307254602909483
1999-05-31,11976.75,42.55,,5.42,5.64,0.21999999999999975,2.091020910209096,4.2,102.51000213623048,,,,-0.40218,0.98,4.75,53.14,25.39,106.8,2.0821283979178595,4.27940147673862
1999-06-30,12583.599609375,42.18,,5.53,5.81,0.27999999999999936,1.9656019656019597,4.3,102.8499984741211,,,,-0.33224,1.03,4.87,66.53,21.09,107.3,1.9630484988452768,4.826418688874012
1999-07-31,12189.83984375,43.83,,5.63,5.92,0.29000000000000004,2.1446078431372584,4.3,99.75,,,,-0.21195,1.17,4.66,34.65,24.64,106.0,2.074927953890482,5.839978413843561
1999-08-31,12042.23046875,41.93,,5.73,5.98,0.25,2.2643818849449104,4.2,99.9499969482422,,,,-0.15008,1.0,4.9,25.47,24.45,104.5,1.8965517241379404,4.109544569149426
1999-09-30,11713.7998046875,41.32,,5.63,5.9,0.27000000000000046,2.629969418960254,4.2,98.54000091552734,,,,-0.10104,1.02,5.07,28.29,25.41,107.2,2.066590126291623,3.7444563415508503
1999-10-31,12449.400390625,40.55,,5.79,6.02,0.22999999999999954,2.56253813300793,4.1,99.05999755859376,,,,-0.11147,0.9,5.13,122.43,22.2,103.2,2.1215596330275144,4.29950432876991
1999-11-30,12851.9296875,43.21,,6.01,6.18,0.16999999999999993,2.620353443022561,4.1,101.98999786376952,,,,-0.16878,0.88,4.91,57.28,24.18,107.2,2.0594965675057253,4.884601547870515
1999-12-31,13812.669921875,44.19,,6.24,6.45,0.20999999999999996,2.676399026763998,4.0,101.87000274658205,,,,-0.17234,1.12,4.76,29.57,24.64,105.4,1.8814139110604255,5.216917187508963
2000-01-31,13230.6201171875,43.77,147.379,6.61,6.68,0.0699999999999994,2.792956891317555,4.0,105.12999725341795,,,,-0.21105,0.92,4.87,55.95,24.95,112.0,2.1070615034168627,4.620955049951481
2000-02-29,13511.0,42.18,,6.53,6.42,-0.11000000000000032,3.2179720704310855,4.1,105.91999816894533,,,,-0.19025,0.64,5.08,36.19,23.37,111.3,2.1640091116173155,4.313335681097841
2000-03-31,14296.1796875,43.22,,6.5,6.03,-0.46999999999999975,3.762135922330101,4.0,105.44000244140624,,,,-0.08934,0.15,5.75,69.33,24.11,107.1,2.4473534433693933,4.447293166354416
2000-04-30,13541.7001953125,43.53,,6.68,6.23,-0.4499999999999993,3.013863773357439,3.8,110.13999938964844,,,,-0.03253,0.41,5.88,48.25,26.2,109.2,2.2688598979013097,4.828026846244748
2000-05-31,13052.9599609375,41.96,,6.69,6.29,-0.40000000000000036,3.132530120481914,4.0,108.73999786376952,,,,0.02469,0.66,6.16,50.57,23.65,110.7,2.3796033994334165,4.451469064576807
2000-06-30,13618.5,42.78,,6.38,6.03,-0.34999999999999964,3.7349397590361377,4.0,106.83999633789062,,,,-0.00125,0.15,6.17,47.4,19.54,106.4,2.5481313703284325,4.574285752844154
2000-07-31,13330.3095703125,42.75,,6.3,6.04,-0.2599999999999998,3.5992801439711952,4.0,109.56999969482422,,,,-0.11604,-0.23,6.26,72.25,20.74,108.3,2.4844720496894457,3.7698485910728996
2000-08-31,14280.0400390625,42.87,,6.18,5.73,-0.4499999999999993,3.3512866546977715,4.1,112.5999984741211,278.29998779296875,0.8849999904632568,,-0.19853,-0.58,6.43,26.27,16.84,107.3,2.5944726452340694,3.0734226950164922
2000-09-30,13613.330078125,41.89,,5.98,5.8,-0.1800000000000006,3.45649582836709,3.9,113.25,273.6000061035156,0.915499985218048,,-0.19672,-0.43,6.77,140.95,20.57,106.8,2.53093363329584,3.968806853188922
2000-10-31,13314.6796875,39.37,,5.94,5.77,-0.17000000000000082,3.4503271861986873,3.9,116.6500015258789,264.8999938964844,0.8464999794960022,,-0.16821,-0.61,7.79,43.8,23.63,105.8,2.5266704098820814,2.3142184859096693
2000-11-30,11976.240234375,38.78,,5.61,5.48,-0.1299999999999999,3.444180522565321,3.9,115.23999786376952,270.1000061035156,0.8410000205039978,,-0.10692,-0.73,9.06,167.48,29.65,107.6,2.6345291479820565,1.8491278756576968
2000-12-31,12175.8798828125,37.27,,5.11,5.12,0.009999999999999787,3.4360189573459543,3.9,109.55999755859376,272.0,0.8464999794960022,,-0.09087,-0.77,9.16,266.22,26.85,98.4,2.5741466144376224,0.7397718173229428
2001-01-31,12631.3603515625,36.98,132.14700000000002,4.62,5.19,0.5700000000000003,3.7212049616065945,4.2,110.5199966430664,265.6000061035156,0.8485000133514404,,-0.22533,0.2,7.87,115.77,22.02,94.7,2.5655326268823275,0.3976490637767949
2001-02-28,11425.2900390625,35.83,,4.41,4.92,0.5099999999999998,3.529411764705892,4.2,112.01000213623048,266.79998779296875,0.8100000023841858,,-0.27888,0.07,7.7,173.46,28.35,90.6,2.7870680044593144,-0.5668458865284554
2001-03-31,10645.849609375,32.32,,4.18,4.93,0.75,2.9824561403508643,4.3,117.37000274658205,257.8999938964844,0.7584999799728394,,-0.2548,0.63,8.18,40.83,28.64,91.5,2.6111111111110974,-1.122295725249156
2001-04-30,11512.4599609375,32.17,,4.3,5.35,1.0499999999999998,3.2182562902282053,4.4,115.8499984741211,264.0,0.7664999961853027,,-0.33452,1.4,8.06,52.21,25.48,88.4,2.66222961730449,-2.0602186217959284
2001-05-31,11610.2197265625,34.07,,4.22,5.43,1.21,3.5630841121495394,4.3,119.06999969482422,265.29998779296875,0.7519999742507935,,-0.42331,1.8,7.68,56.66,22.64,92.0,2.54565578306587,-2.791181055600911
2001-06-30,11407.150390625,33.07,,4.25,5.42,1.17,3.193960511033689,4.5,119.43000030517578,270.6000061035156,0.7045000195503235,,-0.46082,1.77,8.16,62.0,19.06,92.6,2.705687465488693,-3.3422163718917375
2001-07-31,11208.509765625,32.16,,3.79,5.07,1.2800000000000002,2.7214823393167498,4.6,117.18000030517578,266.20001220703125,0.6779999732971191,,-0.4999,1.53,8.27,223.69,21.62,92.4,2.6997245179063434,-3.773511714911293
2001-08-31,10515.08984375,31.4,,3.64,4.85,1.2099999999999995,2.7214823393167498,4.9,113.41999816894533,274.3999938964844,0.6784999966621399,,-0.43229,1.48,8.05,61.89,24.92,91.5,2.638812534359536,-3.6215277665228585
2001-09-30,9562.9501953125,27.67,,2.86,4.6,1.7399999999999998,2.5921658986175045,5.0,113.4800033569336,292.3999938964844,0.6460000276565552,,-0.33815,2.2,10.18,336.96,31.93,81.8,2.6330224904004274,-4.55015745457048
2001-10-31,9796.8603515625,28.58,,2.44,4.3,1.8599999999999999,2.127659574468077,5.3,114.86000061035156,279.5,0.621999979019165,,-0.38304,2.25,9.61,170.72,33.56,82.7,2.6286966046002336,-4.440502321905382
2001-11-30,10531.4501953125,30.01,,2.84,4.78,1.9400000000000004,1.894374282433997,5.5,116.12999725341795,273.8999938964844,0.722000002861023,,-0.37454,3.0,8.39,116.56,23.84,83.9,2.730748225013646,-5.044913960783126
2001-12-31,10707.6796875,30.5,,3.07,5.07,2.0000000000000004,1.603665521191311,5.7,116.75,278.70001220703125,0.652999997138977,,-0.3714,3.33,8.24,181.41,23.8,88.8,2.782324058919805,-4.774776238202749
2002-01-31,10564.6904296875,30.28,101.147,3.16,5.07,1.9100000000000001,1.1958997722095743,5.7,120.23999786376952,282.1000061035156,0.7304999828338623,,-0.4635,3.31,7.89,229.05,21.09,93.0,2.610114192495905,-3.682618441383212
2002-02-28,10332.8896484375,29.09,,3.06,4.88,1.8199999999999998,1.1363636363636465,5.7,119.16000366210938,296.70001220703125,0.7139999866485596,,-0.49268,3.09,8.19,221.66,21.59,90.7,2.5488069414316694,-3.0399744149724905
2002-03-31,10775.740234375,30.29,,3.72,5.42,1.6999999999999997,1.362862010221466,5.7,118.62000274658205,302.6000061035156,0.7605000138282776,,-0.50419,3.63,7.08,138.6,17.4,95.7,2.4363833243096877,-2.1374903694403535
2002-04-30,10241.1796875,29.01,,3.24,5.11,1.87,1.643990929705219,5.9,115.19000244140624,308.8999938964844,0.7325000166893005,,-0.58035,3.34,6.88,67.62,21.91,93.0,2.485143165856285,-1.3053329089064758
2002-05-31,10106.490234375,28.13,,3.22,5.08,1.8599999999999999,1.2408347433727984,5.8,111.80999755859376,326.5,0.7615000009536743,,-0.62535,3.34,7.28,76.14,19.98,96.9,2.5364274150026844,-0.43328851038398897
2002-06-30,9384.0302734375,26.39,,2.9,4.86,1.9600000000000004,1.0692177827799745,5.8,106.11000061035156,313.5,0.7674999833106995,,-0.53949,3.16,8.75,129.79,25.4,92.4,2.2580645161290214,0.920910919642548
2002-07-31,8616.9404296875,23.46,,2.23,4.51,2.28,1.465614430665152,5.8,107.41000366210938,303.20001220703125,0.6775000095367432,,-0.44057,2.8,9.71,99.31,32.03,88.1,2.1995708154506355,1.5386975548359105
2002-08-31,8654.0400390625,23.59,,2.14,4.14,1.9999999999999996,1.747463359639223,5.7,106.9800033569336,312.3999938964844,0.6869999766349792,,-0.39096,2.45,9.61,64.35,32.64,87.6,2.3567220139260936,1.5424836015125454
2002-09-30,7773.6298828125,22.36,,1.72,3.63,1.91,1.516002245929271,5.7,106.87000274658205,323.8999938964844,0.6600000262260437,,-0.35461,2.06,10.33,135.82,39.69,86.1,2.2447888829502993,2.146064440525741
2002-10-31,8357.3203125,21.96,,1.68,3.93,2.25,2.0270270270270174,5.7,106.63999938964844,318.0,0.7139999866485596,,-0.38776,2.49,10.59,65.57,31.14,80.6,2.187833511205972,2.2135422551443185
2002-11-30,8846.7099609375,23.35,,2.08,4.22,2.1399999999999997,2.2535211267605604,5.9,106.41000366210938,316.79998779296875,0.7494999766349792,,-0.45598,3.0,8.83,99.26,27.5,84.2,2.020202020202033,3.4115039217915255
2002-12-31,8343.1904296875,23.1,,1.61,3.83,2.2199999999999998,2.4802705749718212,6.0,101.8499984741211,347.6000061035156,0.6970000267028809,,-0.47237,2.61,8.9,208.16,28.62,86.7,1.9639065817409707,2.880394484854265
2003-01-31,8125.06982421875,22.9,124.526,1.72,4.0,2.2800000000000002,2.757456387169399,5.8,99.91000366210938,368.2999877929687,0.7914999723434448,,-0.52502,2.82,8.29,126.75,31.17,82.4,1.9607843137255054,3.071140654513904
2003-02-28,7972.60009765625,21.21,,1.53,3.71,2.1799999999999997,3.146067415730336,5.9,99.70999908447266,350.20001220703125,0.7749999761581421,,-0.53855,2.51,8.38,204.15,29.63,79.9,1.7979904812268632,3.1817124112425654
2003-03-31,8051.85986328125,21.31,,1.51,3.83,2.3200000000000003,3.025210084033625,5.9,99.05999755859376,335.8999938964844,0.7124999761581421,,-0.5893,2.69,7.72,170.18,29.15,77.6,1.744186046511631,2.1709435832793167
2003-04-30,8701.9697265625,22.43,,1.51,3.89,2.38,2.175125488008911,6.0,97.19000244140624,339.1000061035156,0.7250000238418579,,-0.68346,2.76,6.44,141.38,21.21,86.0,1.4760147601476037,1.0688138922369639
2003-05-31,9218.8896484375,23.59,,1.33,3.37,2.04,1.8941504178273003,6.1,93.2699966430664,364.5,0.7799999713897705,,-0.71305,2.26,6.79,78.81,19.47,92.1,1.5263157894736867,0.636921435240767
2003-06-30,9342.419921875,24.83,,1.32,3.54,2.2199999999999998,1.948775055679297,6.3,94.7300033569336,346.0,0.7480000257492065,,-0.71448,2.64,6.13,69.28,19.52,89.7,1.4721345951629994,-0.05887145406980876
2003-07-31,9555.1904296875,24.87,,1.8,4.49,2.6900000000000004,2.055555555555544,6.2,96.88999938964844,354.0,0.8180000185966492,,-0.71225,3.53,5.67,124.04,19.49,90.9,1.522309711286085,0.48700385655000566
2003-08-31,9770.5595703125,24.64,,1.95,4.45,2.5,2.216066481994461,6.1,98.0999984741211,375.7000122070313,0.8029999732971191,,-0.66957,3.47,5.46,97.49,18.63,89.3,1.3082155939298845,0.37923869625795525
2003-09-30,9649.6796875,25.24,,1.5,3.96,2.46,2.378318584070782,6.1,92.8499984741211,385.3999938964844,0.8130000233650208,,-0.68209,3.01,5.51,83.49,22.72,87.7,1.2545739675901668,0.9407289987876988
2003-10-31,10224.51953125,25.68,,1.85,4.33,2.48,2.041942604856528,6.0,92.7300033569336,384.5,0.9369999766349792,,-0.71642,3.37,4.73,73.24,16.1,89.6,1.305483028720622,1.2759729528664998
2003-11-30,10352.2197265625,25.95,,2.06,4.34,2.28,1.9283746556473913,5.8,90.20999908447266,396.7999877929687,0.9070000052452089,,-0.71637,3.41,4.48,118.51,16.32,93.7,1.094319958311618,1.387033904173962
2003-12-31,10799.6298828125,26.64,,1.84,4.27,2.4299999999999997,2.0352035203520247,5.7,86.91999816894531,415.7000122070313,1.0429999828338623,,-0.72475,3.32,4.18,68.15,18.31,92.6,1.0931806350858997,1.9841883950955763
2004-01-31,11029.2001953125,27.66,133.613,1.84,4.16,2.3200000000000003,2.026286966046009,5.7,87.19999694824219,402.2000122070313,1.1430000066757202,,-0.78713,3.24,4.05,18.15,16.63,103.8,1.1434511434511352,1.2763588097255418
2004-02-29,11172.8896484375,27.65,,1.66,3.99,2.33,1.688453159041381,5.6,87.30999755859375,396.3999938964844,1.343000054359436,,-0.81573,3.03,4.34,66.03,14.55,94.4,1.2467532467532516,1.7663898756903773
2004-03-31,11039.419921875,26.89,,1.6,3.86,2.26,1.7400761283306032,5.8,87.61000061035156,427.2999877929687,1.3585000038146973,,-0.80394,2.91,4.41,93.16,16.74,95.8,1.558441558441559,1.626375894029275
2004-04-30,10793.66015625,26.9,,2.31,4.53,2.22,2.2925764192139875,5.6,90.4800033569336,387.0,1.2094999551773071,,-0.74064,3.55,3.91,43.95,17.19,94.2,1.7662337662337713,2.615123170170186
2004-05-31,10926.3603515625,25.9,,2.54,4.66,2.12,2.8977583378895444,5.6,88.94999694824219,394.0,1.277999997138977,,-0.69633,3.58,4.28,25.29,15.5,90.2,1.710730948678063,3.38458309862264
2004-06-30,11138.91015625,26.4,,2.7,4.62,1.92,3.1676679410158393,5.6,88.80000305175781,392.6000061035156,1.2050000429153442,,-0.68761,3.29,4.1,111.42,14.34,95.6,1.865284974093262,2.447031362551799
2004-07-31,10701.650390625,25.7,,2.68,4.5,1.8199999999999998,2.939575394665228,5.5,89.95999908447266,391.0,1.3079999685287476,,-0.69674,3.05,4.02,70.61,15.32,96.7,1.7580144777662898,2.6848554355043186
2004-08-31,10719.150390625,25.17,,2.41,4.13,1.7199999999999998,2.5474254742547275,5.4,88.94000244140625,410.3999938964844,1.281000018119812,,-0.70224,2.54,4.06,26.87,15.29,95.9,1.7045454545454586,2.9784524146032165
2004-09-30,10895.48046875,25.67,,2.63,4.14,1.5099999999999998,2.5391680172879516,5.4,87.36000061035156,418.7000122070313,1.399999976158142,,-0.70091,2.43,3.83,37.0,13.34,94.2,1.961796592669085,2.448803847620762
2004-10-31,11068.9501953125,25.41,,2.56,4.05,1.4899999999999998,3.1909140075716547,5.5,84.91000366210938,428.5,1.347499966621399,,-0.70662,2.14,3.63,133.86,16.27,91.7,2.0103092783505083,3.1957484615569243
2004-11-30,11568.5400390625,26.47,,3.02,4.36,1.3400000000000003,3.621621621621607,5.4,81.81999969482422,451.2999877929687,1.4429999589920044,,-0.71701,2.13,3.17,43.85,13.24,92.8,2.216494845360839,2.763005391785356
2004-12-31,11971.1396484375,27.14,,3.08,4.24,1.1600000000000001,3.3423180592991875,5.4,80.8499984741211,437.5,1.4869999885559082,,-0.69834,2.02,3.1,24.36,13.29,97.1,2.2657054582904346,3.551152067738861
2005-01-31,11642.5703125,26.59,130.38299999999998,3.29,4.14,0.8499999999999996,2.8448738593666034,5.3,83.5999984741211,421.7999877929687,1.4630000591278076,,-0.70351,1.63,3.29,83.61,12.82,95.5,2.261048304213764,3.7656681883018184
2005-02-28,11863.48046875,26.74,,3.59,4.36,0.7700000000000005,3.053026245313339,5.4,82.51000213623047,436.5,1.5,,-0.7107,1.6,2.83,43.62,12.08,94.1,2.308876346844535,3.8921878697906642
2005-03-31,11638.26953125,26.34,,3.8,4.5,0.7000000000000002,3.2068412613575736,5.2,84.05999755859375,428.7000122070313,1.508999943733215,,-0.66596,1.71,3.52,83.11,14.02,92.6,2.35294117647058,4.168552298887196
2005-04-30,11363.51953125,25.41,,3.66,4.21,0.5499999999999998,3.3617929562433257,5.2,84.43000030517578,435.0,1.4980000257492063,,-0.61042,1.31,4.19,148.21,15.31,87.7,2.1949974476773715,4.006456472613795
2005-05-31,11787.8095703125,25.65,,3.6,4.0,0.3999999999999999,2.869287991498415,5.1,87.76000213623047,416.2999877929687,1.5049999952316284,,-0.6001,1.01,4.13,69.66,13.29,86.9,2.1916411824668858,3.3534790649275337
2005-06-30,11876.740234375,26.07,,3.66,3.94,0.2799999999999998,2.541026998411855,5.0,89.11000061035156,435.8999938964844,1.553500056266785,,-0.60485,0.81,3.85,67.14,12.04,96.0,2.0345879959308144,4.6347083589064475
2005-07-31,12360.8095703125,26.29,,4.02,4.28,0.2600000000000007,3.067160232681121,5.0,89.3499984741211,429.8999938964844,1.6875,,-0.61446,0.86,3.3,35.3,11.57,96.5,2.083333333333326,3.5298493345260917
2005-08-31,12217.1298828125,26.1,,3.84,4.02,0.17999999999999972,3.646934460887952,4.9,87.58000183105469,433.7999877929687,1.6950000524520874,,-0.59924,0.5,3.66,34.98,12.6,89.1,2.1330624682579957,3.797594088074363
2005-09-30,12289.259765625,25.73,,4.18,4.34,0.16000000000000014,4.741833508956805,5.0,89.5199966430664,469.0,1.8014999628067017,,-0.56736,0.79,3.54,71.1,11.92,76.9,1.9240506329113893,1.6574450087309733
2005-10-31,12063.240234375,24.88,,4.4,4.57,0.16999999999999993,4.350104821802936,5.0,90.06999969482422,465.1000061035156,1.8960000276565552,,-0.58418,0.59,3.61,110.84,15.32,74.2,2.071753410813537,2.0209103457029087
2005-11-30,12521.919921875,25.93,,4.42,4.49,0.07000000000000028,3.3385498174230532,5.0,91.56999969482422,494.6000061035156,2.075000047683716,,-0.58219,0.54,3.67,53.48,12.06,81.6,2.1180030257186067,2.9120723180627417
2005-12-31,12517.6904296875,26.44,,4.41,4.39,-0.020000000000000462,3.3385498174230532,4.9,91.16999816894533,517.0999755859375,2.1614999771118164,,-0.56483,0.31,3.71,127.04,12.07,91.5,2.114803625377659,2.6259073757150198
2006-01-31,12953.6298828125,26.47,141.644,4.54,4.53,-0.009999999999999787,4.018789144050117,4.7,88.95999908447266,570.7999877929688,2.2355000972747803,,-0.60357,0.06,3.42,50.45,12.95,91.2,2.1105527638190846,2.4194801632455576
2006-02-28,12922.26953125,26.25,,4.69,4.55,-0.14000000000000057,3.63825363825363,4.8,90.11000061035156,561.5999755859375,2.185499906539917,,-0.63356,-0.07,3.37,57.41,12.34,86.7,2.106318956870612,1.7242361205308532
2006-03-31,13155.4404296875,26.33,,4.82,4.86,0.040000000000000036,3.4179181771103018,4.7,89.7300033569336,581.7999877929688,2.48799991607666,,-0.62901,0.23,3.13,31.92,11.39,88.9,2.0989505247376306,2.091541760329152
2006-04-30,13280.9296875,26.15,,4.87,5.07,0.20000000000000018,3.613835828600931,4.7,86.11000061035156,651.7999877929688,3.3355000019073486,,-0.61972,0.3,3.04,71.12,11.59,87.4,2.29770229770232,2.1816142662632876
2006-05-31,12841.6904296875,25.65,,5.04,5.12,0.08000000000000007,3.9772727272727297,4.6,84.72000122070312,642.5,3.7165000438690186,,-0.58254,0.26,3.12,102.87,16.44,79.1,2.44389027431422,2.1156664964513183
2006-06-30,12849.2900390625,24.75,,5.16,5.15,-0.009999999999999787,4.1817243159525175,4.6,85.22000122070312,613.5,3.4625000953674316,,-0.52983,0.14,3.35,136.32,13.08,84.9,2.6420737786640114,1.9803386251444621
2006-07-31,12789.669921875,24.7,,4.97,4.99,0.020000000000000462,4.104669061056954,4.7,85.30000305175781,634.2000122070312,3.609999895095825,15.25,-0.55974,-0.11,3.45,85.5,14.95,84.7,2.6879044300647026,2.251836527383766
2006-08-31,13062.5400390625,25.05,,4.79,4.74,-0.04999999999999982,3.926568077511483,4.7,85.05000305175781,625.9000244140625,3.4690001010894775,13.300000190734863,-0.60386,-0.31,3.49,38.02,12.31,82.0,2.8344107409249197,2.3669704568583194
2006-09-30,13345.9697265625,25.64,,4.71,4.64,-0.07000000000000028,2.012072434607637,4.5,85.97000122070312,598.5999755859375,3.4590001106262207,13.449999809265137,-0.60617,-0.25,3.44,53.98,11.98,85.4,2.930948832588176,4.2159275134967755
2006-10-31,13829.0703125,26.54,,4.71,4.61,-0.09999999999999964,1.4063284781516971,4.4,85.31999969482422,604.0999755859375,3.3359999656677246,11.399999618530272,-0.6283,-0.47,3.29,38.38,11.1,93.6,2.7722772277227747,2.8481025781383007
2006-11-30,14116.7099609375,26.93,,4.62,4.46,-0.16000000000000014,1.9687026754164672,4.5,82.91999816894531,646.9000244140625,3.1714999675750732,12.3100004196167,-0.62819,-0.57,3.2,110.48,10.91,92.1,2.6172839506172885,1.6621660136106442
2006-12-31,14257.5498046875,27.28,,4.82,4.71,-0.11000000000000032,2.5239777889954462,4.4,83.72000122070312,635.2000122070312,2.8540000915527344,13.289999961853027,-0.63503,-0.31,2.89,155.94,11.56,91.7,2.6134122287968298,2.1707334984272686
2007-01-31,14531.919921875,27.21,137.64,4.94,4.83,-0.11000000000000032,2.075765178123423,4.6,84.61000061035156,652.0,2.5834999084472656,11.329999923706056,-0.68103,-0.29,2.72,110.31,10.42,96.9,2.657480314960625,1.6646656462990128
2007-02-28,14271.6103515625,27.32,,4.65,4.56,-0.09000000000000075,2.420260782347028,4.5,83.56999969482422,669.4000244140625,2.7330000400543213,14.470000267028809,-0.66258,-0.6,2.82,50.63,15.42,91.3,2.71856581532417,2.5793632616832207
2007-03-31,14409.26953125,26.23,,4.58,4.65,0.07000000000000028,2.798197295943927,4.4,82.93000030517578,663.0,3.1435000896453857,15.100000381469728,-0.60648,-0.39,2.85,55.33,14.64,88.4,2.5051395007342103,2.5308035115800154
2007-04-30,14952.349609375,26.98,,4.6,4.63,0.03000000000000025,2.5929247633283525,4.5,81.44999694824219,680.5,3.5415000915527344,14.010000228881836,-0.58797,-0.28,2.74,32.94,14.22,87.1,2.4155273437499902,2.9076019270608766
2007-05-31,15462.16015625,27.55,,4.92,4.9,-0.019999999999999574,2.709885742672613,4.4,82.30000305175781,661.0,3.3935000896453857,13.470000267028809,-0.5531,0.17,2.46,42.02,13.05,88.3,2.267770204479058,2.9798485426711263
2007-06-30,15210.650390625,27.42,,4.87,5.03,0.16000000000000014,2.692765113974227,4.6,81.91999816894531,648.0999755859375,3.4535000324249268,16.399999618530273,-0.52245,0.21,2.98,29.7,16.23,85.3,2.181641573579407,2.7140344521729087
2007-07-31,14682.66015625,27.41,,4.56,4.78,0.22000000000000064,2.3178905864958077,4.7,80.7699966430664,666.9000244140625,3.6535000801086426,21.350000381469727,-0.29104,-0.18,4.19,21.01,23.52,90.4,2.1682016480853106,2.6434417747193573
2007-08-31,14847.7001953125,26.15,,4.15,4.54,0.3899999999999997,1.897448478900876,4.6,80.79000091552734,673.0,3.4110000133514404,22.440000534057617,0.2054,0.53,4.55,65.25,23.38,83.4,2.0884912959380886,2.3917510021752353
2007-09-30,15362.01953125,26.73,,3.97,4.59,0.6199999999999997,2.8338264299802685,4.7,77.72000122070312,742.7999877929688,3.630500078201294,18.6299991607666,0.07623,0.77,4.2,39.77,18.0,83.4,2.101351351351366,2.7901202497425004
2007-10-31,15673.3603515625,27.32,,3.94,4.48,0.5400000000000005,3.610698365527476,4.7,76.4800033569336,792.0,3.4679999351501465,19.520000457763672,-0.00087,0.54,4.36,85.65,18.53,80.9,2.1565510597302495,2.6179282370540014
2007-11-30,14932.669921875,25.73,,3.04,3.97,0.9300000000000002,4.373267326732666,4.7,76.1500015258789,782.2000122070312,3.1570000648498535,23.93000030517578,0.48013,0.82,5.75,70.77,22.87,76.1,2.3387872954764077,3.2087670061424323
2007-12-31,14819.580078125,25.96,,3.05,4.04,0.9900000000000002,4.108813392417532,5.0,76.69999694824219,834.9000244140625,3.0304999351501465,23.309999465942383,0.51995,0.68,5.92,127.28,22.5,75.5,2.4353676117251366,2.2029778334589523
2008-01-31,13896.650390625,24.02,78.4725,2.17,3.67,1.5,4.294695655165981,5.0,75.18000030517578,922.7000122070312,3.2894999980926514,25.209999084472656,0.41141,1.71,6.95,224.7,26.2,78.4,2.4789069990412305,2.4141930753466267
2008-02-29,13455.9599609375,23.5,,1.65,3.53,1.88,4.142959270611968,4.9,73.70999908447266,972.0999755859376,3.8519999980926514,26.38999938964844,0.78682,1.68,7.67,142.87,26.54,70.8,2.29708083295479,1.0602796518591306
2008-03-31,13332.009765625,22.61,,1.62,3.45,1.83,3.9749035501344343,5.1,71.80000305175781,916.2000122070312,3.8635001182556152,25.63999938964844,0.94434,2.07,8.21,76.0,25.61,69.5,2.388524386633417,0.5734255066876637
2008-04-30,13991.1201171875,23.36,,2.29,3.77,1.48,3.903760975988813,5.0,72.51000213623047,862.7999877929688,3.934000015258789,21.25,0.65001,2.34,6.86,80.74,20.79,62.6,2.294669292051843,-0.7427676334748168
2008-05-31,14260.759765625,23.7,,2.66,4.06,1.3999999999999995,4.088413823123993,5.4,72.87999725341797,887.2999877929688,3.628000020980835,20.530000686645508,0.50388,2.17,6.53,70.58,17.83,59.8,2.3222157689781087,-1.4383086308347726
2008-06-30,13073.5400390625,22.42,,2.63,3.99,1.3600000000000003,4.935966105947864,5.6,72.45999908447266,926.2000122070312,3.8954999446868896,23.770000457763672,0.71187,2.09,7.35,84.01,23.95,56.4,2.3917259211376996,-1.724935725071297
2008-07-31,12946.8896484375,20.91,,2.52,3.99,1.4700000000000002,5.497512078341837,5.8,73.2300033569336,913.9000244140624,3.7165000438690186,22.670000076293945,0.7148,2.31,8.0,65.51,22.94,61.2,2.463313612274831,-1.9585471027037116
2008-08-31,13124.490234375,21.4,,2.36,3.83,1.4700000000000002,5.308017162091239,6.1,77.37999725341797,829.2999877929688,3.429500102996826,22.520000457763672,0.84013,2.11,8.36,96.96,20.65,63.0,2.4981171756213394,-3.6832804845724265
2008-09-30,11875.41015625,20.36,,2.0,3.85,1.85,4.953319875136075,6.1,79.44999694824219,874.2000122070312,2.888000011444092,33.029998779296875,1.79301,2.93,10.96,626.03,39.39,70.3,2.4386208722122937,-8.130031129578574
2008-10-31,9768.6396484375,16.39,,1.56,4.01,2.4499999999999997,3.7310578899565128,6.5,85.62999725341797,716.7999877929688,1.843999981880188,53.56999969482422,2.78457,3.55,16.17,215.88,59.89,57.6,2.2213629955157854,-6.954317961916079
2008-11-30,8945.2197265625,15.26,,1.0,2.93,1.9300000000000002,1.0999174706166848,6.8,86.5199966430664,816.2000122070312,1.6234999895095823,54.18000030517578,3.06181,2.92,19.88,270.26,55.84,55.3,2.015893915169764,-8.669827230747885
2008-12-31,9087.169921875,15.38,,0.76,2.25,1.49,-0.022228002553859,7.3,81.30999755859375,883.5999755859375,1.3949999809265137,43.18000030517578,2.70697,2.14,18.12,208.04,40.0,60.1,1.7624596562335837,-11.276192783181926
2009-01-31,8335.6396484375,15.17,104.139,0.94,2.87,1.9300000000000002,-0.1135860190221271,7.8,86.0,927.2999877929688,1.462000012397766,44.599998474121094,2.12894,2.63,16.26,174.89,44.84,61.2,1.6723503187990874,-13.374567704176643
2009-02-28,7473.97021484375,14.12,,1.0,3.02,2.02,0.0084631406715107,8.3,88.01000213623047,941.5,1.5260000228881836,45.209999084472656,2.13223,2.76,17.38,204.86,46.35,56.3,1.800980653363804,-13.562730377303279
2009-03-31,8113.14013671875,13.32,,0.81,2.71,1.9,-0.4464787676623838,8.7,85.43000030517578,922.5999755859376,1.8389999866485596,44.59000015258789,1.92152,2.5,17.03,212.96,44.14,57.3,1.7876130957932945,-14.656035046526473
2009-04-30,8962.6103515625,14.98,,0.91,3.16,2.25,-0.5763244243767063,9.0,84.61000061035156,890.7000122070312,2.052999973297119,36.72999954223633,1.37615,3.02,13.45,130.17,36.5,65.1,1.93232662192393,-14.81395936696125
2009-05-31,9408.2900390625,16.0,,0.92,3.47,2.5500000000000003,-1.015761495855172,9.4,80.43000030517578,978.7999877929688,2.197499990463257,30.43000030517578,0.87247,3.33,11.7,110.96,28.92,68.7,1.8461309413034588,-15.160361194166793
2009-06-30,9428.1201171875,16.38,,1.11,3.53,2.42,-1.2291746182109151,9.5,80.12999725341797,927.0999755859376,2.257999897003174,28.760000228881836,0.72264,3.34,10.55,85.78,26.35,70.8,1.7119726678550107,-15.282480369076357
2009-07-31,10158.3896484375,16.69,,1.13,3.52,2.39,-1.9587610037622771,9.5,78.3499984741211,953.7000122070312,2.616499900817871,28.399999618530273,0.41582,3.34,9.22,353.57,25.92,66.0,1.5270992984974363,-14.018720654921957
2009-08-31,10512.3095703125,18.09,,0.97,3.4,2.4299999999999997,-1.4838355663267633,9.6,78.16999816894531,951.7000122070312,2.808000087738037,29.170000076293945,0.22995,3.25,9.12,49.01,26.01,65.7,1.4339650543224725,-11.689299172061052
2009-09-30,10945.1103515625,18.83,,0.95,3.31,2.3600000000000003,-1.377942862886472,9.8,76.6500015258789,1008.0,2.809000015258789,26.65999984741211,0.10314,3.17,7.93,96.76,25.61,73.5,1.4798373886199645,-6.805879122929537
2009-10-31,10655.4697265625,19.36,,0.9,3.41,2.5100000000000002,-0.2239682942003384,10.0,76.30000305175781,1039.699951171875,2.947499990463257,29.06999969482422,0.02218,3.36,7.6,94.64,30.69,70.6,1.7127331771131127,-7.474512230012276
2009-11-30,11207.2197265625,19.81,,0.67,3.21,2.54,1.9145871744709275,9.9,74.87999725341797,1181.0999755859375,3.1484999656677246,26.239999771118164,-0.03097,3.15,7.65,158.42,24.51,67.4,1.714243571010421,-5.83001235670767
2009-12-31,11548.41015625,20.32,,1.14,3.85,2.71,2.814123123208367,9.9,77.86000061035156,1095.199951171875,3.327500104904175,23.88999938964844,-0.14913,3.79,6.39,158.19,21.68,72.5,1.8236717759594345,-2.704223119324234
2010-01-31,11151.150390625,20.53,114.848,0.82,3.63,2.81,2.6211113889767157,9.8,79.45999908447266,1083.0,3.0460000038146973,25.3799991607666,-0.19843,3.55,6.54,174.05,24.62,74.4,1.5123351706495702,0.87230439200634
2010-02-28,11512.259765625,19.92,,0.81,3.61,2.8,2.151336357866529,9.8,80.36000061035156,1118.300048828125,3.2685000896453857,21.649999618530273,-0.24374,3.48,6.71,204.83,19.5,73.6,1.3494526888039982,1.8708182344855606
2010-03-31,12222.1904296875,21.0,,1.02,3.84,2.82,2.2861714393279886,9.9,81.06999969482422,1113.300048828125,3.5460000038146973,19.920000076293945,-0.41543,3.68,5.84,89.89,17.59,73.6,1.1592051426555505,4.200672107537207
2010-04-30,12477.2099609375,21.8,,0.97,3.69,2.7199999999999998,2.2067707525304403,9.9,81.87000274658203,1180.0999755859375,3.3375000953674316,23.670000076293945,-0.34966,3.53,5.61,70.76,22.05,72.2,0.9675088932173947,5.4282103558062955
2010-05-31,11466.1904296875,20.48,,0.76,3.31,2.55,2.003548929218568,9.6,86.4800033569336,1212.199951171875,3.0969998836517334,32.0,-0.06933,3.15,6.98,221.3,32.07,73.6,0.9401381427474931,7.942609605426321
2010-06-30,10823.2001953125,19.74,,0.61,2.97,2.3600000000000003,1.1215605940686268,9.4,86.0199966430664,1245.5,2.936000108718872,35.22999954223633,-0.07069,2.79,7.13,190.92,34.54,76.0,0.9501989849939774,8.551328146848402
2010-07-31,11568.3701171875,19.67,,0.55,2.94,2.3899999999999997,1.3407784804821077,9.4,81.54000091552734,1181.699951171875,3.306999921798706,27.13999938964844,-0.24488,2.79,6.59,202.13,23.5,67.8,0.9577539302116689,7.747013804699288
2010-08-31,11001.080078125,19.77,,0.47,2.47,2.0,1.1501775395112546,9.5,83.19999694824219,1248.300048828125,3.361000061035156,29.040000915527344,-0.26809,2.33,6.92,214.97,26.05,68.9,0.9171009950067255,6.968742858593813
2010-09-30,12020.580078125,20.38,,0.42,2.53,2.11,1.1183122472331777,9.5,78.72000122070312,1307.800048828125,3.6459999084472656,26.399999618530273,-0.33086,2.37,6.26,153.17,23.7,68.2,0.8143870498363182,6.346682104150392
2010-10-31,12489.0595703125,21.24,,0.34,2.63,2.29,1.1666951489314623,9.4,77.2699966430664,1357.0999755859375,3.73200011253357,22.950000762939453,-0.43122,2.51,5.93,298.32,21.2,67.7,0.6027183550187942,5.760258506490601
2010-11-30,12541.0302734375,21.7,,0.45,2.81,2.36,1.084544776600338,9.8,81.19999694824219,1385.0,3.822999954223633,25.190000534057617,-0.44849,2.64,6.22,163.66,23.54,71.6,0.672056411046551,5.39500875348351
2010-12-31,13360.080078125,22.4,,0.61,3.3,2.69,1.437793022217937,9.3,79.02999877929688,1421.0999755859375,4.439499855041504,20.899999618530273,-0.52165,3.18,5.41,180.76,17.75,74.5,0.6618948664665503,5.996200467756596
2011-01-31,13617.33984375,22.98,100.263,0.58,3.42,2.84,1.7007834915029774,9.1,77.73999786376953,1333.800048828125,4.451000213623047,20.149999618530273,-0.59284,3.27,5.08,114.06,19.53,74.2,0.9835337415527112,4.632504538708293
2011-02-28,14072.099609375,23.49,,0.69,3.42,2.73,2.124898173333145,9.0,76.88999938964844,1409.300048828125,4.478000164031982,20.0,-0.57195,3.27,4.78,84.82,18.35,77.5,1.124445592146106,3.827364378514675
2011-03-31,14101.1904296875,22.9,,0.8,3.47,2.67,2.619241510354109,9.0,75.86000061035156,1438.9000244140625,4.300000190734863,19.84000015258789,-0.5474,3.38,4.77,81.91,17.74,67.5,1.2097851736773357,4.193025357503588
2011-04-30,14495.2802734375,23.14,,0.61,3.32,2.71,3.07723444478687,9.1,72.93000030517578,1556.0,4.165500164031982,17.5,-0.59869,3.28,4.76,75.96,14.75,69.8,1.3155392125784537,3.505332834432129
2011-05-31,14287.3095703125,23.06,,0.45,3.05,2.5999999999999996,3.4589718808965,9.0,74.63999938964844,1535.9000244140625,4.173500061035156,17.559999465942383,-0.56038,2.99,5.09,71.4,15.45,74.3,1.4540961794335727,2.248891889831528
2011-06-30,14023.0498046875,22.1,,0.45,3.18,2.73,3.5023181506360412,9.1,74.30000305175781,1502.300048828125,4.271999835968018,18.90999984741211,-0.51883,3.15,5.42,128.68,16.52,71.5,1.5836776766096738,2.3688810428642126
2011-07-31,13701.4697265625,22.61,,0.36,2.82,2.46,3.5798809769996165,9.0,73.9000015258789,1628.300048828125,4.473999977111816,22.90999984741211,-0.39378,2.72,5.58,320.02,25.25,63.7,1.741483445742964,2.484132372991299
2011-08-31,12856.2001953125,20.05,,0.2,2.23,2.03,3.75499603070808,9.0,74.12999725341797,1828.5,4.186999797821045,31.670000076293945,-0.13749,2.21,7.3,152.92,31.62,55.8,1.9651571719433658,2.7992943499441703
2011-09-30,11842.080078125,19.7,,0.25,1.92,1.67,3.812621692818685,9.0,78.55000305175781,1620.4000244140625,3.1449999809265137,41.2400016784668,-0.0387,1.9,8.41,106.29,42.96,59.5,1.9877227562006272,2.4123837996766095
2011-10-31,13191.0498046875,20.16,,0.25,2.17,1.92,3.5222681306640524,8.8,76.16999816894531,1724.199951171875,3.628999948501587,30.3700008392334,-0.10379,2.16,7.07,106.27,29.96,60.8,2.1079204796465634,3.4162150732061747
2011-11-30,13101.1298828125,20.35,,0.25,2.08,1.83,3.451432214581729,8.6,78.38999938964844,1745.5,3.562999963760376,30.579999923706055,-0.07309,2.07,7.79,90.16,27.8,63.7,2.138204538395394,3.3174195787687877
2011-12-31,13189.599609375,20.52,,0.25,1.89,1.64,3.062066838419386,8.5,80.16999816894531,1565.800048828125,3.43149995803833,26.86000061035156,-0.14972,1.87,7.23,193.99,23.4,69.9,2.276662633858506,2.859134467066693
2012-01-31,13839.0703125,21.21,114.854,0.22,1.83,1.61,3.0087663379855023,8.3,79.27999877929688,1737.800048828125,3.787499904632568,22.09000015258789,-0.32437,1.77,6.61,92.52,19.44,75.0,2.2773481506083826,3.6910016324102957
2012-02-29,14400.330078125,21.8,,0.3,1.98,1.68,2.898178442347388,8.3,78.7300033569336,1709.9000244140625,3.870500087738037,21.799999237060547,-0.40844,1.9,5.98,51.9,18.43,75.3,2.1598204405657295,4.439148449901298
2012-03-31,14805.349609375,22.05,,0.33,2.23,1.9,2.5828752813320977,8.2,78.93000030517578,1669.300048828125,3.8239998817443848,18.61000061035156,-0.43649,2.16,5.99,82.22,15.5,76.2,2.2483374654291177,2.8286925428470555
2012-04-30,14689.5400390625,21.78,,0.27,1.95,1.68,2.2731633741348567,8.2,78.79000091552734,1663.4000244140625,3.8334999084472656,19.31999969482422,-0.3795,1.85,6.04,111.81,17.15,76.4,2.314427851801515,3.9040297563633697
2012-05-31,13740.240234375,20.94,,0.27,1.59,1.32,1.7379429374660749,8.2,83.04000091552734,1562.5999755859375,3.362499952316284,26.219999313354492,-0.2625,1.52,6.96,108.36,24.06,79.3,2.252258280361308,4.0185114178595605
2012-06-30,14258.26953125,20.55,,0.33,1.67,1.3399999999999999,1.653870448297634,8.2,81.6500015258789,1603.5,3.490000009536743,20.31999969482422,-0.2765,1.58,6.44,222.24,17.08,73.2,2.192285611289857,3.7105509068513065
2012-07-31,14370.2099609375,21.0,,0.23,1.51,1.28,1.4175114798464783,8.2,82.63999938964844,1610.5,3.4195001125335693,20.780000686645508,-0.36836,1.4,6.16,109.48,18.93,72.3,2.109955687378462,3.418677881567289
2012-08-31,14680.580078125,21.41,,0.22,1.57,1.35,1.6859349154821237,8.1,81.25,1684.5999755859375,3.4539999961853027,20.6200008392334,-0.46244,1.48,5.98,259.97,17.47,74.3,1.9352524993137443,2.285596731143258
2012-09-30,15044.1396484375,21.78,,0.23,1.65,1.42,1.9497168982819613,7.8,79.94000244140625,1771.0999755859375,3.7730000019073486,17.610000610351562,-0.5292,1.55,5.74,217.0,15.73,78.3,2.0082434834909124,2.2951570495009843
2012-10-31,14773.0595703125,21.58,,0.3,1.72,1.42,2.1556780595369363,7.8,79.91999816894531,1717.5,3.5269999504089355,19.309999465942383,-0.55111,1.61,5.63,141.64,18.6,82.6,1.9946491483669337,1.9430024786973865
2012-11-30,14848.0400390625,20.9,,0.25,1.62,1.37,1.7960197033926262,7.7,80.1500015258789,1710.9000244140625,3.629499912261963,17.270000457763672,-0.55695,1.54,5.65,251.56,15.87,82.7,1.9528512686261434,2.3257536633332743
2012-12-31,14995.0703125,21.24,,0.25,1.78,1.53,1.7595049796895523,7.9,79.7699966430664,1674.800048828125,3.6410000324249263,18.729999542236328,-0.60124,1.73,5.34,249.99,18.02,72.9,1.8996943778720743,2.0268355938483085
2013-01-31,15824.2099609375,21.9,142.69799999999998,0.27,2.02,1.75,1.684061762098299,8.0,79.20999908447266,1660.5999755859375,3.72350001335144,15.550000190734863,-0.6446,1.95,4.95,126.24,14.28,73.8,1.9098022178631435,1.4467904237824847
2013-02-28,15993.4501953125,22.05,,0.25,1.89,1.64,2.0181404902574807,7.7,81.9800033569336,1577.699951171875,3.5274999141693115,16.18000030517578,-0.65185,1.78,4.98,234.74,15.51,77.6,1.9887385214485631,1.5945538776370727
2013-03-31,16598.169921875,22.42,,0.25,1.87,1.62,1.5187472411246183,7.5,82.98999786376953,1594.800048828125,3.3949999809265137,14.640000343322754,-0.66511,1.8,4.86,154.03,12.7,78.6,1.8890221377988237,2.534732272069462
2013-04-30,16864.279296875,22.6,,0.22,1.7,1.48,1.138808047576867,7.6,81.7300033569336,1472.199951171875,3.1875,14.779999732971191,-0.70539,1.65,4.55,81.56,13.52,76.4,1.715558856294086,1.7145631127746475
2013-05-31,17212.259765625,23.41,,0.3,2.16,1.86,1.3903888279197083,7.5,83.37999725341797,1392.5999755859375,3.2890000343322754,17.1299991607666,-0.69214,2.12,4.62,66.84,16.3,84.5,1.6455519491850756,1.5594777439077445
2013-06-30,16992.08984375,22.93,,0.36,2.52,2.16,1.7157935271568725,7.5,83.16999816894531,1223.800048828125,3.05049991607666,18.38999938964844,-0.63125,2.48,5.21,122.13,16.86,84.1,1.6230952474272975,1.7645800035426706
2013-07-31,17890.390625,23.49,,0.31,2.6,2.29,1.885471805415806,7.3,81.44999694824219,1312.4000244140625,3.118499994277954,14.920000076293944,-0.66225,2.56,4.71,77.62,13.45,85.1,1.7002217680567089,1.2364196654177428
2013-08-31,17352.080078125,23.36,,0.39,2.78,2.3899999999999997,1.538809488600279,7.2,82.08999633789062,1396.0999755859375,3.2249999046325684,18.049999237060547,-0.66615,2.75,4.76,101.91,17.01,82.1,1.782107690904433,2.2593571227008002
2013-09-30,17982.4296875,23.44,,0.33,2.64,2.31,1.0947341081747997,7.2,80.22000122070312,1326.5,3.321000099182129,16.799999237060547,-0.67847,2.62,4.83,156.8,16.6,77.5,1.7519368418314363,2.854766330187619
2013-10-31,18711.919921875,23.83,,0.31,2.57,2.26,0.8767991434911471,7.2,80.19999694824219,1323.5999755859375,3.2945001125335693,15.25,-0.72776,2.53,4.36,67.75,13.75,73.2,1.686837731144819,2.4178437626957816
2013-11-30,19201.9609375,24.64,,0.28,2.75,2.4699999999999998,1.2328701961954458,6.9,80.68000030517578,1250.5999755859375,3.2304999828338623,15.029999732971191,-0.77104,2.69,4.27,93.59,13.7,75.1,1.7416677473738762,2.281966236973343
2013-12-31,19706.029296875,24.86,,0.38,3.04,2.66,1.5128383667573295,6.7,80.04000091552734,1201.9000244140625,3.441499948501587,14.770000457763672,-0.7803,2.97,4.0,130.03,13.72,82.5,1.7408566188369834,2.245344069429267
2014-01-31,19105.240234375,24.86,150.026,0.34,2.67,2.33,1.557758795574915,6.6,81.2699966430664,1240.0999755859375,3.2204999923706055,18.09000015258789,-0.76446,2.65,4.21,44.12,18.41,81.2,1.6070344358370292,1.8566277042981971
2014-02-28,19946.83984375,24.59,,0.33,2.66,2.33,1.1204746347724948,6.7,79.77999877929688,1321.4000244140625,3.2385001182556152,15.800000190734863,-0.77746,2.61,3.81,71.2,14.0,81.6,1.5548073904948723,2.148610089064018
2014-03-31,19996.009765625,24.96,,0.44,2.73,2.29,1.6126949139408042,6.7,80.0999984741211,1283.4000244140625,3.0464999675750732,15.079999923706056,-0.77718,2.68,3.77,45.06,13.88,80.0,1.6456609706435588,2.724108069090181
2014-04-30,19959.83984375,24.79,,0.42,2.67,2.25,2.015125303606169,6.2,79.48999786376953,1295.5999755859375,3.0295000076293945,14.699999809265137,-0.77022,2.64,3.71,35.13,13.41,84.1,1.8210555250137483,2.9123215934373725
2014-05-31,20348.349609375,24.94,,0.37,2.48,2.11,2.166947687079812,6.3,80.37000274658203,1245.5999755859375,3.135999917984009,13.75,-0.7906,2.44,3.67,62.38,11.4,81.9,1.9455269618362525,3.226027611336124
2014-06-30,20862.740234375,25.56,,0.47,2.53,2.0599999999999996,2.0589816945944195,6.1,79.77999877929688,1321.800048828125,3.187999963760376,13.010000228881836,-0.78396,2.49,3.53,43.97,11.57,82.5,1.9228626526676562,3.365841732090935
2014-07-31,20410.810546875,25.82,,0.53,2.58,2.05,1.9742378703305976,6.2,81.45999908447266,1281.300048828125,3.2230000495910645,16.3799991607666,-0.74013,2.55,4.04,87.58,16.95,81.8,1.8449632290063356,3.9177888079901857
2014-08-31,21233.830078125,25.62,,0.48,2.35,1.87,1.7150983482969062,6.1,82.75,1285.800048828125,3.134999990463257,14.260000228881836,-0.72341,2.32,3.84,31.79,11.98,82.5,1.73639560289498,3.1253041765382905
2014-09-30,20760.4609375,25.92,,0.58,2.52,1.94,1.6840509711232077,5.9,85.94000244140625,1210.5,3.005500078201294,17.079999923706055,-0.6746,2.5,4.4,41.03,16.31,84.6,1.7409458883681284,2.89843352202952
2014-10-31,21256.740234375,25.16,,0.5,2.35,1.85,1.6095417021513292,5.7,86.87999725341797,1171.0999755859375,3.061000108718872,16.510000228881836,-0.64504,2.34,4.3,103.08,14.03,86.9,1.817632310436279,2.9919466037849007
2014-11-30,21731.1796875,26.61,,0.47,2.18,1.7100000000000002,1.231524989320798,5.8,88.36000061035156,1175.199951171875,2.859999895095825,15.93000030517578,-0.65006,2.16,4.67,41.6,13.33,88.8,1.7415947552462452,3.3861066751199598
2014-12-31,21669.859375,26.79,,0.67,2.17,1.5,0.6531213919623191,5.6,90.2699966430664,1183.9000244140625,2.8385000228881836,19.739999771118164,-0.57223,2.13,5.04,127.2,19.2,93.6,1.6224195046636636,3.170492700276073
2015-01-31,21060.439453125,26.49,137.688,0.47,1.68,1.21,-0.2299309782054281,5.7,94.8000030517578,1278.5,2.5280001163482666,21.81999969482422,-0.50506,1.66,5.26,82.5,20.97,98.1,1.631625565241701,2.7262407410550527
2015-02-28,22212.33984375,27.0,,0.63,2.0,1.37,-0.0870314629352053,5.5,95.25,1212.5999755859375,2.7160000801086426,16.889999389648438,-0.52499,1.98,4.46,70.02,13.34,95.4,1.6880834938713285,1.30473816054415
2015-03-31,21947.91015625,26.73,,0.56,1.94,1.38,-0.0220312844238734,5.4,98.36000061035156,1183.0999755859375,2.746999979019165,17.540000915527344,-0.53878,1.91,4.82,88.25,15.29,93.0,1.7453777073428434,-0.0027479483621140055
2015-04-30,22034.2890625,26.79,,0.58,2.05,1.4699999999999998,-0.1040309893939106,5.4,94.5999984741211,1182.4000244140625,2.8864998817443848,16.479999542236328,-0.54559,2.04,4.59,39.66,14.55,95.9,1.802827832894649,-0.6444572558062966
2015-05-31,22259.69921875,26.81,,0.61,2.12,1.5100000000000002,0.0350332182442958,5.6,96.91000366210938,1189.4000244140625,2.759500026702881,15.380000114440918,-0.54714,2.11,4.58,86.03,13.84,90.7,1.7509440952473199,-1.460487812501221
2015-06-30,21841.75,26.5,,0.64,2.35,1.71,0.1795718097550525,5.3,95.48999786376952,1171.5,2.623500108718872,18.469999313354492,-0.54002,2.34,5.0,122.02,18.23,96.1,1.7772676244655061,-2.106390227283794
2015-07-31,22180.080078125,26.38,,0.67,2.2,1.5300000000000002,0.2256861110409458,5.2,97.37000274658205,1094.9000244140625,2.367500066757202,14.899999618530272,-0.50016,2.12,5.36,29.32,12.12,93.1,1.8346312894897077,-1.6903126553953207
2015-08-31,20802.9609375,25.69,,0.74,2.21,1.47,0.2413037985344868,5.1,95.9499969482422,1131.5999755859375,2.3380000591278076,26.530000686645508,-0.41726,2.13,5.7,113.96,28.43,91.9,1.8506323273421277,-1.6854337113987983
2015-09-30,20119.279296875,24.5,,0.64,2.06,1.42,0.00884296163417,5.0,96.3499984741211,1115.5,2.3454999923706055,24.75,-0.40433,2.06,6.62,77.75,24.5,87.2,1.8970961446650891,-2.2407414414912674
2015-10-31,21648.509765625,25.49,,0.75,2.16,1.4100000000000001,0.127616560670507,5.0,96.9499969482422,1141.5,2.313499927520752,18.399999618530273,-0.46658,2.08,5.9,46.01,15.07,90.0,1.9135335359607986,-2.72506606749946
2015-11-30,21658.55078125,26.23,,0.94,2.21,1.27,0.4363182169185187,5.1,100.16999816894533,1065.800048828125,2.0445001125335693,18.489999771118164,-0.44361,1.99,6.4,61.99,16.13,91.3,1.9974275238246353,-4.033068306068888
2015-12-31,21167.859375,25.97,,1.06,2.27,1.21,0.6387247515364791,5.0,98.62999725341795,1060.300048828125,2.125499963760376,19.799999237060547,-0.36141,2.11,6.95,59.74,18.21,92.6,2.0715072792840905,-4.496144811599123
2016-01-31,19926.099609375,24.21,146.30700000000002,0.76,1.94,1.18,1.2375025026943876,4.8,99.61000061035156,1116.4000244140625,2.063999891281128,22.65999984741211,-0.2979,1.61,7.77,94.57,20.2,92.0,2.145022538582464,-3.236256019749162
2016-02-29,19864.01953125,24.0,,0.78,1.74,0.96,0.8472775790126619,4.9,98.20999908447266,1233.9000244140625,2.128499984741211,22.38999938964844,-0.31575,1.41,7.75,65.74,20.55,91.7,2.222573822094165,-3.1193297695960798
2016-03-31,21224.3203125,25.37,,0.73,1.78,1.05,0.8916160965521946,5.0,94.58999633789062,1234.199951171875,2.18149995803833,17.079999923706055,-0.37023,1.57,7.05,36.42,13.95,91.0,2.142426948557663,-3.515311400177057
2016-04-30,21377.58984375,25.92,,0.77,1.83,1.06,1.1726257503534845,5.1,93.08000183105467,1289.199951171875,2.2790000438690186,18.450000762939453,-0.38505,1.61,6.21,45.03,15.7,89.0,2.156654761214183,-2.6579036961380753
2016-05-31,21701.470703125,25.69,,0.87,1.84,0.9700000000000001,1.0784764621246223,4.8,95.88999938964844,1214.800048828125,2.0975000858306885,16.6299991607666,-0.37387,1.5,5.97,48.19,14.19,94.7,2.2545595974976074,-2.448153056399993
2016-06-30,21711.380859375,25.84,,0.58,1.49,0.91,1.0792865347959424,4.9,96.13999938964844,1318.4000244140625,2.194499969482422,18.09000015258789,-0.34768,1.23,6.21,96.08,15.63,93.5,2.2622116465067066,-1.678117946525337
2016-07-31,22547.919921875,26.69,,0.67,1.46,0.7899999999999999,0.8683633430518256,4.8,95.52999877929688,1349.0,2.2204999923706055,15.420000076293944,-0.35828,1.18,5.69,117.46,11.87,90.0,2.1701399624842965,-2.196738284260069
2016-08-31,22561.220703125,26.95,,0.8,1.58,0.78,1.0553158595656864,4.9,96.0199966430664,1306.9000244140625,2.069499969482422,16.139999389648438,-0.35337,1.25,5.1,45.98,13.42,89.8,2.3087345614186683,-2.164263084601936
2016-09-30,22576.669921875,26.73,,0.77,1.6,0.8300000000000001,1.5486446201652182,5.0,95.45999908447266,1313.300048828125,2.2019999027252197,16.3700008392334,-0.33801,1.31,4.97,34.93,13.29,91.2,2.271120682569183,-1.9939516469206886
2016-10-31,22072.490234375,26.53,,0.86,1.84,0.9800000000000001,1.685924966243646,4.9,98.4499969482422,1271.5,2.200500011444092,17.850000381469727,-0.37867,1.5,4.91,95.82,17.06,87.2,2.2045551507991146,-1.5023811304759715
2016-11-30,22991.0703125,26.85,,1.11,2.37,1.26,1.6843334719788938,4.7,101.5,1170.800048828125,2.621500015258789,16.100000381469727,-0.42903,1.89,4.67,63.67,13.33,93.8,2.1454219398053587,-1.1862778785850958
2016-12-31,23425.859375,27.87,,1.2,2.45,1.2500000000000002,2.0507989115119862,4.7,102.38999938964844,1150.0,2.497499942779541,16.540000915527344,-0.4667,1.94,4.22,127.18,14.04,98.2,2.197123661300271,-0.02049641716570516
2017-01-31,23847.2109375,28.06,164.894,1.19,2.45,1.2600000000000002,2.5103933482571117,4.7,99.51000213623048,1208.5999755859375,2.7214999198913574,14.479999542236328,-0.4866,1.93,4.0,139.29,11.99,98.5,2.2502092221020176,-0.8031281419274894
2017-02-28,24609.7890625,28.66,,1.22,2.36,1.14,2.8103616813294208,4.6,101.12000274658205,1252.5999755859375,2.7039999961853027,15.279999732971191,-0.48742,1.83,3.74,114.25,12.92,96.3,2.2353468290497336,-0.6864591168616152
2017-03-31,24624.720703125,29.09,,1.27,2.4,1.13,2.44119623655914,4.4,100.3499984741211,1247.300048828125,2.6465001106262207,13.600000381469728,-0.48039,1.64,3.92,221.37,12.37,96.9,2.045845481938735,0.7162067590550603
2017-04-30,24878.48046875,28.9,,1.28,2.29,1.01,2.176223471915395,4.4,99.0500030517578,1266.0999755859375,2.5964999198913574,12.93000030517578,-0.50738,1.49,3.81,224.35,10.82,97.0,1.8965650108902388,1.3993011097695573
2017-05-31,25041.33984375,29.31,,1.28,2.21,0.9299999999999999,1.8563431667619756,4.4,96.91999816894533,1272.0,2.5769999027252197,12.630000114440918,-0.54549,1.23,3.74,168.16,10.41,97.1,1.7370931912259246,1.7500792534729248
2017-06-30,25230.41015625,29.75,,1.38,2.31,0.9300000000000002,1.640565809959127,4.3,95.66000366210938,1240.699951171875,2.6989998817443848,13.140000343322754,-0.56927,1.28,3.77,111.89,11.18,95.0,1.6991193342490218,1.4803308546539107
2017-07-31,25685.189453125,30.0,,1.34,2.3,0.9599999999999997,1.7251073506566073,4.3,92.86000061035156,1266.5999755859375,2.888000011444092,12.470000267028809,-0.5774,1.23,3.61,80.96,10.26,93.4,1.6769627444729984,1.1187969195710634
2017-08-31,25657.9609375,29.91,,1.33,2.12,0.79,1.92812155729698,4.4,92.66999816894533,1316.199951171875,3.0789999961853027,13.800000190734863,-0.55964,1.11,3.85,43.34,10.59,96.8,1.6552412618799472,0.8523014668689877
2017-09-30,26233.33984375,30.17,,1.47,2.33,0.8600000000000001,2.1805652303711787,4.3,93.08000183105467,1281.5,2.9375,12.489999771118164,-0.56986,1.27,3.56,44.96,9.51,95.1,1.5953898457655935,1.0630336308315114
2017-10-31,26760.189453125,30.92,,1.6,2.38,0.7799999999999998,2.020757753132485,4.2,94.5500030517578,1267.0,3.0920000076293945,12.380000114440918,-0.59601,1.23,3.51,50.39,10.18,100.7,1.7596390813271245,2.2919955326540453
2017-11-30,27493.380859375,31.3,,1.78,2.42,0.6399999999999999,2.172493864295566,4.2,93.01000213623048,1273.199951171875,3.0369999408721924,13.039999961853027,-0.60442,1.15,3.61,101.48,11.28,98.5,1.7376072726981162,2.9662701539719283
2017-12-31,27794.169921875,32.09,,1.89,2.4,0.51,2.129930719552253,4.1,92.12000274658205,1306.300048828125,3.2795000076293945,13.09000015258789,-0.61689,1.01,3.63,174.9,11.04,95.9,1.770166453265043,2.467143465957866
2018-01-31,29237.48046875,33.31,148.273,2.14,2.72,0.5800000000000001,2.151318868063945,4.0,89.12999725341797,1339.0,3.184000015258789,14.899999618530272,-0.60729,1.26,3.29,71.84,13.54,95.7,1.8912671130328462,2.7352874765469437
2018-02-28,28117.01953125,32.04,,2.25,2.87,0.6200000000000001,2.263468931091861,4.1,90.61000061035156,1315.5,3.1075000762939453,19.88999938964844,-0.54544,1.22,3.47,46.68,19.85,99.7,1.87770420481439,3.3994953469032696
2018-03-31,27410.720703125,31.81,,2.27,2.74,0.4700000000000002,2.3309497646499366,4.0,90.1500015258789,1322.800048828125,3.0190000534057617,20.549999237060547,-0.49822,1.01,3.72,67.64,19.97,101.4,2.1227843662331214,3.224806264183644
2018-04-30,27520.94921875,30.97,,2.49,2.95,0.45999999999999996,2.4709963021052994,4.0,91.83999633789062,1316.199951171875,3.052500009536743,17.34000015258789,-0.53976,1.08,3.46,86.67,15.93,98.8,2.150644636125887,3.309758614070435
2018-05-31,28218.4609375,31.24,,2.4,2.83,0.43000000000000016,2.781921607842497,3.8,93.98999786376952,1300.0999755859375,3.058000087738037,16.329999923706055,-0.5654,0.9,3.63,77.32,15.43,98.0,2.272998448872432,2.2584201444366236
2018-06-30,28394.130859375,31.63,,2.52,2.85,0.33000000000000007,2.8075506935940187,4.0,94.62999725341795,1251.300048828125,2.950999975204468,17.139999389648438,-0.53898,0.92,3.71,114.66,16.09,98.2,2.245517307127032,2.8410387544831828
2018-07-31,29295.75,31.89,,2.67,2.96,0.29000000000000004,2.854124785561929,3.8,94.48999786376952,1223.699951171875,2.819000005722046,14.869999885559082,-0.56275,0.93,3.46,91.35,12.83,97.9,2.267595293370639,3.2543243815604805
2018-08-31,30274.529296875,32.39,,2.62,2.86,0.23999999999999977,2.6429238568742575,3.8,95.13999938964844,1200.300048828125,2.6489999294281006,15.149999618530272,-0.59791,0.75,3.49,121.46,12.86,96.2,2.1208941334864617,4.353587280888749
2018-09-30,30259.8203125,32.62,,2.81,3.05,0.23999999999999977,2.332055105808828,3.7,95.19000244140624,1191.5,2.7869999408721924,14.770000457763672,-0.59331,0.86,3.28,83.77,12.12,100.1,2.1976804898501623,4.313826088176409
2018-10-31,27980.900390625,31.04,,2.87,3.15,0.2799999999999998,2.492032470218053,3.8,97.12999725341795,1212.300048828125,2.6635000705718994,21.149999618530273,-0.55192,0.81,3.81,79.07,21.23,98.6,2.126409125691242,2.930867401734427
2018-11-30,28448.869140625,30.2,,2.8,3.01,0.20999999999999996,2.147328577667773,3.8,97.2699966430664,1220.199951171875,2.7774999141693115,18.88999938964844,-0.46063,0.64,4.29,136.43,18.07,97.5,2.2153843729315836,2.7666629800210174
2018-12-31,25749.720703125,28.29,,2.48,2.69,0.20999999999999996,2.0023809043401064,3.9,96.16999816894533,1278.300048828125,2.628000020980835,23.729999542236328,-0.42584,0.24,5.33,149.82,25.42,98.3,2.2485295505299874,2.5912536810940523
2019-01-31,27992.41015625,28.38,158.572,2.45,2.63,0.17999999999999972,1.4875893578291333,4.0,95.58000183105467,1319.699951171875,2.7890000343322754,17.8799991607666,-0.50638,0.22,4.37,126.24,16.57,91.2,2.1794329242488475,1.9116422323518512
2019-02-28,28903.30078125,29.54,,2.52,2.73,0.20999999999999996,1.5188615351321877,3.8,96.16000366210938,1312.800048828125,2.950000047683716,16.100000381469727,-0.58155,0.28,3.92,125.24,14.78,93.8,2.1410889637129227,1.1096417703535089
2019-03-31,29266.91015625,29.58,,2.27,2.41,0.14000000000000012,1.8831863513063984,3.8,97.27999877929688,1293.0,2.936000108718872,15.800000190734863,-0.60646,0.01,4.05,134.75,13.71,98.4,2.06656235001228,0.6545559146318158
2019-04-30,30410.01953125,30.13,,2.27,2.51,0.23999999999999977,2.000583470209061,3.7,97.4800033569336,1282.800048828125,2.9014999866485596,15.229999542236328,-0.61473,0.08,3.73,75.34,13.12,97.2,2.0913377235709074,-1.0247462328067725
2019-05-31,28369.390625,29.24,,1.95,2.14,0.19000000000000017,1.7959105553606136,3.6,97.75,1305.800048828125,2.6459999084472656,18.829999923706055,-0.58064,-0.21,4.59,94.35,18.71,100.0,1.97242800754438,-0.010156011968476264
2019-06-30,30268.05078125,29.28,,1.75,2.0,0.25,1.671194894390049,3.6,96.12999725341795,1409.699951171875,2.7054998874664307,16.059999465942383,-0.57523,-0.12,4.07,114.41,15.08,98.2,2.0746001344216447,-0.7369328862962377
2019-07-31,30684.8203125,29.99,,1.89,2.02,0.13000000000000012,1.826331335037068,3.7,98.5199966430664,1426.0999755859375,2.6579999923706055,16.90999984741211,-0.5776,-0.06,3.93,103.01,16.12,98.4,2.1657049503490455,-1.3774541767684445
2019-08-31,29925.349609375,28.71,,1.5,1.5,0.0,1.7376412106666406,3.6,98.91999816894533,1519.0999755859375,2.5329999923706055,19.540000915527344,-0.52763,-0.49,4.13,135.02,18.98,89.8,2.321135673598529,-1.3396749291328724
2019-09-30,30351.919921875,29.23,,1.63,1.68,0.050000000000000044,1.6844977040391562,3.5,99.37999725341795,1465.699951171875,2.564500093460083,17.959999084472656,-0.51144,-0.2,4.02,113.0,16.24,93.2,2.3300099083477743,-1.7374573008364869
2019-10-31,30945.630859375,28.84,,1.52,1.69,0.16999999999999993,1.7339736996186297,3.6,97.3499984741211,1511.4000244140625,2.632999897003174,16.049999237060547,-0.54986,0.15,4.15,133.29,13.22,95.5,2.3378148209658223,-2.4594751580988228
2019-11-30,32025.859375,29.84,,1.61,1.78,0.16999999999999993,2.092290394862917,3.6,98.2699966430664,1465.5999755859375,2.6419999599456787,15.510000228881836,-0.57065,0.19,4.02,41.19,12.62,96.8,2.3546960942649298,-2.047601522464615
2019-12-31,32886.73828125,30.33,,1.58,1.92,0.33999999999999986,2.3195274699624457,3.6,96.38999938964844,1519.5,2.7939999103546143,15.869999885559082,-0.55467,0.37,3.6,105.75,13.78,99.3,2.2905988164406255,-2.2991807373363926
2020-01-31,32838.19140625,30.99,194.889,1.33,1.51,0.17999999999999994,2.599767976845202,3.6,97.38999938964844,1582.9000244140625,2.5199999809265137,18.6299991607666,-0.62071,-0.04,4.03,122.2,18.84,99.8,2.2817391837892886,-2.290379015513233
2020-02-29,30125.0703125,30.73,,0.86,1.13,0.2699999999999999,2.3413166797595197,3.5,98.12999725341795,1564.0999755859375,2.5460000038146973,29.850000381469727,-0.29661,-0.14,5.06,225.32,40.11,101.0,2.3676613601035346,-1.4232217750208775
2020-03-31,25899.9296875,24.82,,0.23,0.7,0.47,1.4940399642909163,4.4,99.0500030517578,1583.4000244140625,2.240000009536743,48.31999969482422,0.27064,0.59,8.77,516.55,53.54,89.1,2.097741687598198,-5.315054964389065
2020-04-30,29365.490234375,25.93,,0.2,0.64,0.44,0.3130472940411133,14.8,99.0199966430664,1684.199951171875,2.3540000915527344,35.04999923706055,0.16089,0.55,7.63,440.07,34.15,71.8,1.4309324152566472,-17.318282261376304
2020-05-31,30927.0390625,27.33,,0.16,0.65,0.49,0.1982013035848551,13.2,98.33999633789062,1736.9000244140625,2.426500082015991,30.270000457763672,-0.26895,0.51,6.54,557.19,27.51,72.3,1.2184564692601985,-16.047738104539413
2020-06-30,31630.509765625,28.84,,0.16,0.66,0.5,0.7166562831830481,11.0,97.38999938964844,1793.0,2.7135000228881836,32.52000045776367,-0.3862,0.5,6.44,292.37,30.43,78.1,1.1836841884912408,-10.586064673581452
2020-07-31,33393.390625,29.6,,0.11,0.55,0.44000000000000006,0.9968647625897996,10.2,93.48999786376952,1962.800048828125,2.8589999675750732,29.709999084472656,-0.47685,0.46,5.16,384.08,24.46,72.5,1.560695837131587,-6.783544959427434
2020-08-31,35807.66015625,31.16,,0.14,0.72,0.58,1.2810698495523851,8.4,92.13999938964844,1967.5999755859375,3.0409998893737793,31.850000381469727,-0.50894,0.61,5.02,169.1,26.41,74.1,1.7223933878284248,-6.512241935326724
2020-09-30,34480.26953125,30.84,,0.13,0.69,0.5599999999999999,1.3910228912373812,7.8,93.88999938964844,1887.5,3.0285000801086426,31.63999938964844,-0.493,0.59,5.41,207.77,26.37,80.4,1.7190644053436621,-6.183101854793705
2020-10-31,33724.80859375,31.28,,0.14,0.88,0.74,1.2303863428671624,6.9,94.04000091552734,1877.4000244140625,3.0434999465942383,36.27000045776367,-0.50699,0.79,5.32,186.36,38.02,81.8,1.6364116692455521,-4.622683457542831
2020-11-30,37839.6484375,32.47,,0.16,0.84,0.6799999999999999,1.1757452138405844,6.7,91.87000274658205,1775.699951171875,3.4205000400543213,24.329999923706055,-0.5678,0.76,4.33,156.15,20.57,76.9,1.6693780408814973,-4.763324870606622
2020-12-31,39456.66015625,33.77,,0.13,0.93,0.8,1.3204191315779434,6.7,89.94000244140625,1893.0999755859375,3.513999938964844,25.280000686645508,-0.60439,0.84,3.86,307.12,22.75,80.7,1.624313961356294,-3.28150457766595
2021-01-31,39396.171875,34.51,,0.11,1.11,1.0,1.3738437137002402,6.4,90.58000183105467,1847.300048828125,3.573499917984009,33.880001068115234,-0.61938,1.05,3.84,199.79,33.09,79.0,1.3763703714812836,-2.1295843569181794
2021-02-28,40508.6796875,35.1,,0.14,1.44,1.2999999999999998,1.6698167791706853,6.2,90.93000030517578,1728.0999755859375,4.0945000648498535,29.600000381469727,-0.62734,1.4,3.57,194.65,27.95,76.8,1.280248344990098,-5.680577271180343
2021-03-31,41741.87109375,35.04,,0.16,1.74,1.58,2.6678187820641908,6.1,93.2300033569336,1713.800048828125,4.002999782562256,22.149999618530273,-0.64869,1.71,3.36,136.03,19.4,84.9,1.6494791315614155,1.0038210492383515
2021-04-30,43870.08984375,36.72,,0.16,1.65,1.49,4.133077115360573,6.1,91.27999877929688,1767.300048828125,4.479000091552734,22.06999969482422,-0.68186,1.64,3.28,125.83,18.61,88.3,2.9780316542864504,16.55213518144698
2021-05-31,43966.359375,36.55,,0.14,1.58,1.44,4.918257089467626,5.8,90.02999877929688,1902.5,4.682499885559082,20.479999542236328,-0.69339,1.57,3.34,74.69,16.76,82.9,3.7876961101984907,15.673379835366053
2021-06-30,45113.859375,36.7,,0.25,1.45,1.2,5.295632620349999,5.9,92.44000244140624,1770.800048828125,4.296500205993652,19.510000228881836,-0.68648,1.4,3.04,133.65,15.83,85.5,4.439362194328367,8.958396565691418
2021-07-31,45708.0,37.44,,0.19,1.24,1.05,5.245169381309234,5.4,92.16999816894533,1812.5999755859375,4.480500221252441,22.18000030517578,-0.65571,1.18,3.32,116.35,18.24,81.2,4.210719214328185,5.4998863464161385
2021-08-31,46979.62890625,37.97,,0.2,1.3,1.1,5.152015301793966,5.1,92.62999725341795,1815.0,4.360000133514404,20.420000076293945,-0.64735,1.26,3.21,166.77,16.48,70.3,3.9396919775577244,4.261168528131454
2021-09-30,44850.03125,37.62,,0.28,1.52,1.24,5.351215590949132,4.7,94.25,1755.300048828125,4.090000152587891,23.8700008392334,-0.65373,1.48,3.15,142.53,23.14,72.8,4.002855729865806,3.0124970172007215
2021-10-31,47795.08984375,37.25,,0.48,1.55,1.07,6.235042390298062,4.5,94.12000274658205,1783.0,4.375500202178955,20.3700008392334,-0.62217,1.5,3.15,97.73,16.26,71.7,4.590317334184912,3.5628709708763973
2021-11-30,46936.078125,38.58,,0.52,1.43,0.9099999999999999,6.901970403700863,4.1,95.98999786376952,1773.5999755859375,4.2779998779296875,28.1299991607666,-0.55136,1.38,3.67,117.24,27.19,67.4,4.972572143965692,3.897545981936834
2021-12-31,48461.16015625,38.31,,0.73,1.52,0.79,7.174340285065539,3.9,95.66999816894533,1827.5,4.454999923706055,21.8799991607666,-0.55641,1.46,3.1,132.09,17.22,70.6,5.488993530393094,2.2463731281071153
2022-01-31,45416.46875,36.94,,1.18,1.79,0.6100000000000001,7.558805726967832,4.0,96.54000091552734,1795.0,4.317999839782715,26.850000381469727,-0.54187,1.57,3.63,184.81,24.83,67.2,6.05428515424189,1.3181341030033655
2022-02-28,44259.2109375,35.29,,1.44,1.83,0.3900000000000001,7.937278766517819,3.9,96.70999908447266,1899.4000244140625,4.444499969482422,29.649999618530273,-0.43861,1.48,3.77,167.06,30.15,62.8,6.4551151617656455,5.429593086433182
2022-03-31,45606.671875,34.27,,2.28,2.32,0.040000000000000036,8.572204966013853,3.7,98.30999755859376,1949.199951171875,4.743000030517578,24.459999084472656,-0.3728,1.8,3.43,81.85,20.56,59.4,6.482378554404167,3.0544104015221674
2022-04-30,41343.96875,33.89,,2.7,2.89,0.18999999999999995,8.231750770777225,3.7,102.95999908447266,1909.300048828125,4.394999980926514,33.18000030517578,-0.33611,2.04,3.97,281.5,33.4,65.2,6.158737119052837,2.923435475508507
2022-05-31,41084.8984375,30.67,,2.53,2.85,0.3200000000000003,8.538171195642065,3.6,101.75,1842.699951171875,4.295000076293945,27.989999771118164,-0.25937,1.69,4.22,72.9,26.19,58.4,6.0254478790408905,1.9110298059100916
2022-06-30,37564.23046875,29.05,,2.92,2.98,0.06000000000000005,8.979361103105798,3.6,104.69000244140624,1804.0999755859375,3.714499950408935,29.709999084472656,-0.17235,1.26,5.87,158.37,28.71,50.0,5.906335651591377,1.2217594016755706
2022-07-31,41119.578125,29.0,,2.89,2.67,-0.2200000000000002,8.462576727730099,3.5,105.9000015258789,1762.9000244140625,3.5840001106262207,23.790000915527344,-0.21998,0.26,4.83,118.84,21.33,51.5,5.899916740834321,0.968659945597028
2022-08-31,39560.859375,30.7,,3.45,3.15,-0.30000000000000027,8.222579178218826,3.6,108.6999969482422,1712.800048828125,3.5185000896453857,26.649999618530273,-0.2258,0.19,5.03,126.46,25.87,58.2,6.286089097732228,1.0521402147261716
2022-09-30,35836.921875,28.23,,4.22,3.83,-0.3899999999999997,8.192106896425821,3.5,112.12000274658205,1662.4000244140625,3.441999912261963,31.86000061035156,-0.10778,0.5,5.43,192.84,31.62,58.6,6.624287624509306,2.462018715752601
2022-10-31,38702.5,27.08,,4.51,4.1,-0.41000000000000014,7.758813957693,3.6,111.52999877929688,1635.9000244140625,3.4135000705718994,26.920000076293945,-0.12745,-0.12,4.63,161.13,25.88,59.9,6.294999786983246,1.0648183730078253
2022-11-30,40552.421875,28.38,,4.38,3.68,-0.6999999999999997,7.122856456533988,3.6,105.9499969482422,1746.0,3.7295000553131104,23.530000686645508,-0.18271,-0.69,4.55,89.9,20.58,56.7,5.969880665899807,0.08902953837490735
2022-12-31,38073.94140625,28.32,,4.41,3.88,-0.5300000000000002,6.404600402357152,3.5,103.5199966430664,1819.699951171875,3.805500030517578,24.290000915527344,-0.22479,-0.54,4.81,162.78,21.67,59.8,5.685531944736666,-0.8016099812473643
2023-01-31,40724.9609375,28.34,,4.21,3.52,-0.69,6.327178517960097,3.5,102.0999984741211,1929.5,4.228499889373779,20.809999465942383,-0.30933,-1.18,4.3,158.19,19.4,64.9,5.539533472591773,0.3188082918103907
2023-02-28,39704.37890625,28.92,,4.81,3.92,-0.8899999999999997,5.957820738137087,3.6,104.87000274658205,1828.9000244140625,4.097499847412109,21.31999969482422,-0.2727,-0.96,4.22,88.38,20.7,66.9,5.498260329618088,-0.1634816837026265
2023-03-31,40708.41015625,27.94,,4.06,3.48,-0.5799999999999996,4.917719362889961,3.5,102.51000213623048,1969.0,4.104499816894531,21.229999542236328,-0.15505,-1.37,4.58,144.99,18.7,62.0,5.566741392671326,-0.36512224493961964
2023-04-30,41064.05078125,28.77,,4.04,3.44,-0.6000000000000001,4.950079879124369,3.4,101.66999816894533,1990.0999755859375,3.869999885559082,19.540000915527344,-0.19357,-1.66,4.53,209.08,15.78,63.7,5.514364195873522,-0.1843454258675048
2023-05-31,42053.1796875,28.76,,4.4,3.64,-0.7600000000000002,4.131851231385042,3.6,104.31999969482422,1963.9000244140625,3.63100004196167,20.209999084472656,-0.21492,-1.88,4.69,264.79,17.94,59.0,5.337547036084689,-0.39957171123073953
2023-06-30,44883.609375,29.94,,4.87,3.81,-1.06,3.070617072997095,3.6,102.91000366210938,1921.0999755859375,3.740999937057495,16.020000457763672,-0.22992,-1.62,4.05,96.85,13.59,64.2,4.853596327155252,-0.8893464531073647
2023-07-31,46450.21875,30.89,,4.88,3.97,-0.9099999999999997,3.287749268428297,3.5,101.86000061035156,1970.5,3.994499921798706,16.010000228881836,-0.28248,-1.58,3.79,81.19,13.63,71.5,4.700970557935236,-0.31247838929887584
2023-08-31,45468.4296875,30.09,,4.85,4.09,-0.7599999999999998,3.722504803505289,3.7,103.62000274658205,1938.199951171875,3.7725000381469727,15.920000076293944,-0.33697,-1.47,3.85,167.14,13.57,69.4,4.399143440066089,-0.25421306219911566
2023-09-30,43249.30078125,29.8,,5.03,4.59,-0.4400000000000004,3.687206638119256,3.7,106.16999816894533,1848.0999755859375,3.7260000705718994,18.510000228881836,-0.3161,-0.96,4.03,113.8,17.52,67.8,4.128747996485882,-0.2672476942852109
2023-10-31,42059.94921875,28.7,,5.07,4.88,-0.1900000000000004,3.2512659098611785,3.9,106.66000366210938,1985.199951171875,3.6414999961853023,19.489999771118164,-0.28855,-0.71,4.42,42.38,18.14,63.8,4.027401561127464,-0.7742988102069082
2023-11-30,45900.8984375,30.01,,4.73,4.37,-0.3600000000000003,3.133346274591186,3.7,103.5,2038.0999755859375,3.8289999961853023,15.4399995803833,-0.32346,-1.08,3.84,147.72,12.92,61.3,4.017980521102138,-0.09043615385835313
2023-12-31,48295.37890625,31.45,,4.23,3.88,-0.35000000000000053,3.3159099427102934,3.8,101.33000183105467,2062.39990234375,3.880500078201294,15.260000228881836,-0.36902,-1.52,3.39,221.29,12.45,69.7,3.9154727698627045,0.8386591076755323
2024-01-31,48769.87109375,31.97,,4.27,3.99,-0.27999999999999936,3.0883429864855705,3.7,103.2699966430664,2048.39990234375,3.902499914169311,15.960000038146973,-0.39888,-1.43,3.59,81.76,14.35,79.0,3.8583540949372663,-1.2762549126908995
2024-02-29,51321.23046875,33.04,,4.64,4.25,-0.3899999999999997,3.157074141648697,3.9,104.16000366210938,2045.699951171875,3.8345000743865967,14.93000030517578,-0.42845,-1.2,3.29,105.86,13.4,76.9,3.7619647313751337,-0.3543266402759926
2024-03-31,52915.8203125,33.76,,4.59,4.2,-0.3899999999999997,3.4868349120836584,3.9,104.5500030517578,2217.39990234375,4.003499984741211,15.1899995803833,-0.43342,-1.26,3.15,89.56,13.01,79.4,3.8161935067360986,-0.557312624665296
2024-04-30,50572.37890625,33.03,,5.04,4.69,-0.34999999999999964,3.360795126219674,3.9,106.22000122070312,2291.39990234375,4.564499855041504,16.59000015258789,-0.41474,-0.77,3.18,111.88,15.65,77.2,3.6260251717590952,-0.9971062585799939
2024-05-31,52875.51953125,33.78,,4.89,4.51,-0.3799999999999999,3.244278584003113,3.9,104.66999816894533,2322.89990234375,4.610000133514404,14.65999984741211,-0.41142,-0.95,3.2,72.4,12.92,69.1,3.394419668976645,-0.06499644303002983
2024-06-30,54470.66015625,34.81,,4.71,4.36,-0.34999999999999964,2.9702579486470926,4.1,105.87000274658205,2327.699951171875,4.390500068664551,14.520000457763672,-0.38414,-1.12,3.21,130.99,12.44,68.2,3.2654173234475614,0.7734749239909133
2024-07-31,55429.83984375,35.48,,4.29,4.09,-0.20000000000000018,2.941475793558302,4.2,104.0999984741211,2426.5,4.159999847412109,16.969999313354492,-0.36484,-1.32,3.25,53.04,16.36,66.4,3.2301916105644812,-0.9226344732312097
2024-08-31,56554.44140625,35.08,,3.91,3.91,0.0,2.607144490692037,4.2,101.6999969482422,2493.800048828125,4.144999980926514,17.43000030517578,-0.39428,-1.3,3.17,66.18,15.0,67.9,3.2850959364300047,-0.4050008280501727
2024-09-30,57636.94140625,35.7,,3.66,3.81,0.1499999999999999,2.4264830315416708,4.1,100.77999877929688,2636.10009765625,4.495999813079834,19.219999313354492,-0.42978,-0.92,3.03,116.24,16.73,70.1,3.2823574494668994,-1.2004422838397089
2024-10-31,57178.6796875,36.59,,4.16,4.28,0.1200000000000001,2.578844053871343,4.1,103.9800033569336,2738.300048828125,4.313499927520752,22.63999938964844,-0.4464,-0.36,2.88,107.64,23.16,70.5,3.298689706765301,-0.9947356843759692
2024-11-30,60880.73828125,37.36,,4.13,4.18,0.04999999999999982,2.719472461284833,4.2,105.73999786376952,2657.0,4.08050012588501,16.260000228881836,-0.47634,-0.4,2.74,123.13,13.51,71.8,3.2859356193500444,-1.5579409481489392
2024-12-31,58970.01953125,37.72,,4.25,4.58,0.33000000000000007,2.870690967509981,4.1,108.48999786376952,2629.199951171875,3.986000061035156,18.979999542236328,-0.48542,0.21,2.92,109.44,17.35,74.0,3.2133335461932644,-0.2741466217243804
2025-01-31,60775.19921875,37.14,,4.22,4.58,0.3600000000000003,2.9909783078999608,4.0,108.37000274658205,2812.5,4.26200008392334,18.43000030517578,-0.50967,0.27,2.68,495.78,16.43,71.7,3.282970485398584,0.849002693950851
2025-02-28,59524.46875,37.19,,3.99,4.24,0.25,2.8015834477613355,4.2,107.61000061035156,2836.800048828125,4.514500141143799,20.18000030517578,-0.48147,-0.08,2.87,345.22,19.63,64.7,3.13755688228059,0.8119858403550007
2025-03-31,55933.390625,34.79,,3.89,4.23,0.3400000000000003,2.381981462805549,4.2,104.20999908447266,3122.800048828125,5.019999980926514,21.969999313354492,-0.4119,-0.09,3.55,426.16,22.28,57.0,2.808783050077035,0.5802453773984029
2025-04-30,55521.828125,32.63,,3.6,4.17,0.5699999999999998,2.32538823025783,4.2,99.47000122070312,3305.0,4.559999942779541,25.540000915527344,-0.39309,-0.14,3.94,433.1,24.7,52.2,2.7760200724699313,0.8823523543694645
2025-05-31,58996.7890625,35.08,,3.89,4.41,0.52,2.3772651073680873,4.3,99.33000183105467,3288.89990234375,4.652500152587891,21.3799991607666,-0.4676,0.05,3.32,389.5,18.57,52.2,2.7658403935930886,0.10162299356553106
2025-06-30,61940.58984375,36.12,,3.72,4.24,0.52,2.680453865910226,4.1,96.87999725341795,3294.39990234375,5.03000020980835,19.440000534057617,-0.49747,-0.17,2.96,511.44,16.73,60.7,2.910895442696071,0.5793208714095943
2025-07-31,63290.8984375,37.48,,3.94,4.37,0.43000000000000016,2.742618052167134,4.3,100.02999877929688,3293.199951171875,4.33050012588501,19.13999938964844,-0.52017,-0.04,2.86,378.15,16.72,61.7,3.0544930080893096,1.9187662602012212
2025-08-31,64683.390625,37.85,,3.59,4.23,0.6400000000000006,2.9385917430316155,4.3,97.7699966430664,3473.699951171875,4.518499851226807,18.350000381469727,-0.52925,0.0,2.84,326.52,15.36,58.2,3.111806098514469,1.1886779865559305
2025-09-30,66847.84375,38.59,,3.6,4.16,0.56,3.0225715847133294,4.4,97.7699966430664,3840.800048828125,4.804999828338623,18.770000457763672,-0.52708,0.14,2.8,406.64,16.28,55.1,3.0199668258857892,1.8631698334008018
2025-10-31,68237.109375,39.31,,3.6,4.11,0.5100000000000002,,,99.8000030517578,3982.199951171875,5.065499782562256,20.489999771118164,-0.51262,0.22,2.94,439.77,17.44,53.6,,1.7593332629600056
2025-11-30,68336.328125,39.28,,3.47,4.02,0.5499999999999994,2.6964439164939513,4.5,99.45999908447266,4218.2998046875,5.185500144958496,19.63999938964844,-0.50902,0.14,2.92,321.03,16.35,51.0,2.5990448060944082,1.801243799884178
2025-12-31,68208.6796875,39.84,,3.47,4.18,0.7099999999999995,2.653304114557753,4.4,98.27999877929688,4325.60009765625,5.630000114440918,18.18000030517578,-0.53609,0.51,2.81,307.63,14.95,52.9,2.6464847073089937,1.2798111780143673
2026-01-31,69262.9921875,40.03,,3.52,4.26,0.7399999999999998,2.391201432150014,4.3,96.98999786376952,4713.89990234375,5.896999835968018,20.06999969482422,-0.55938,0.59,2.88,239.36,17.44,56.4,2.512028782828879,1.52971027745048
2026-02-28,68850.0234375,39.72,,3.38,3.97,0.5900000000000003,2.4340041103732224,4.4,97.61000061035156,5230.5,6.004499912261963,21.559999465942383,-0.51349,0.3,3.12,150.05,19.86,56.6,2.4724624767640258,1.2311657944219068
2026-03-31,65362.51953125,39.2,,3.79,4.3,0.5099999999999998,,4.3,99.95999908447266,4647.60009765625,5.587500095367432,25.549999237060547,-0.43366,0.6,3.28,383.38,25.25,53.3,2.602167705486824,0.7416835246099485
2026-04-30,67945.4921875,39.14,,3.81,4.33,0.52,,,99.0019989013672,4764.60009765625,5.767000198364258,21.90999984741211,-0.43366,0.62,3.05,387.0,24.17,53.3,,
