report_date,lev_funds_net_pct_oi,asset_mgr_net_pct_oi,dealer_net_pct_oi,open_interest,usable_date
2006-06-13,-8.018534701160988,9.854723386964515,-19.351040679899445,2042655,2006-06-19
2006-06-20,-17.94732489934079,18.665347728309005,-20.996236388787995,1293970,2006-06-26
2006-06-27,-18.78793944316349,17.250460951002545,-16.850444014180738,1298945,2006-07-03
2006-07-03,-16.372326606025084,17.55196322181356,-18.069100184686413,1332529,2006-07-09
2006-07-11,-18.267420802701206,18.06245049587791,-15.224251348929224,1344585,2006-07-17
2006-07-18,-21.601843512364187,15.744102926590129,-9.388716609852587,1403408,2006-07-24
2006-07-25,-19.511742237966544,17.689298163919872,-11.358542624998368,1378698,2006-07-31
2006-08-01,-20.87063374279051,16.85329491156792,-8.018452254754765,1386714,2006-08-07
2006-08-08,-22.405506863110322,16.596527712392078,-7.93805120143662,1465662,2006-08-14
2006-08-15,-19.301297552246353,17.358794317512796,-14.09824941874582,1503215,2006-08-21
2006-08-22,-20.235358574875015,18.151387225200708,-13.992942085560736,1547766,2006-08-28
2006-08-29,-17.284494584312647,17.907548331548544,-17.82037390810716,1581886,2006-09-04
2006-09-05,-18.793745381850705,18.785375920341856,-15.954525128710362,1672748,2006-09-11
2006-09-12,-15.71910572319937,16.522571611305672,-13.775123635158925,1998218,2006-09-18
2006-09-19,-16.282001923451535,30.801453479008455,-31.42166689930102,1303906,2006-09-25
2006-09-26,-11.38594831672617,28.362924214342677,-33.59321775186791,1428199,2006-10-02
2006-10-03,-8.738491169541367,26.856012794276968,-35.340269298894256,1453775,2006-10-09
2006-10-10,-7.82663103730277,26.180511734076518,-37.094183457426865,1499138,2006-10-16
2006-10-17,-5.88170709861423,25.136679736984203,-36.6317746760297,1557473,2006-10-23
2006-10-24,-4.766731698778211,23.456625361033744,-34.762529337386304,1610999,2006-10-30
2006-10-31,-0.8773972145927691,19.58418975207814,-34.99239075734701,1649310,2006-11-06
2006-11-07,-1.747823541158473,19.46498491691491,-34.86775718854357,1697597,2006-11-13
2006-11-14,-0.2857034368409001,19.162381498660082,-36.137572590880275,1738166,2006-11-20
2006-11-21,1.113868386668974,20.418810929115992,-36.94347883795676,1785579,2006-11-27
2006-11-28,1.5314573197700132,20.997899159663866,-35.12284387439186,1808800,2006-12-04
2006-12-05,-1.7150534976193548,22.386629443544223,-32.43412001755474,1961863,2006-12-11
2006-12-12,-2.134240577881468,19.766484737882823,-29.61629822206603,2361730,2006-12-18
2006-12-19,-0.1611364204192072,27.259032942264653,-36.129310482306224,1504936,2006-12-25
2006-12-26,-1.1433224624498022,27.682353588801334,-38.33597609032187,1489606,2007-01-01
2007-01-03,1.376810830604519,23.158346746893365,-36.72255137766702,1518364,2007-01-09
2007-01-09,2.9417500175126707,23.44173518696275,-36.213426128399746,1584567,2007-01-15
2007-01-16,3.503573433682837,22.151829203526393,-35.98251976389542,1647575,2007-01-22
2007-01-23,-0.7336183790836168,21.42582543330518,-31.080779114371904,1664762,2007-01-29
2007-01-30,-6.2154053307761,22.83192763398668,-26.865079816689057,1669513,2007-02-05
2007-02-06,-3.722033336673991,22.258396588589896,-25.14119106225383,1726207,2007-02-12
2007-02-13,-4.54595928439235,20.999214850541193,-25.353821995401265,1783100,2007-02-19
2007-02-20,-4.044258835132791,21.405641092018882,-26.016801113370608,1869638,2007-02-26
2007-02-27,-8.100190288982079,20.975098957248274,-21.508386570721413,2006422,2007-03-05
2007-03-06,-11.672689755862638,20.151492511033343,-13.183807804286563,2101358,2007-03-12
2007-03-13,-13.685289234405548,15.712835509354987,-4.548035247439827,2700111,2007-03-19
2007-03-20,-25.44157840994041,24.5308892646334,-11.820505745825345,1696188,2007-03-26
2007-03-27,-26.81420146884026,25.319866093217954,-13.877037743107993,1741510,2007-04-02
2007-04-03,-25.738994658821486,24.020308111664733,-12.695718252166168,1873931,2007-04-09
2007-04-10,-24.23098016877078,24.0195000463656,-13.359280405897705,1887175,2007-04-16
2007-04-17,-23.19539664979087,23.2543625513574,-9.767930363686464,1945192,2007-04-23
2007-04-24,-22.30272450581331,23.966562101586163,-10.973781759493765,2035415,2007-04-30
2007-05-01,-17.463283789897314,23.0041438334522,-15.385147802745102,1993806,2007-05-07
2007-05-08,-18.04178922538904,23.876157056419586,-16.94489799678422,2008221,2007-05-14
2007-05-15,-17.45651505517894,25.512660161213454,-19.105763863391452,2010006,2007-05-21
2007-05-22,-19.241791738220414,23.925027869519283,-12.939231259396852,2160963,2007-05-28
2007-05-29,-21.610414232590646,24.88263038808431,-10.83685862522932,2200527,2007-06-04
2007-06-05,-20.866661621860754,23.45789014574777,-7.352582871331672,2405114,2007-06-11
2007-06-12,-18.39967457831822,19.420426500899175,-2.8174556301934848,2861518,2007-06-18
2007-06-19,-15.567655625528895,33.680213744425814,-18.603751937296565,1577585,2007-06-25
2007-06-26,-15.716725585290794,32.18746348019166,-18.697776674068013,1642944,2007-07-02
2007-07-03,-20.384227902049727,31.234119625365143,-9.685824767087839,1619924,2007-07-09
2007-07-10,-21.877302873986736,31.125228801673522,-4.396260726935602,1682680,2007-07-16
2007-07-17,-22.73633398764197,30.294450636320537,-4.895152965451682,1702051,2007-07-23
2007-07-24,-23.478256004252284,32.10675469639535,-3.969562602285602,1787275,2007-07-30
2007-07-31,-21.715165712433997,25.661767044069343,-0.5339261134691418,1981173,2007-08-06
2007-08-07,-19.455866059337684,23.594873057510014,1.0760045076184432,2111980,2007-08-13
2007-08-14,-18.42128702162944,22.3945307400815,0.6296039197556609,2121969,2007-08-20
2007-08-21,-17.464102329278987,22.304719883811753,-1.3316193425237381,2085581,2007-08-27
2007-08-28,-17.287845554589115,22.762356767386454,-2.9350867904549407,2115440,2007-09-03
2007-09-04,-18.3042366524718,21.118942118973273,2.647626214092459,2086435,2007-09-10
2007-09-11,-18.102323141698573,20.2876640716617,5.884459287621685,2264864,2007-09-17
2007-09-18,-14.87941518142511,17.649820662977188,4.953972677095529,2851893,2007-09-24
2007-09-25,-20.646388507224472,29.700886370698548,-18.179841289915725,1747463,2007-10-01
2007-10-02,-19.96290423107202,28.782768956382725,-18.65035067345273,1865981,2007-10-08
2007-10-09,-19.20877196759309,28.778610537883754,-19.34491133001391,1950942,2007-10-15
2007-10-16,-18.462912189551698,29.944974732173037,-21.38306105674912,2000172,2007-10-22
2007-10-23,-21.240947547729043,30.58455975111476,-18.94331975412824,1977779,2007-10-29
2007-10-30,-21.480424791546803,30.564039960643324,-20.904088337377885,2026594,2007-11-05
2007-11-06,-23.40629248769652,30.929349082965444,-16.98992300474463,2036619,2007-11-12
2007-11-13,-20.325798160245558,30.744926857914074,-19.476564708377953,2055383,2007-11-19
2007-11-20,-18.675716743572778,29.487702000675547,-19.65176837535022,2149374,2007-11-26
2007-11-27,-17.574464028718435,30.414292257508013,-21.17784644286189,2150535,2007-12-03
2007-12-04,-19.99989833693082,28.364227353742656,-19.209375553081752,2164011,2007-12-10
2007-12-11,-18.561551662986886,26.089561896095702,-18.19799802217942,2342983,2007-12-17
2007-12-18,-12.021655190271701,24.37518110364151,-16.3886691770034,2757399,2007-12-24
2007-12-24,-12.59284995927395,38.35083246567478,-25.923863176494628,1747039,2007-12-30
2007-12-31,-12.361097669599202,40.02125658400668,-26.139223671072326,1725583,2008-01-06
2008-01-08,-12.865892571171699,35.40598873775341,-24.738762838599886,1993208,2008-01-14
2008-01-15,-9.005509962473926,33.414751219749306,-28.89283359015956,2139579,2008-01-21
2008-01-22,-2.8676530063757055,27.808771067899812,-28.724862861166134,2509683,2008-01-28
2008-01-29,-6.839788758182189,33.24602038343763,-28.27617118136974,2389489,2008-02-04
2008-02-05,-8.41939933930857,31.48606589891132,-25.088006539464025,2490724,2008-02-11
2008-02-12,-11.027242110232809,30.0343901528074,-22.90081828191518,2473964,2008-02-18
2008-02-19,-13.930646731392788,31.24746252334057,-21.055059080256143,2371943,2008-02-25
2008-02-26,-14.740801867190005,30.66729822287885,-19.90055109923009,2358196,2008-03-03
2008-03-04,-11.988590976431425,30.204440810903176,-17.77602298455361,2402309,2008-03-10
2008-03-11,-11.874061525816185,28.344416266551725,-16.257289776770946,2494075,2008-03-17
2008-03-18,-5.547694213800733,24.289906145073473,-17.004675592346345,3089662,2008-03-24
2008-03-25,-20.671638316997658,38.35495932438794,-23.270116682927952,2083681,2008-03-31
2008-04-01,-20.27087550918763,39.72080136806004,-24.493558338556984,2112188,2008-04-07
2008-04-08,-20.833053374257393,43.151724476428875,-27.038376075340683,2098521,2008-04-14
2008-04-15,-18.442878080103522,38.52081505409022,-25.36147560670748,2040110,2008-04-21
2008-04-22,-19.657285510854468,38.31756204862818,-23.786841832067648,2042108,2008-04-28
2008-04-29,-20.36558001427662,38.05554938426036,-23.223174104257968,2070518,2008-05-05
2008-05-06,-16.167043980963335,37.193697765109334,-24.586252914859195,2117598,2008-05-12
2008-05-13,-18.626726231962742,38.11724945096853,-22.687022943785564,2129204,2008-05-19
2008-05-20,-19.320813833406287,36.43308397993549,-20.779634571292213,2225222,2008-05-26
2008-05-27,-18.338858159831076,32.4473817038006,-18.668732218238215,2290268,2008-06-02
2008-06-03,-16.927183004869168,31.445794365864987,-17.160998458401753,2348861,2008-06-09
2008-06-10,-15.635608335218807,29.862064888818225,-14.5930333290528,2452965,2008-06-16
2008-06-17,-12.909858969952523,24.190656025842003,-13.251047176744432,2862936,2008-06-23
2008-06-24,-20.728038074875105,36.429812298266896,-19.129643716206495,1945640,2008-06-30
2008-07-01,-17.523705161778715,33.259543738778255,-21.788872165753578,2128123,2008-07-07
2008-07-08,-17.07219644469658,29.493074765811976,-22.548973684370317,2305626,2008-07-14
2008-07-15,-11.756748652268653,25.12418962667263,-24.89942727542482,2551139,2008-07-21
2008-07-22,-17.772857480749522,26.05758554308691,-20.206761977346194,2435264,2008-07-28
2008-07-29,-15.701161307332868,25.82978371082989,-21.513887537991476,2488058,2008-08-04
2008-08-05,-14.314544839706189,26.510264588383524,-22.761765355966226,2492891,2008-08-11
2008-08-12,-14.026991403267278,27.40273485182973,-24.415589369659507,2464192,2008-08-18
2008-08-19,-15.101989140028474,28.898918881649532,-23.998182343816843,2480117,2008-08-25
2008-08-26,-14.440758797833874,29.43744580599774,-23.81746642016917,2444920,2008-09-01
2008-09-02,-13.716101644959766,27.898701407462422,-23.075253159076468,2459817,2008-09-08
2008-09-09,-11.479155542141635,26.12920700516178,-23.637429480184803,2584380,2008-09-15
2008-09-16,-2.610526959400399,18.42033842047568,-21.54658818728986,3205598,2008-09-22
2008-09-23,-9.997030576240286,28.107559323394955,-22.88402083803051,2266433,2008-09-29
2008-09-30,-7.053262695841667,25.029022964981422,-25.802059090678735,2565210,2008-10-06
2008-10-07,-2.066820778089917,17.932384476902293,-29.76168016005473,2894010,2008-10-13
2008-10-14,-3.098923183764201,19.118575197641004,-28.470181016116967,3189495,2008-10-20
2008-10-21,-2.00641051085619,20.405436695378345,-31.408096164278437,3023160,2008-10-27
2008-10-28,0.20009046035175032,19.137687513369027,-30.15650947139477,3062115,2008-11-03
2008-11-04,1.9328633730314786,24.59433209507529,-34.17785547149734,2896273,2008-11-10
2008-11-11,0.06457935669101292,22.170832610307457,-29.800596036240684,3042768,2008-11-17
2008-11-18,2.4532316287373828,22.389337020770906,-30.40638808550913,3199331,2008-11-24
2008-11-25,5.303415871891896,23.198725655796753,-31.54183232157829,3253752,2008-12-01
2008-12-02,5.4825454124123025,24.13306392900316,-32.28291667983328,3227862,2008-12-08
2008-12-09,7.7319939681552405,22.822597117688,-31.393769740965492,3147959,2008-12-15
2008-12-16,8.108492129072308,22.636493379025122,-28.979899039046348,3814544,2008-12-22
2008-12-22,7.987021342846565,35.829034123872574,-47.30292770784319,2276969,2008-12-28
2008-12-30,7.297839177841553,35.28583109561184,-48.1584241818649,2307779,2009-01-05
2009-01-06,2.507505222241253,40.17490827641778,-47.21395450875267,2411321,2009-01-12
2009-01-13,5.332898164294626,34.61594760586642,-40.97873671685461,2438899,2009-01-19
2009-01-20,5.530016973454515,29.59228623933896,-33.00358415114405,2565182,2009-01-26
2009-01-27,7.470817833368187,31.835923487541766,-36.656800624018295,2620436,2009-02-02
2009-02-03,8.404506398956746,29.962496396752847,-33.39625575540655,2681609,2009-02-09
2009-02-10,2.9293885937689454,29.268397478681635,-27.30327370126288,2746341,2009-02-16
2009-02-17,4.70496665630846,24.33283904888691,-21.23088968247119,3047503,2009-02-23
2009-02-24,5.160081430644395,24.075539862004163,-22.02325271475816,3099079,2009-03-02
2009-03-03,5.761271569837477,22.40341603138278,-19.925498869357487,3306527,2009-03-09
2009-03-10,5.795205609633771,17.77372962554344,-13.261171779125695,3582979,2009-03-16
2009-03-17,2.325029203154704,18.505129320985297,-13.087797789467523,3929370,2009-03-23
2009-03-24,-10.149628441099965,31.955259728813896,-19.007902318969023,2428148,2009-03-30
2009-03-31,-7.047102956491375,28.824694574034826,-17.318161456388708,2439953,2009-04-06
2009-04-07,-8.486730028724317,27.62786051504814,-15.801980444252855,2412590,2009-04-13
2009-04-14,-9.597561810165315,27.64116864961042,-13.580639169412157,2454936,2009-04-20
2009-04-21,-7.888013150936303,25.668776720803837,-12.41800575990621,2511152,2009-04-27
2009-04-28,-9.85828676943207,29.988260623333385,-13.089710696207707,2616834,2009-05-04
2009-05-05,-13.45039980409067,31.191487678854724,-12.261406622891274,2629788,2009-05-11
2009-05-12,-12.522942715026533,32.31834812451809,-15.155987784043662,2645720,2009-05-18
2009-05-19,-11.947365594683228,31.827001242530468,-14.628120445829559,2700135,2009-05-25
2009-05-26,-12.391448760307023,31.99092638430007,-13.745585053088982,2736726,2009-06-01
2009-06-02,-12.491768634071908,34.56586253111239,-15.23694730185253,2757744,2009-06-08
2009-06-09,-12.9296192078973,33.59439101892416,-15.246353728960816,2815342,2009-06-15
2009-06-16,-9.56906434403812,26.85234004949399,-13.08476570521537,3243222,2009-06-22
2009-06-23,-7.562870504930948,33.31525630376704,-20.52370992750228,2303107,2009-06-29
2009-06-30,-9.29886442102896,33.46316610283253,-16.941888963799745,2330177,2009-07-06
2009-07-07,-12.134124018363817,30.45722551812521,-12.60652833410105,2411917,2009-07-13
2009-07-14,-11.202170093348988,30.940151723333916,-12.484698593519699,2401740,2009-07-20
2009-07-21,-12.006074820603988,32.38820516401065,-14.386839320912395,2420483,2009-07-27
2009-07-28,-8.00311858574054,33.643860543939184,-21.974087140666672,2503699,2009-08-03
2009-08-04,-8.470471287106946,33.72920356275355,-20.300840435768713,2547131,2009-08-10
2009-08-11,-9.29117526729532,34.19450053894379,-22.609982672128787,2595818,2009-08-17
2009-08-18,-9.305624782863543,34.47842821997873,-23.503097972350687,2622199,2009-08-24
2009-08-25,-11.118965050305864,34.16185686233536,-23.25528764151235,2651182,2009-08-31
2009-09-01,-9.524826469599313,34.83877820535213,-23.082357702079374,2673739,2009-09-07
2009-09-08,-9.752312653665468,33.56529922223421,-20.616261293598217,2688470,2009-09-14
2009-09-15,-8.88359355342445,30.148090696148188,-18.870928413751244,3084056,2009-09-21
2009-09-22,-10.92684361598479,39.1023940768286,-26.375331440761723,2284722,2009-09-28
2009-09-29,-10.558498471536373,39.379636161525475,-25.424271574851964,2338950,2009-10-05
2009-10-06,-10.346022465653677,37.135789778020495,-20.268174371165152,2334675,2009-10-12
2009-10-13,-12.325877005007031,38.95294698812186,-20.587048158035607,2323932,2009-10-19
2009-10-20,-14.035961092099669,40.19007540067187,-20.31592292152838,2392419,2009-10-26
2009-10-27,-12.266635929604037,37.90765534855222,-19.924896414076766,2472585,2009-11-02
2009-11-03,-7.180648634600033,33.61652359692845,-18.74889651383293,2531749,2009-11-09
2009-11-09,-8.550729957506032,39.85701533172396,-22.373179987457213,2560834,2009-11-15
2009-11-17,-7.028562200587117,40.22053128968917,-26.36003309580407,2606977,2009-11-23
2009-11-24,-5.271364994887411,39.18940370053679,-24.75534776021637,2639563,2009-11-30
2009-12-01,-4.609818324126616,39.82784442404082,-26.02943389978476,2657480,2009-12-07
2009-12-08,-5.729858307449913,37.60600772080919,-21.19360317062122,2770435,2009-12-14
2009-12-15,-2.823778633985433,30.927264209378976,-19.052655784299596,3378983,2009-12-21
2009-12-22,-11.61522208877489,42.32393687309748,-27.94357661581776,2375469,2009-12-28
2009-12-29,-12.523519897093552,44.03108021362752,-28.386708972280992,2400627,2010-01-04
2010-01-05,-10.294790365248216,41.49185505077428,-27.598221560401676,2406829,2010-01-11
2010-01-12,-13.477133372675704,40.65849801304678,-22.920038066400267,2445201,2010-01-18
2010-01-19,-12.66034695881704,39.93914206033769,-22.212059067288557,2479545,2010-01-25
2010-01-26,-13.647349967186017,32.034573175178046,-14.775748341070951,2633024,2010-02-01
2010-02-02,-12.028498158553285,28.532980782850935,-12.908534102176683,2710912,2010-02-08
2010-02-09,-7.553206272665262,26.71487109236952,-13.073566476186176,2835286,2010-02-15
2010-02-16,-8.293213511943302,28.10879257931525,-13.83457561862908,2827987,2010-02-22
2010-02-23,-8.5569250281077,29.020875892827675,-12.829611506284818,2847974,2010-03-01
2010-03-02,-8.835798559426863,29.161486388336073,-13.13247148829382,2870663,2010-03-08
2010-03-09,-8.984758797608569,26.498648695937742,-11.707589375842883,2971944,2010-03-15
2010-03-16,-7.2464484891566485,22.263455448695648,-8.643665288282843,3578829,2010-03-22
2010-03-23,-20.826959828721066,34.83218010683221,-17.06037292931168,2348917,2010-03-29
2010-03-30,-21.52575627131408,35.26930909220163,-16.777854975616552,2419469,2010-04-05
2010-04-06,-20.402651567371304,33.775095131872455,-15.327069273941591,2408236,2010-04-12
2010-04-13,-21.203467685824233,32.912059738109924,-13.844527908671523,2426056,2010-04-19
2010-04-20,-18.903813125253148,32.64142424408745,-13.823986244080238,2496089,2010-04-26
2010-04-27,-18.813414099627032,30.937559082966366,-12.519668440465917,2575827,2010-05-03
2010-05-04,-18.837028537587443,30.35920852952235,-11.514660360046209,2566615,2010-05-10
2010-05-11,-15.635730821833866,29.2439260775841,-16.690814736061725,2659978,2010-05-17
2010-05-18,-13.647584618250495,29.09067090319542,-18.326444935475223,2641156,2010-05-24
2010-05-25,-10.2880923205601,22.315749300313797,-14.561478801774586,2735512,2010-05-31
2010-06-01,-13.410391547307047,26.301762443357884,-12.881158561039447,2820119,2010-06-07
2010-06-08,-10.817312900182575,22.211400784264292,-11.011836180279685,3046422,2010-06-14
2010-06-15,-10.78680588226367,21.327350051190216,-10.626989676736995,3426436,2010-06-21
2010-06-22,-19.750848117457316,30.19194590458511,-17.866713715051713,2607245,2010-06-28
2010-06-29,-15.53740537614289,25.890286283151276,-16.41850858086468,2752345,2010-07-05
2010-07-06,-16.364386365075028,25.385284782059763,-13.676592423480407,2875146,2010-07-12
2010-07-13,-21.13202542901056,29.173251399992818,-11.222660987174924,2812693,2010-07-19
2010-07-20,-17.35103652945162,27.92527480492128,-11.937435537777038,2814633,2010-07-26
2010-07-27,-17.617914196746288,28.06976846227271,-12.358737098329984,2780454,2010-08-02
2010-08-03,-17.800331185894656,28.0719021624705,-13.124643479768592,2745286,2010-08-09
2010-08-10,-17.2651084506162,29.34253040294531,-14.081138473479271,2752036,2010-08-16
2010-08-17,-14.225366811416038,25.10077917024118,-11.476638159000256,2826725,2010-08-23
2010-08-24,-12.925735279357331,22.833731581653154,-7.309668434882402,2939121,2010-08-30
2010-08-31,-11.95962330156055,23.04628931528676,-6.877139174258195,3042646,2010-09-06
2010-09-07,-13.283601276822576,23.843131526671467,-7.24450412085597,3025949,2010-09-13
2010-09-14,-12.133124553119593,22.927471996457903,-8.365196592697663,3460098,2010-09-20
2010-09-21,-17.169308447099148,34.50931097082357,-17.977464672897497,2480461,2010-09-27
2010-09-28,-15.888964743271814,33.94833733027582,-19.50336774010343,2570715,2010-10-04
2010-10-05,-15.657348261843229,31.989361488877183,-18.669966743306208,2643979,2010-10-11
2010-10-12,-15.711276042025254,33.451021212474195,-20.34806931465015,2687051,2010-10-18
2010-10-19,-15.678858256547992,34.12987086380673,-19.312279965988026,2689641,2010-10-25
2010-10-26,-12.774726140883374,34.84691968072735,-22.204018318970714,2696003,2010-11-01
2010-11-02,-11.255479467978208,33.454396102570996,-21.765725459603697,2709889,2010-11-08
2010-11-09,-13.089107073389226,34.848121460004066,-21.482167521440733,2801910,2010-11-15
2010-11-16,-13.757270110621095,31.94504967981786,-16.864523259107965,2859310,2010-11-22
2010-11-23,-13.78939912684755,32.86125422147667,-16.269383360321875,2836389,2010-11-29
2010-11-30,-11.554850919082254,32.03148661142517,-16.943620023625368,2882495,2010-12-06
2010-12-07,-12.919532807084554,32.771942378913884,-17.418839026007895,2979326,2010-12-13
2010-12-14,-10.560232085365328,29.662010057897493,-17.23377740871429,3391166,2010-12-20
2010-12-21,-10.491457219591618,37.530307595927184,-25.77046773662504,2435858,2010-12-27
2010-12-28,-11.441387453684063,38.635799053759555,-24.94644530727005,2479708,2011-01-03
2011-01-04,-10.566846579862418,35.892442525654836,-23.282370373689254,2499724,2011-01-10
2011-01-11,-9.060362949730303,33.77509399764917,-23.946211951969826,2533574,2011-01-17
2011-01-18,-11.408981114522353,34.75904019109514,-21.125611587162116,2575471,2011-01-24
2011-01-25,-10.960896587225987,35.00033211407212,-20.982740635515373,2649692,2011-01-31
2011-02-01,-10.705858934573316,32.32638261837469,-20.278944478112873,2707779,2011-02-07
2011-02-08,-12.484216677059793,33.63161787300788,-17.95817027652202,2775873,2011-02-14
2011-02-15,-13.292502951073685,33.0238979691608,-16.638803737474458,2837103,2011-02-21
2011-02-22,-10.95317619075041,32.68283885615133,-15.82224683525753,2899999,2011-02-28
2011-03-01,-11.268449586698962,30.036743480683164,-16.13626226395722,2970595,2011-03-07
2011-03-08,-8.081509013598334,29.91616627696566,-17.208281390572584,3037799,2011-03-14
2011-03-15,-3.971974573310876,24.798447654795094,-14.327877022754528,3595592,2011-03-21
2011-03-22,-19.736880486599194,33.63653087663852,-8.314641963851987,2571151,2011-03-28
2011-03-29,-19.87787827817108,34.12671785446534,-8.838424060449348,2655711,2011-04-04
2011-04-05,-19.399769652693085,32.49392159765134,-8.111483920617053,2682037,2011-04-11
2011-04-12,-20.07216144871992,32.85430993063967,-7.868083677599714,2695345,2011-04-18
2011-04-19,-18.56684295328577,33.53438179812351,-7.885084852396263,2708468,2011-04-25
2011-04-26,-17.15204639599906,34.1954887437112,-10.294476489882197,2745754,2011-05-02
2011-05-03,-14.828492932431296,32.988933504823244,-11.539855606253866,2816881,2011-05-09
2011-05-10,-16.15994640483627,35.594988674919406,-13.09004260800744,2707707,2011-05-16
2011-05-17,-16.061344083970024,34.931852136674365,-12.335592454203638,2725544,2011-05-23
2011-05-24,-15.226646426153634,34.44734625045209,-10.722216792729965,2803618,2011-05-30
2011-05-31,-15.587780412412128,34.54486982278654,-9.467906177252525,2866938,2011-06-06
2011-06-07,-13.087527678808508,30.990794168698578,-10.802204401291961,3009071,2011-06-13
2011-06-14,-10.612170184292163,27.712168374243358,-10.644867840162181,3425322,2011-06-20
2011-06-21,-18.93112169612789,36.03294602889161,-14.70400150671659,2537969,2011-06-27
2011-06-28,-16.24266720287518,37.20987715155653,-16.17356147627953,2516434,2011-07-04
2011-07-05,-16.01096949310197,37.127363993921875,-14.844258055721497,2494190,2011-07-11
2011-07-12,-12.04302555016835,31.834863196448417,-14.536422453641862,2601431,2011-07-18
2011-07-19,-12.798752857585846,32.63757385863924,-13.246963899197528,2599222,2011-07-25
2011-07-26,-14.752618077888835,34.98183595883592,-12.748995341421217,2581474,2011-08-01
2011-08-02,-8.874318518199702,24.218868104393035,-8.167999780887172,2811337,2011-08-08
2011-08-09,-1.6330851758118765,17.725977397092393,-5.192142433164318,3386290,2011-08-15
2011-08-16,-8.752665294727013,19.276061820901486,-4.588874901091822,3229005,2011-08-22
2011-08-23,-6.909150873870326,16.745812419911456,-3.0256382216984616,3438382,2011-08-29
2011-08-30,-10.671154626191367,17.90216278116043,-3.7567145716008077,3569848,2011-09-05
2011-09-06,-7.913618779626207,13.8985509403314,-2.8478365095850977,3762716,2011-09-12
2011-09-13,-6.1778631664171275,10.816505633767344,-0.684576273548815,4089537,2011-09-19
2011-09-20,-20.19536032914326,17.982901862387656,3.2881112885509314,2920552,2011-09-26
2011-09-27,-10.778579498137761,10.983598792391676,1.960263948484157,2976793,2011-10-03
2011-10-04,-9.868196490393165,6.175897705232599,3.9508923529915134,3143543,2011-10-10
2011-10-11,-12.641420855450919,11.912918352738375,1.806680894522187,3011932,2011-10-17
2011-10-18,-14.518456720479417,13.875173904083846,2.0336832110941736,3003811,2011-10-24
2011-10-25,-12.574904911578669,12.4992469150144,1.619939893000354,3004309,2011-10-31
2011-11-01,-9.21483566037941,13.366094884219933,0.2084283407777042,2848461,2011-11-07
2011-11-08,-11.439044337206909,15.76238452321466,-1.241780680991004,2891815,2011-11-14
2011-11-15,-9.108550354269033,13.341213854550377,-1.9971450550348193,2962579,2011-11-21
2011-11-22,-10.268385558854641,11.387962725344348,-0.009158230168725566,3035521,2011-11-28
2011-11-29,-10.737516433925258,14.009347235370285,-1.6794518322272385,3015865,2011-12-05
2011-12-06,-6.427440717200564,15.098486475593493,-3.7090031898560984,3017064,2011-12-12
2011-12-13,-5.548509344743498,11.586084438267266,-3.284297577923752,3406086,2011-12-19
2011-12-20,-11.424553392251147,14.983203894260278,-6.221899123416629,2561308,2011-12-26
2011-12-27,-13.525450478058348,17.553934787938218,-7.056570237803383,2610560,2012-01-02
2012-01-03,-12.43519494677824,15.986519350916181,-7.985023331316676,2671088,2012-01-09
2012-01-10,-10.563595717143192,16.677834807952333,-8.834250509703166,2592195,2012-01-16
2012-01-17,-11.390680577435623,19.04114621321767,-10.000213402109786,2624154,2012-01-23
2012-01-24,-12.121035964831869,21.382854008435046,-12.680627195306544,2683566,2012-01-30
2012-01-31,-9.780538038376266,21.002704220275827,-11.576758576458596,2730177,2012-02-06
2012-02-07,-10.745763968326143,24.349177234956038,-12.569979709324794,2724897,2012-02-13
2012-02-14,-12.969720053323178,26.501727562097017,-13.44473161574666,2756775,2012-02-20
2012-02-21,-13.098517274205083,27.216595853391546,-13.859861075629148,2802676,2012-02-27
2012-02-28,-13.144674126328141,27.350375063518396,-13.855938691356654,2827921,2012-03-05
2012-03-06,-13.933199098171329,24.182865053263708,-12.193472346737435,2970409,2012-03-12
2012-03-13,-12.071892086536883,23.570075800378774,-15.197682144648999,3318585,2012-03-19
2012-03-20,-14.359122819714845,27.26670786452215,-18.665820440445902,2694315,2012-03-26
2012-03-27,-14.992685013535837,28.694434096692483,-20.245240501678534,2732746,2012-04-02
2012-04-03,-11.840553608285239,26.356682054763027,-20.415758253260393,2753427,2012-04-09
2012-04-10,-12.983103928100718,23.06194553796554,-17.49190578207836,2775438,2012-04-16
2012-04-17,-12.508018715030111,22.85359636026112,-18.608910285599976,2804377,2012-04-23
2012-04-24,-12.283528347408652,21.097516731324593,-17.619961762038734,2819711,2012-04-30
2012-05-01,-11.013835330464032,21.8320619231781,-19.46212494333223,2858768,2012-05-07
2012-05-08,-14.328712979014336,20.498694171881088,-16.2646655012033,2867529,2012-05-14
2012-05-15,-11.892149611751407,17.251176370494793,-14.430346905046305,2967815,2012-05-21
2012-05-22,-15.781647309749555,17.203772515954878,-10.311932414643495,3000650,2012-05-28
2012-05-29,-16.005148044091886,16.452658189212,-9.197441897027279,3040378,2012-06-04
2012-06-05,-14.383180282587777,13.184366116627228,-8.54275498921639,3166379,2012-06-11
2012-06-12,-15.946854441480736,16.709718861129847,-9.929020161291502,3420267,2012-06-18
2012-06-19,-18.939238062075624,21.486584613080268,-8.973792290905608,2590421,2012-06-25
2012-06-26,-16.79695577537246,16.94265346306445,-7.500531550387512,2741979,2012-07-02
2012-07-03,-15.368512111360278,19.79243004732182,-10.694708899951767,2730453,2012-07-09
2012-07-10,-17.89064179337759,18.398451177800883,-8.441088138441184,2795931,2012-07-16
2012-07-17,-18.070232158358476,18.190366863045725,-8.101366060486079,2808514,2012-07-23
2012-07-24,-17.89960704734487,16.76022266035136,-6.693341342262498,2860141,2012-07-30
2012-07-31,-15.590682238593228,20.897849046925103,-11.20754986669685,2756499,2012-08-06
2012-08-07,-15.68330822585851,21.30854791219517,-12.39557091431465,2831826,2012-08-13
2012-08-14,-17.95638420360197,22.910354431809044,-10.748811403681355,2922565,2012-08-20
2012-08-21,-17.416790322586024,22.545867757707107,-10.046764117203464,2998239,2012-08-27
2012-08-28,-17.79135664607479,22.63201306904272,-9.947346258633162,3056383,2012-09-03
2012-09-04,-18.07389245993661,21.43536224403384,-8.160043874152157,3099775,2012-09-10
2012-09-11,-16.959846593282442,21.70499016471057,-9.430323503053918,3193602,2012-09-17
2012-09-18,-13.453051914319975,22.82040594731735,-11.367294887911692,3584406,2012-09-24
2012-09-25,-10.343369755672352,28.040162171650618,-20.533065660869962,2831321,2012-10-01
2012-10-02,-10.573932431134704,27.645226035512664,-18.691396191053585,2926111,2012-10-08
2012-10-09,-11.294557004814106,28.36672929953754,-19.634698633436443,2902097,2012-10-15
2012-10-16,-9.810861660581391,28.666240065377274,-20.670984837433135,2927011,2012-10-22
2012-10-23,-10.479481314884564,28.40534301067391,-18.900587471577328,2989251,2012-10-29
2012-10-30,-10.58854268730812,28.70498857213152,-19.308041154252848,3015873,2012-11-05
2012-11-06,-9.145609468672102,27.01477777929816,-20.02407617603309,2996323,2012-11-12
2012-11-13,-5.803825999657986,20.838862876645614,-19.382737161326986,3075902,2012-11-19
2012-11-20,-9.027603242016223,21.35222748542037,-18.50942813279908,3123365,2012-11-26
2012-11-27,-9.07440538918333,22.28488515520464,-18.633475415652537,3117207,2012-12-03
2012-12-04,-6.723986358589162,21.712367716172484,-20.260473014178388,3156565,2012-12-10
2012-12-11,-4.338193880242762,20.77845831565171,-21.216239213178497,3226043,2012-12-17
2012-12-18,-3.9686153063255887,22.021675852880787,-20.11241970652019,3395668,2012-12-24
2012-12-24,-12.493446809803899,30.33625056577232,-23.151168213563267,2763921,2012-12-30
2012-12-31,-11.07646816511774,29.174805508650348,-23.13209281769874,2765033,2013-01-06
2013-01-08,-12.77899617099097,31.44134329637673,-21.152203108926734,2799680,2013-01-14
2013-01-15,-14.527968511070503,31.55641883764998,-19.35206716437857,2843412,2013-01-21
2013-01-22,-14.31067208487378,32.397230794714126,-16.63349304643809,2946116,2013-01-28
2013-01-29,-15.274456619916958,34.044068549590335,-18.283704418362852,2989252,2013-02-04
2013-02-05,-13.572281250843337,31.261421513441945,-18.753821053266357,3001463,2013-02-11
2013-02-12,-14.006028681910909,29.477183842406912,-17.18083648771298,3087242,2013-02-18
2013-02-19,-12.253548156687007,28.560167103659428,-16.190613573423047,3147268,2013-02-25
2013-02-26,-11.847546888140126,26.42728221491584,-18.322753778022744,3236746,2013-03-04
2013-03-05,-9.299174301480543,22.814786685645714,-18.11280160859955,3275893,2013-03-11
2013-03-12,-8.652721415347221,20.478063450832046,-16.884804308265615,3796609,2013-03-18
2013-03-19,-11.300897394844945,29.87596190245879,-21.301589834563146,2845013,2013-03-25
2013-03-26,-12.580293682528218,31.01344981051749,-21.71662073254737,2929558,2013-04-01
2013-04-02,-13.000372340761215,30.68180874572315,-20.701183087027097,3010683,2013-04-08
2013-04-09,-10.887936156479887,28.98516462144121,-21.87046967574181,3041311,2013-04-15
2013-04-16,-10.839978568190249,30.80456662407781,-22.791905370316943,3032875,2013-04-22
2013-04-23,-11.201649572234667,28.900140975814175,-21.956826198187095,3028179,2013-04-29
2013-04-30,-8.815349020380033,29.14511900011918,-23.293632081582317,3087728,2013-05-06
2013-05-07,-9.951843994732027,28.906926708886115,-22.234713266272518,3189841,2013-05-13
2013-05-14,-11.61157297530266,29.22090187157651,-21.76127050520369,3287763,2013-05-20
2013-05-21,-12.993816958992893,31.451026674618515,-22.38852442917945,3340104,2013-05-27
2013-05-28,-13.563882041741158,31.701954221757767,-22.790675824560562,3384621,2013-06-03
2013-06-04,-12.516400370996042,30.408797007846783,-18.83442790064368,3307852,2013-06-10
2013-06-11,-11.852421567389483,27.655974100247633,-18.428466180236867,3397407,2013-06-17
2013-06-18,-12.748594891187977,26.030032774528383,-17.6572204456044,3746507,2013-06-24
2013-06-25,-8.753394762722024,24.496043535038055,-21.171484432823636,2729204,2013-07-01
2013-07-02,-8.71638897733544,24.79397699930039,-20.469470180132994,2707222,2013-07-08
2013-07-09,-10.668192545662553,27.38798594252767,-21.615566609244272,2723676,2013-07-15
2013-07-16,-11.199135369983848,28.25431443984568,-23.21329731426636,2784081,2013-07-22
2013-07-23,-11.553947439046022,30.219544871747022,-24.145634784797114,2813229,2013-07-29
2013-07-30,-10.302033977062315,30.399614185036295,-24.653505776663827,2840740,2013-08-05
2013-08-06,-11.489836320968942,30.148802953843383,-23.57587572710694,2844836,2013-08-12
2013-08-13,-11.71554153816523,28.673107295961277,-22.665480472822708,2876427,2013-08-19
2013-08-20,-10.27555747917592,25.587670382341166,-23.009829464910787,2929661,2013-08-26
2013-08-27,-9.93322262162522,23.684097254129416,-22.146746066781382,2996973,2013-09-02
2013-09-03,-10.495969077228912,23.649665147292666,-21.666063403868762,2986537,2013-09-09
2013-09-10,-11.291272887781885,25.150483306928145,-20.520182235219007,3044856,2013-09-16
2013-09-17,-9.02156473540317,23.59363319725853,-20.87157784352646,3337625,2013-09-23
2013-09-24,-10.92687432905542,28.858934056984893,-23.654823998637248,2624099,2013-09-30
2013-10-01,-9.484030420424599,27.57103466411575,-23.31232766555064,2623895,2013-10-07
2013-10-08,-7.244591039355562,24.96818904253867,-23.874777725852308,2732549,2013-10-14
2013-10-15,-6.827894418150128,25.4335526543217,-23.580506513651216,2690273,2013-10-21
2013-10-22,-5.643472441114877,27.274453760418265,-22.52957658039074,2732821,2013-10-28
2013-10-29,-6.1201384155953145,29.55766829397475,-23.192946591799192,2771653,2013-11-04
2013-11-05,-5.164372649807186,28.30617633959435,-22.965820256613775,2813333,2013-11-11
2013-11-12,-4.60830099603273,28.50550982070984,-21.55540607693438,2811253,2013-11-18
2013-11-19,-4.927198711304804,27.542287045477565,-20.914171623453477,2882916,2013-11-25
2013-11-26,-4.591323764133515,27.448377848871065,-20.984455054132216,2864468,2013-12-02
2013-12-03,-3.5875063543540904,26.165610492748236,-19.46250819681684,2917291,2013-12-09
2013-12-10,-4.791465012106907,26.7966551891083,-20.682200556337577,2947491,2013-12-16
2013-12-17,-1.134320382945564,22.383197892315113,-19.949118705703366,3368625,2013-12-23
2013-12-24,-9.818510529676395,32.52007540001716,-22.316456082835295,2750132,2013-12-30
2013-12-31,-9.37862537840167,32.99820317463049,-21.086993307434955,2789364,2014-01-06
2014-01-07,-8.999940151155961,33.19299316970587,-23.261740497562503,2790363,2014-01-13
2014-01-14,-9.942294449752573,33.066656131271024,-22.44004614780536,2885511,2014-01-20
2014-01-21,-12.123969682152952,32.702605379035774,-22.37428276504783,2871444,2014-01-27
2014-01-28,-10.843078909548575,28.383982857172292,-21.804941955800214,2912005,2014-02-03
2014-02-04,-10.563445610751893,24.653989813015347,-21.157601540807384,2985967,2014-02-10
2014-02-11,-14.529489443053889,27.592165168818557,-19.99031934782291,3078305,2014-02-17
2014-02-18,-14.675140939359727,27.170573606441934,-19.886673249526197,3163772,2014-02-24
2014-02-25,-13.485791861329469,24.51453907065774,-20.254729883033093,3190988,2014-03-03
2014-03-04,-13.635315768348189,24.524647273994077,-18.731140613285067,3301075,2014-03-10
2014-03-11,-14.149834066248223,24.908052900493484,-18.536369015052042,3368513,2014-03-17
2014-03-18,-10.447619958657752,21.725256339217868,-17.399790684560497,3878357,2014-03-24
2014-03-25,-15.294000887498656,34.81582974876934,-21.429879573643646,2801131,2014-03-31
2014-04-01,-13.383736418781881,34.709903788585514,-22.203205333487563,2801019,2014-04-07
2014-04-08,-14.48458916328029,33.72316962696188,-23.42763029929184,2760817,2014-04-14
2014-04-15,-13.37086789292538,31.53084601596477,-21.78263758379225,2808434,2014-04-21
2014-04-22,-12.288309587729733,31.88986173646909,-22.094061874729036,2793289,2014-04-28
2014-04-29,-11.77010104735703,31.097139182821003,-22.486078422229365,2852227,2014-05-05
2014-05-06,-13.47063370915152,31.26115388716475,-19.74855350218027,2851024,2014-05-12
2014-05-13,-13.268568630299683,31.07137765197811,-20.66269693309126,2952843,2014-05-19
2014-05-20,-14.811424954911615,29.883158163915937,-19.2923636839623,2964178,2014-05-26
2014-05-27,-13.303505866776932,30.195543892195136,-20.670749865401696,3042386,2014-06-02
2014-06-03,-13.495040529251787,31.17620567001871,-21.137232622440273,3090854,2014-06-09
2014-06-10,-14.138899176311709,30.183143075610847,-19.424167597199045,3215901,2014-06-16
2014-06-17,-12.905810016693925,26.049382855445963,-16.543866295038175,3542606,2014-06-23
2014-06-24,-20.126283962600116,33.23624911842133,-17.023301608139153,2864180,2014-06-30
2014-07-01,-18.092933559726344,31.41896601316878,-17.82127554826299,2941198,2014-07-07
2014-07-08,-18.84729085887697,31.948230951231537,-17.22503023614042,2931095,2014-07-14
2014-07-15,-15.949848787320258,31.933292828417432,-19.228092031253457,2937915,2014-07-21
2014-07-22,-14.791354674076999,31.609760119372645,-19.702703725529418,2959472,2014-07-28
2014-07-29,-16.46833887776414,31.612440249337897,-18.564254839265338,2972352,2014-08-04
2014-08-05,-14.11090879512932,28.056614976619603,-18.24759042575142,2932157,2014-08-11
2014-08-12,-15.641306966570962,27.91396189743103,-18.152260922953822,2959433,2014-08-18
2014-08-19,-15.606290962682106,28.401159036718802,-17.703167581053357,3004564,2014-08-25
2014-08-26,-14.364640519011587,28.333918505113452,-18.269349230628475,3027601,2014-09-01
2014-09-02,-14.194307450881114,27.399599811103055,-17.309581651679867,3081045,2014-09-08
2014-09-09,-13.192018851243853,25.488776182154737,-16.45376228315261,3245197,2014-09-15
2014-09-16,-12.76756551970901,22.383564631889925,-15.171783972405445,3658403,2014-09-22
2014-09-23,-16.376564301975126,32.96831167569128,-15.623512868112034,2799012,2014-09-29
2014-09-30,-15.44154334358967,31.31453143778606,-15.460079752990739,2799895,2014-10-06
2014-10-07,-13.699648743582815,28.859947761866163,-14.477204359182203,2775750,2014-10-13
2014-10-14,-12.100780519941358,26.52824136317433,-15.857059245153382,2829396,2014-10-20
2014-10-21,-19.19500037988349,27.316237987288922,-12.656269049390154,2829815,2014-10-27
2014-10-28,-17.029611798365256,27.12706641750186,-14.342219486621502,2882162,2014-11-03
2014-11-04,-10.85096645331911,25.937493055092563,-17.419668255661488,2879808,2014-11-10
2014-11-11,-9.677971585627443,26.758607938836686,-18.625605804078123,2920705,2014-11-17
2014-11-18,-8.67455635386953,27.765159479857225,-20.3474847820021,3024708,2014-11-24
2014-11-25,-8.6147029603837,27.72612773050211,-19.322561349822465,3086154,2014-12-01
2014-12-02,-6.582358382201413,26.898752281099608,-20.094342230184242,3111438,2014-12-08
2014-12-09,-4.606604775142237,26.728193251996995,-21.36497312384541,3105541,2014-12-15
2014-12-16,-0.4879568830836254,21.128696883259607,-19.5078984265651,3295783,2014-12-22
2014-12-23,-6.787717533050712,32.395685627959885,-23.58469350054981,2739124,2014-12-29
2014-12-30,-6.895398195464882,33.209038529086435,-24.33671662457248,2750182,2015-01-05
2015-01-06,-3.824942045230543,30.658745878428462,-24.95288333615803,2749558,2015-01-12
2015-01-13,-6.4354515303970405,31.551630708067652,-23.201391608280836,2714557,2015-01-19
2015-01-20,-6.926945256771161,30.026340806903274,-23.10940446582306,2707586,2015-01-26
2015-01-27,-7.333170238287784,31.48331489569751,-23.408296603021352,2701901,2015-02-02
2015-02-03,-9.181662123696753,28.905464178179486,-21.75298309503308,2734995,2015-02-09
2015-02-10,-9.345273810056867,27.91284646039493,-21.758868042806608,2791625,2015-02-16
2015-02-17,-9.44167325870576,28.474158732507384,-22.488575379729905,2811472,2015-02-23
2015-02-24,-9.856478327964204,28.490493213694982,-21.649896370866877,2886254,2015-03-02
2015-03-03,-9.573702571586074,25.88522756384033,-19.856123695798253,2982284,2015-03-09
2015-03-10,-10.916548867081213,21.158638800386427,-17.813214379322417,3181958,2015-03-16
2015-03-17,-9.675490459553883,19.199724244300853,-16.98675554724653,3423320,2015-03-23
2015-03-24,-14.070622118283593,28.991392133804727,-14.861497134194183,2631895,2015-03-30
2015-03-31,-13.159821019677326,27.287742400468474,-15.063776755080744,2663980,2015-04-06
2015-04-07,-12.868442635377155,27.13573482274439,-16.097101195928403,2671481,2015-04-13
2015-04-14,-11.778560695797955,27.75292454807168,-16.73364653356895,2691356,2015-04-20
2015-04-21,-10.135226402365257,26.154628691434922,-17.093933416979542,2716999,2015-04-27
2015-04-28,-10.36348461737704,26.709855290302816,-16.846076867395528,2745013,2015-05-04
2015-05-05,-12.683059394647659,25.977139455731514,-14.772798888483718,2745079,2015-05-11
2015-05-12,-10.921113342348566,25.7370821991747,-16.04891294885114,2756816,2015-05-18
2015-05-19,-9.897216547727902,27.043855789109276,-16.280562401247856,2770193,2015-05-25
2015-05-26,-12.074949125080778,26.02671732953218,-13.802108604564403,2782314,2015-06-01
2015-06-02,-10.468233411249395,25.279936263258012,-14.904780957595412,2849220,2015-06-08
2015-06-09,-11.976243975768801,21.728591326857007,-12.495334912087701,2971541,2015-06-15
2015-06-16,-10.746216073978932,18.401739611612474,-12.75640488980997,3213131,2015-06-22
2015-06-23,-18.24721296478576,29.199423625081394,-9.50280868227818,2575407,2015-06-29
2015-06-30,-16.05516414194476,24.945660836541055,-8.517912331175669,2641281,2015-07-06
2015-07-07,-16.741345832835535,24.526700081546,-9.325460850289208,2686827,2015-07-13
2015-07-14,-15.42556648757747,25.292133315342056,-10.326104515366385,2630905,2015-07-20
2015-07-21,-14.066786930099894,26.311070017752936,-11.648232474445278,2651956,2015-07-27
2015-07-28,-11.776069625957138,23.094353906811996,-11.045143460848337,2705198,2015-08-03
2015-08-04,-12.89426639605409,21.831118872867155,-9.086933306586742,2711872,2015-08-10
2015-08-11,-13.632836292350328,21.414722999816878,-8.845427533554494,2779583,2015-08-17
2015-08-18,-12.508685488272128,20.247701686180296,-9.253702057511294,2843824,2015-08-24
2015-08-25,-8.131865338884644,10.802117800677022,-8.535664417866917,3147605,2015-08-31
2015-09-01,-11.946644528359997,6.658598686169323,-0.8146321457278459,3220963,2015-09-07
2015-09-08,-14.298596657129071,5.084985352395529,3.3875327194825324,3282448,2015-09-14
2015-09-15,-14.860162046006774,5.283213086231121,3.9154853226180717,3538131,2015-09-21
2015-09-22,-16.685674482916358,5.473557996364777,9.439104813291955,2885655,2015-09-28
2015-09-29,-15.73920621718599,5.53874118988569,7.9031327974525665,2916818,2015-10-05
2015-10-06,-20.625275665785104,11.316479159922483,8.090255664345587,2931539,2015-10-12
2015-10-13,-21.316948737451234,14.809184538567575,6.2245069310492,2935847,2015-10-19
2015-10-20,-21.195520256975218,16.04691785179408,5.856674140962374,2978653,2015-10-26
2015-10-27,-19.316817808712077,19.584572548181796,3.382810567387051,2845888,2015-11-02
2015-11-03,-18.44057869879127,20.982778253450103,3.9501041681598195,2860279,2015-11-09
2015-11-10,-18.42681947115968,18.368215863569436,5.536451956489128,2926441,2015-11-16
2015-11-17,-17.320243026211916,14.912273380144047,6.529225397421586,2875410,2015-11-23
2015-11-24,-12.95873588568469,14.590113505425006,4.916135288873131,2876955,2015-11-30
2015-12-01,-11.703219910582124,14.529131688706881,3.865117600952946,2906354,2015-12-07
2015-12-08,-9.682016287835397,13.86787679938034,1.6364883514157762,2933232,2015-12-14
2015-12-15,-6.810809710767388,10.665474448771462,0.2613806302961773,3144839,2015-12-21
2015-12-22,-10.543054573657635,13.253563358196754,-3.6854795040490793,2550333,2015-12-28
2015-12-29,-11.445635078642235,16.42446140182747,-4.03245433515772,2506414,2016-01-04
2016-01-05,-11.790911860149945,11.212723333623444,-2.663412761566102,2573728,2016-01-11
2016-01-12,-9.689753081563648,7.220240930857303,-0.3180264007074376,2745684,2016-01-18
2016-01-19,-14.143582891528986,6.4536902551365545,1.973355888898939,2863447,2016-01-25
2016-01-26,-12.169304687041912,5.657631058852745,1.3047422282160681,2899270,2016-02-01
2016-02-02,-14.69656641693714,7.467901833784301,2.6794103765143413,2989501,2016-02-08
2016-02-09,-12.375456630494847,6.278964758965932,1.2373728729291675,3067305,2016-02-15
2016-02-16,-12.466437333194069,6.428590540461691,0.5394849119915874,3102033,2016-02-22
2016-02-23,-12.122493650770556,8.063610306848439,0.13482513955371908,3092895,2016-02-29
2016-03-01,-11.80845183818639,7.561674747949995,0.2208979351852822,3149871,2016-03-07
2016-03-08,-12.583850870924222,5.840324344613706,1.7875144196294026,3271582,2016-03-14
2016-03-15,-10.835860901044768,5.528969723948976,2.005184089954913,3396546,2016-03-21
2016-03-22,-12.534215567023868,10.67649772983413,9.714686220073677,2820719,2016-03-28
2016-03-29,-12.548659676216381,9.152178300355372,10.326222963190453,2849125,2016-04-04
2016-04-05,-10.940964665835132,8.666531138426754,9.233308842938694,2867791,2016-04-11
2016-04-12,-10.94568951913007,10.024308202960023,7.477982828548265,2857883,2016-04-18
2016-04-19,-10.26851007869523,14.535760755362896,4.468407099965906,2874380,2016-04-25
2016-04-26,-7.757827401202413,14.128222145382754,2.6310120687539738,2868896,2016-05-02
2016-05-03,-8.001798013010701,12.594412574995742,3.98699427772402,2811993,2016-05-09
2016-05-10,-9.027917862280628,13.840236426189756,3.3344803782037276,2865334,2016-05-16
2016-05-17,-11.148565797003009,14.199060506431168,3.3675185307721156,2850259,2016-05-23
2016-05-24,-10.881535844968267,14.84304018970082,1.8224271725175913,2973946,2016-05-30
2016-05-31,-11.564445648520241,14.641494793208343,3.1716025412688613,2989845,2016-06-06
2016-06-07,-14.078777891578667,14.668169734861717,4.011059781538578,3123389,2016-06-13
2016-06-14,-9.155716847122246,11.351765097345472,1.698698230234668,3341912,2016-06-20
2016-06-21,-12.74444378925447,11.552948858267547,3.7426488883263844,2781212,2016-06-27
2016-06-28,-14.000884480418584,6.790471333176318,9.37400135891436,2950885,2016-07-04
2016-07-05,-15.256166389142814,10.318760723395162,7.903138072388785,3003946,2016-07-11
2016-07-12,-12.09219910706828,11.555133279624505,3.39429914020968,2969096,2016-07-18
2016-07-19,-10.715674939579534,14.75108790545756,-0.12020049145349562,2966710,2016-07-25
2016-07-26,-10.590666477728968,14.844868654561157,0.27362227305545994,2963940,2016-08-01
2016-08-02,-11.165084334246503,14.05544726557125,1.8094072870306728,2943229,2016-08-08
2016-08-09,-11.279176215474513,16.126969302537045,0.624178779701728,2920958,2016-08-15
2016-08-16,-9.892504540566073,15.779422783192853,-0.10965318400293586,2942915,2016-08-22
2016-08-23,-8.55766711728161,16.631985627369513,-1.0127684590400339,3004043,2016-08-29
2016-08-30,-7.731193371736963,16.452609347795743,-1.1276015336114769,3052142,2016-09-05
2016-09-06,-8.31487909698328,16.23988666591771,-0.6199544404097951,3151038,2016-09-12
2016-09-13,-7.722961242365667,11.148901446888708,-0.413063481125349,3514714,2016-09-19
2016-09-20,-12.869035212183496,15.46398936641804,-0.1572406779356969,2898741,2016-09-26
2016-09-27,-14.542478566941035,16.359154134465996,0.9880299041131663,2887362,2016-10-03
2016-10-04,-14.842720682296939,14.414917656293053,1.965794902053824,2925178,2016-10-10
2016-10-11,-15.422499865864433,12.957393790100591,2.4584502350258863,2944782,2016-10-17
2016-10-18,-13.138691581933196,12.123926455748576,0.7543957485560208,2946199,2016-10-24
2016-10-25,-13.288411230525702,12.32605182037824,2.099941681246355,3000750,2016-10-31
2016-11-01,-10.039963518557455,8.888501247520693,0.695578165240578,2986724,2016-11-07
2016-11-08,-6.767375456292633,7.988613965599656,-0.9165600747059238,2930959,2016-11-14
2016-11-15,-7.932578045823124,9.837190250840063,-1.0965865859647763,2913769,2016-11-21
2016-11-22,-8.438765069693783,9.622836548673353,0.08160332419933736,3036641,2016-11-28
2016-11-29,-9.762010546946374,10.982610747318233,-0.045533158232430704,3081271,2016-12-05
2016-12-06,-8.209143996283002,8.319926498873171,0.6770806369486023,3051926,2016-12-12
2016-12-13,-9.313050969470243,9.84835431983667,0.440126509081039,3389480,2016-12-19
2016-12-20,-8.11769846838957,15.651256275940097,-3.161750173613944,2757555,2016-12-26
2016-12-27,-6.238338176276851,14.097413421567733,-3.142097881074542,2754179,2017-01-02
2017-01-03,-3.5759219312638377,14.478397886835609,-6.386077808431178,2812086,2017-01-09
2017-01-10,-6.782442998790161,16.650963951321113,-5.903385218212419,2831782,2017-01-16
2017-01-17,-9.47786515266927,18.543598165471195,-5.172464706026757,2810749,2017-01-23
2017-01-24,-9.039755547780121,19.159653674101808,-6.778021883046007,2869436,2017-01-30
2017-01-31,-7.616343239586319,20.144173980783847,-7.777428731819773,2839486,2017-02-06
2017-02-07,-8.299587157169528,19.704768244732897,-7.016182940719755,2890204,2017-02-13
2017-02-14,-7.154645016044145,19.85259597082401,-8.129022425357867,3018235,2017-02-20
2017-02-21,-5.45815510392108,21.526350470185385,-9.656713302408608,3056454,2017-02-27
2017-02-28,-5.857001216660128,21.349963480950272,-10.546868359170388,3117551,2017-03-06
2017-03-07,-2.4046961296046607,19.595522349723513,-12.228405592947016,3231427,2017-03-13
2017-03-14,-3.2941666669019134,19.32490078006811,-11.237068380240082,3542383,2017-03-20
2017-03-21,-8.958712231098813,21.754217620280283,-8.711847551995001,2867968,2017-03-27
2017-03-28,-7.830138154439712,22.40992923289708,-9.949338172465131,2884815,2017-04-03
2017-04-04,-6.750993334312327,22.970354354952164,-10.174294817628482,2853269,2017-04-10
2017-04-11,-6.332590322892495,23.00819090182387,-10.575961873966348,2886007,2017-04-17
2017-04-18,-6.770062986342043,22.625117925781947,-11.41675888682863,2916029,2017-04-24
2017-04-25,-6.872704090610086,25.054039311653543,-12.721503653152213,2955256,2017-05-01
2017-05-02,-7.0937466301263905,25.75893356662859,-12.003223585177052,2958197,2017-05-08
2017-05-09,-6.404595645959883,21.166251811220913,-10.416207209597347,3038006,2017-05-15
2017-05-16,-7.275670258865345,20.328021367906125,-8.790513359508235,3065532,2017-05-22
2017-05-23,-6.253937355413143,20.22453756636093,-8.102434108133217,3069954,2017-05-29
2017-05-30,-5.9444009343738164,20.52751487218138,-8.330754592076616,3086131,2017-06-05
2017-06-06,-5.778722654088399,19.510030506946084,-8.070450775370293,3142563,2017-06-12
2017-06-13,-5.128718322943983,17.998592354827952,-7.687706661490711,3472466,2017-06-19
2017-06-20,-9.695748306664525,25.83080875840473,-12.658687145518174,2824898,2017-06-26
2017-06-27,-7.890732049236498,23.100530951174814,-11.967905807710908,2876159,2017-07-03
2017-07-03,-4.607465753592757,21.853364266213028,-12.86155900170991,2852197,2017-07-09
2017-07-11,-4.335601796631369,24.21961593260629,-14.736820643051166,2844657,2017-07-17
2017-07-18,-4.95974913686872,24.630323129035766,-13.738071355846182,2914099,2017-07-24
2017-07-25,-5.260192079082982,25.486648971453196,-14.367874608125355,2995537,2017-07-31
2017-08-01,-7.883627697008165,26.25495408867974,-11.712044147033888,3059594,2017-08-07
2017-08-08,-8.762374186469808,27.23912512120849,-11.789607433842408,3113437,2017-08-14
2017-08-15,-4.874684895849786,25.733695137129537,-13.695010771981476,3165620,2017-08-21
2017-08-22,-3.438845197330175,24.115996599879768,-15.101437126564091,3230474,2017-08-28
2017-08-29,-2.2017580501570455,23.536025973026753,-15.260819242043445,3301271,2017-09-04
2017-09-05,-3.6711292793251715,23.222716198090833,-13.523318195492429,3327423,2017-09-11
2017-09-12,-3.932124562497055,22.877173163706114,-12.212634418938144,3693118,2017-09-18
2017-09-19,-9.525784830990592,32.63056464602603,-16.116546698341843,3090538,2017-09-25
2017-09-26,-9.284584120037879,30.817055166369627,-14.792136810453057,3060234,2017-10-02
2017-10-03,-7.089889426543936,28.107540891337745,-14.171880512038168,3013291,2017-10-09
2017-10-10,-6.137735572459401,27.74925480103595,-15.49277604938674,3069650,2017-10-16
2017-10-17,-6.018171469144913,26.990680615563544,-14.858995552215228,3081534,2017-10-23
2017-10-24,-5.181083989739538,26.208104195992398,-15.332691764591289,3162041,2017-10-30
2017-10-31,-3.777557137680989,25.33112484099012,-16.172908637746083,3187695,2017-11-06
2017-11-07,-4.792345463865001,23.9494292170239,-13.9728017758583,3244403,2017-11-13
2017-11-14,-3.6004092376921517,23.9419983092441,-15.1447054796976,3263629,2017-11-20
2017-11-21,-3.250220745910945,22.90009070104096,-13.346117574978525,3329620,2017-11-27
2017-11-28,-3.475338473740152,22.735777520721363,-12.907531415209705,3387929,2017-12-04
2017-12-05,-1.95372403829405,20.529970023714622,-12.663415156182936,3513444,2017-12-11
2017-12-12,-4.171740347300837,19.137157513503126,-13.006315035360858,3830224,2017-12-18
2017-12-19,-5.155021430732286,26.9018268996517,-19.10266672734915,2988232,2017-12-25
2017-12-26,-4.887972795959899,25.89077878424596,-19.723190398881524,3061310,2018-01-01
2018-01-02,-5.015609150157566,27.975038469795273,-22.04090662532632,3051095,2018-01-08
2018-01-09,-7.904660447635717,30.463163240152763,-22.037175354274666,3241341,2018-01-15
2018-01-16,-5.552898528696041,29.97953002428646,-22.973597313048565,3322427,2018-01-22
2018-01-23,-3.6286795871447555,30.83694394886976,-23.38040228016699,3417469,2018-01-29
2018-01-30,-0.8220343849244619,29.155865858452607,-26.156600553892634,3395965,2018-02-05
2018-02-06,2.03216276200781,25.945852934399984,-25.259754842058907,3428810,2018-02-12
2018-02-13,-0.5709945767335496,23.23709426871787,-23.376184609510155,3341713,2018-02-19
2018-02-20,-3.5183213280930437,26.170822742905127,-22.04465065787635,3327297,2018-02-26
2018-02-27,-3.8127175237133493,27.252145293382718,-23.13575761141627,3331246,2018-03-05
2018-03-06,-1.600859541302941,24.138584171901034,-22.271045196081353,3320841,2018-03-12
2018-03-13,-2.224304225702404,22.12161173640596,-18.55168728638392,3763469,2018-03-19
2018-03-20,-4.022500180417764,27.097841550773182,-23.443901317466725,2757489,2018-03-26
2018-03-27,0.6730784100543883,19.2648481682222,-23.883374314432274,2974542,2018-04-02
2018-04-03,-0.13382714512464597,16.35158045435708,-22.067817765758267,3052445,2018-04-09
2018-04-10,-1.225612492739849,18.48767754369291,-23.60473097840435,3030240,2018-04-16
2018-04-17,-1.9869727309088598,21.206400524521968,-25.897507423468703,3007691,2018-04-23
2018-04-24,-0.6056302965108842,20.27118530359948,-28.301147165596934,3040799,2018-04-30
2018-05-01,2.790678725657948,16.96329941909002,-28.444319330851542,2994612,2018-05-07
2018-05-08,-0.16029951120691616,16.963582038426388,-25.986885680222542,2989404,2018-05-14
2018-05-15,-0.6414078704761257,16.37499664552749,-24.770995888889395,3055622,2018-05-21
2018-05-22,-0.6845032604526275,13.808080808080808,-22.555811277330264,3128400,2018-05-28
2018-05-29,-2.038789183247375,12.012140197407511,-20.24154518627962,3209503,2018-06-04
2018-06-05,-2.6411383151324994,12.775884416815183,-20.465013290191227,3242617,2018-06-11
2018-06-12,-2.856638627181161,14.635655742270476,-21.62234817547906,3411142,2018-06-18
2018-06-19,-3.6727542689670387,22.903812051608693,-18.040050597929724,2679161,2018-06-25
2018-06-26,-3.4884396010745,18.675014458407052,-15.773508030091351,2687018,2018-07-02
2018-07-03,-3.4178701385610917,17.87469452626925,-15.656686364369662,2677808,2018-07-09
2018-07-10,-4.562751337218747,19.48329735319995,-14.56122245718952,2720946,2018-07-16
2018-07-17,-5.4052905724456135,19.00799426193324,-12.615105201491264,2777242,2018-07-23
2018-07-24,-5.425629680911776,18.520920036875168,-12.761549937281988,2779106,2018-07-30
2018-07-31,-3.418479189410678,17.4168691305972,-13.853745269004342,2762632,2018-08-06
2018-08-07,-5.037961893254477,18.128544022724142,-12.772967033743512,2830470,2018-08-13
2018-08-14,-4.501018936688317,17.03638735341037,-12.868854726511433,2819606,2018-08-20
2018-08-21,-5.86881867524925,17.484857643289022,-11.325157256047664,2828985,2018-08-27
2018-08-28,-5.969363686202882,20.327228620962615,-14.05357374411659,2876521,2018-09-03
2018-09-04,-7.882789159566393,21.956156880202506,-14.912370442772238,2893316,2018-09-10
2018-09-11,-7.608552258490735,22.475189205544023,-16.04722060508082,2918387,2018-09-17
2018-09-18,-7.108734534681807,21.841231775710565,-15.029171896411201,3299237,2018-09-24
2018-09-25,-9.067094471334745,29.513434413532803,-20.39121726679375,2732088,2018-10-01
2018-10-02,-7.815439245943526,28.862505981780895,-20.245615875538718,2783452,2018-10-08
2018-10-09,-5.869967383593931,25.28382257942438,-18.76184390946263,2840595,2018-10-15
2018-10-16,-0.8503461693903203,18.020215763732523,-16.988768015381286,2875182,2018-10-22
2018-10-23,-2.132232820179119,15.07502097710499,-14.430878298542735,2919850,2018-10-29
2018-10-30,-0.9710895224199264,12.02129048019035,-13.582135004802238,2988190,2018-11-05
2018-11-06,-3.6806231478023936,13.788750337536126,-12.39881568180937,2940426,2018-11-12
2018-11-13,-4.481047180838084,16.03234456288599,-13.60407569533665,2967052,2018-11-19
2018-11-20,-2.4880321900395423,14.495256651688937,-15.481143833745566,3049639,2018-11-26
2018-11-27,-1.606071250215215,14.681888466158666,-14.379188461121897,3037661,2018-12-03
2018-12-04,-3.6454345890036404,15.74340265300064,-13.267997854267247,3072144,2018-12-10
2018-12-11,-0.5399364120255781,12.104871675793191,-13.433087180848077,3135184,2018-12-17
2018-12-18,1.4835435255467766,11.613291869341849,-16.253739754973275,3220465,2018-12-24
2018-12-24,5.307371576897194,19.095919871532388,-27.077397462693476,2808490,2018-12-30
2018-12-31,0.40131597501042715,23.355031236966045,-26.214709056122636,2694884,2019-01-06
2019-01-08,-2.139162961706065,25.47238723236209,-25.361942249029664,2628458,2019-01-14
2019-01-15,-4.309527306691373,24.91226682635272,-21.265737926567013,2655210,2019-01-21
2019-01-22,-5.321998682845576,24.591340326031208,-19.26500840685204,2676983,2019-01-28
2019-01-29,-3.873386475626618,23.92598435426546,-19.865480090199608,2694025,2019-02-04
2019-02-05,-6.987342821819498,22.96844374754998,-13.813851280041009,2653040,2019-02-11
2019-02-12,-6.74468249156773,21.585969850947997,-12.332923121580414,2645788,2019-02-18
2019-02-19,-7.468914558792196,21.182806745198306,-11.172153228015706,2628240,2019-02-25
2019-02-26,-8.093185978167895,24.073847001891888,-13.28897070073227,2699419,2019-03-04
2019-03-05,-7.323148487309854,25.057983946308294,-10.474692699378062,2623571,2019-03-11
2019-03-12,-5.982622235912125,23.29826086926325,-10.985301374434526,2879657,2019-03-18
2019-03-19,-8.135311021636635,30.064957935434293,-14.723478511450688,2498540,2019-03-25
2019-03-26,-5.693141858137869,29.927689654924556,-15.352331237925315,2504206,2019-04-01
2019-04-02,-7.038634555533885,30.0848220343442,-14.291806629023371,2527763,2019-04-08
2019-04-09,-7.362122880267892,30.498151945742986,-14.190954011843024,2558637,2019-04-15
2019-04-16,-7.171593146145804,31.290458791394272,-15.356784985327938,2621649,2019-04-22
2019-04-23,-4.948452071235287,29.70085055946089,-15.4101843500041,2682940,2019-04-29
2019-04-30,-3.2491775025635543,29.89559341456372,-17.00889077855512,2638914,2019-05-06
2019-05-07,-2.459548297042238,28.633255929315517,-15.173924444244324,2642843,2019-05-13
2019-05-14,-4.187267204369989,26.65585847153376,-13.979710013092376,2660327,2019-05-20
2019-05-21,-4.658584290241982,26.24271248271158,-12.791095567757424,2653510,2019-05-27
2019-05-28,-3.7050775620669025,25.39114881033414,-13.016976891441297,2695841,2019-06-03
2019-06-04,-2.5256362264417893,25.794030347868635,-13.414216278672193,2714128,2019-06-10
2019-06-11,-6.977956366939679,28.85346002256377,-12.91981069874434,2730040,2019-06-17
2019-06-18,-7.204025560272511,25.72155715184044,-10.27143438634211,3066008,2019-06-24
2019-06-25,-10.052274713976384,36.90572922597841,-15.356137952722973,2467541,2019-07-01
2019-07-02,-9.793259179118023,35.39202028987557,-14.551409425080909,2545506,2019-07-08
2019-07-09,-10.648231490205339,35.35390847405586,-14.03242988811556,2566398,2019-07-15
2019-07-16,-10.259097371165929,36.26019153555939,-15.567081931711268,2641285,2019-07-22
2019-07-23,-8.098329580546523,33.90262806195583,-15.406945029502056,2639816,2019-07-29
2019-07-30,-8.31710134327053,33.7994895867288,-14.57645958243939,2641389,2019-08-05
2019-08-06,-6.623878748009567,29.74387960873762,-11.975685969517931,2602448,2019-08-12
2019-08-13,-9.84110124717636,29.176052711086204,-10.14064586421792,2555212,2019-08-19
2019-08-20,-8.106356288754544,25.483607040945916,-9.686540354407112,2576472,2019-08-26
2019-08-27,-9.167896311526777,26.995388735658523,-8.906268382197458,2601022,2019-09-02
2019-09-03,-10.502099175144055,26.862187510022434,-7.860147133163607,2619124,2019-09-09
2019-09-10,-10.498877976362508,27.85633122049978,-8.916155164857356,2733454,2019-09-16
2019-09-17,-8.146248588903305,24.07147310070597,-8.7042172836178,2967550,2019-09-23
2019-09-24,-7.8499875917754665,32.867510425935,-14.555674593807186,2478195,2019-09-30
2019-10-01,-6.677608713378389,30.940695775309674,-14.229235609499721,2477294,2019-10-07
2019-10-08,-5.199144173798552,28.32656272579842,-14.293903241863228,2491160,2019-10-14
2019-10-15,-7.8294154740081,30.01796800887403,-13.193827423248278,2527826,2019-10-21
2019-10-22,-8.456686319214256,30.899187916583955,-11.913871878123947,2533853,2019-10-28
2019-10-29,-8.786098995348944,31.82952345232905,-13.050449589439076,2626285,2019-11-04
2019-11-05,-10.411856753920445,32.30401511784675,-13.204326213853296,2677630,2019-11-11
2019-11-12,-10.349336181990196,33.38073418846367,-13.588580454073771,2750302,2019-11-18
2019-11-19,-10.405188439180575,32.30677387513072,-14.217779301646566,2794058,2019-11-25
2019-11-26,-10.342896331009257,31.223689633793644,-14.813225407579047,2887170,2019-12-02
2019-12-03,-7.8912372883347475,29.224337002808266,-15.757488417550167,2893602,2019-12-09
2019-12-10,-7.8067847677594475,30.081870003323385,-16.51807027695443,2963845,2019-12-16
2019-12-17,-5.525702416885382,27.31548645545354,-17.887339525923686,3199738,2019-12-23
2019-12-24,-7.7170117316574345,38.71023560879257,-23.837778035495027,2716155,2019-12-30
2019-12-31,-6.959971826471059,37.785429756598944,-24.144831936665437,2720284,2020-01-06
2020-01-07,-7.022925667897975,38.07390288468742,-23.29797610923895,2709583,2020-01-13
2020-01-14,-8.729442301559526,40.47418388887615,-26.071715818190295,2703002,2020-01-20
2020-01-21,-9.294005936687117,39.707933169535295,-25.97901062667715,2772927,2020-01-27
2020-01-28,-8.348010736236036,38.32565634342825,-27.462822007752003,2741743,2020-02-03
2020-02-04,-8.136668689570085,39.21343286957315,-29.06556320189157,2697443,2020-02-10
2020-02-11,-10.205780152141083,39.65192716716125,-27.68599249189765,2779131,2020-02-17
2020-02-18,-8.51878970763348,39.58941967994753,-27.548517317538153,2839347,2020-02-24
2020-02-25,-4.349598070174205,31.167882184979145,-26.071109579503336,2843780,2020-03-02
2020-03-03,-4.2759845746733305,21.432795356093397,-22.53235381704425,3065867,2020-03-09
2020-03-10,-5.422289407851994,15.978753934052742,-17.865470664224564,3438566,2020-03-16
2020-03-17,-1.6671775544315048,7.552604605367747,-17.536786114861037,4554164,2020-03-23
2020-03-24,-0.10379014752597841,10.280947219125819,-12.73143079507289,3320161,2020-03-30
2020-03-31,-3.6463881510701346,13.997077539970135,-8.064384829722803,3439568,2020-04-06
2020-04-07,-5.012997756646956,13.176696974461047,-9.621327575374517,3447518,2020-04-13
2020-04-14,-8.216330863901314,17.002741203485584,-8.730998078769854,3434258,2020-04-20
2020-04-21,-7.128832983877843,16.61694043384405,-9.656831463916102,3389559,2020-04-27
2020-04-28,-9.906606818582715,17.77947261204913,-8.58694995641211,3327759,2020-05-04
2020-05-05,-9.306340765657014,15.176879114296357,-5.4001261540367285,3245239,2020-05-11
2020-05-12,-10.153956846045,16.04224919541022,-5.115830769334928,3249482,2020-05-18
2020-05-19,-11.215810304230297,14.960585328027218,-3.747139935232544,3213651,2020-05-25
2020-05-26,-13.038192325068273,16.975254775250466,-4.116429971266853,3202921,2020-06-01
2020-06-02,-12.205682993966946,16.167550886298134,-3.444646835142669,3215453,2020-06-08
2020-06-09,-12.746425741797962,18.009843758628087,-4.649502579921429,3277813,2020-06-15
2020-06-16,-12.952742033677959,14.795495599413695,-3.8484843887880578,3493739,2020-06-22
2020-06-23,-13.509926550097934,17.2477625264523,8.701821669737802,2603271,2020-06-29
2020-06-30,-10.287296022769763,14.949379126660578,7.583424543815401,2647722,2020-07-06
2020-07-07,-11.060508948345051,16.637917270493112,7.833039091284808,2618026,2020-07-13
2020-07-14,-12.091173837258234,18.671313304956392,7.414119895302114,2625841,2020-07-20
2020-07-21,-11.994961290650894,19.006089136697586,6.958872313454205,2633214,2020-07-27
2020-07-28,-9.997321646798122,20.585694269570773,3.701680562748829,2647149,2020-08-03
2020-08-04,-13.030050089710125,22.871149956022983,5.547493310038343,2676398,2020-08-10
2020-08-11,-13.485602548988748,24.893359088493025,4.725569469148744,2694088,2020-08-17
2020-08-18,-12.675421080207675,24.879584067651294,3.809305716871421,2729290,2020-08-24
2020-08-25,-13.491517276789128,25.985718291292965,3.754137580703307,2746170,2020-08-31
2020-09-01,-12.277725182022934,24.60241014818859,3.7572845917061852,2789621,2020-09-07
2020-09-08,-9.114879217735448,22.64163561987719,2.021357530800152,2706399,2020-09-14
2020-09-15,-8.76447828652462,21.470055856854604,-0.9878107991752826,2908148,2020-09-21
2020-09-22,-6.566244135043517,26.57270605038272,-9.141669204120907,2472951,2020-09-28
2020-09-29,-6.579321865605387,23.899288940493843,-8.593599655871133,2473492,2020-10-05
2020-10-06,-7.0151321182946385,23.71280071400014,-7.295805249193317,2476190,2020-10-12
2020-10-13,-9.8824210104672,26.948327554187085,-7.7935934421188495,2471530,2020-10-19
2020-10-20,-7.82751132946021,25.98532221001263,-9.009774790534337,2435244,2020-10-26
2020-10-27,-6.428784224188801,24.822585317852756,-9.778673799091157,2436946,2020-11-02
2020-11-03,-6.709475098932279,23.0644117573857,-8.795888399412629,2410740,2020-11-09
2020-11-10,-6.512751032005794,25.78600275851755,-9.116640427968473,2460742,2020-11-16
2020-11-17,-5.786811842909837,25.84898514705012,-9.404856303134308,2534850,2020-11-23
2020-11-24,-6.6591064836479985,27.08199555881743,-8.751663678289239,2549321,2020-11-30
2020-12-01,-5.865358864360592,26.852009974323032,-9.574135221837762,2617521,2020-12-07
2020-12-08,-6.24806407689109,27.705034744410266,-9.96437349016413,2715113,2020-12-14
2020-12-15,-4.332666948688383,24.977123238489362,-9.85909248345456,2999769,2020-12-21
2020-12-21,-6.022313421050613,30.43670021798055,-16.50666482491885,2475909,2020-12-27
2020-12-29,-6.819867101790584,30.883006756959546,-16.35420314097575,2498905,2021-01-04
2021-01-05,-7.089070601688675,30.805880602158624,-14.8129611353917,2553480,2021-01-11
2021-01-12,-7.36615991379745,31.512376877050436,-15.458781108981217,2578114,2021-01-18
2021-01-19,-7.736559114964445,32.3382992704212,-15.685867161567618,2599308,2021-01-25
2021-01-26,-9.015112873738444,31.960470789609925,-14.558486687642441,2617305,2021-02-01
2021-02-02,-7.215155408677923,28.500117580366464,-14.239152785177831,2640747,2021-02-08
2021-02-09,-8.810724718680758,30.573167435532124,-14.331552802808535,2619444,2021-02-15
2021-02-16,-10.93591574539268,30.965882042791115,-13.409842221754396,2636295,2021-02-22
2021-02-23,-7.942922390781754,30.3160243054443,-15.661095946491532,2652739,2021-03-01
2021-03-02,-5.012805302663727,25.479823923926347,-11.840396818025935,2767213,2021-03-08
2021-03-09,-3.6649546134426516,23.92818009869427,-13.206779529320862,2779898,2021-03-15
2021-03-16,-4.685780238747743,21.755114484282156,-10.985092301606057,3063652,2021-03-22
2021-03-23,-7.9328899008890685,28.989907817701393,-15.93502675396743,2540184,2021-03-29
2021-03-30,-7.7641359647891495,29.98693006179367,-17.23001531584644,2564664,2021-04-05
2021-04-06,-9.772555320035286,30.65648126592825,-16.612972640168593,2611712,2021-04-12
2021-04-13,-10.17180087167627,31.000453162720216,-16.937807766709714,2643642,2021-04-19
2021-04-20,-9.222767500114436,31.17526592686346,-18.370584616712893,2687111,2021-04-26
2021-04-27,-9.107923357797402,31.048922852495785,-18.284657664607252,2713231,2021-05-03
2021-05-04,-9.519201876667577,32.67536378544577,-18.76800632159332,2705647,2021-05-10
2021-05-11,-8.455115844656683,32.56078455002862,-20.454565996806362,2655280,2021-05-17
2021-05-18,-7.77191254828318,31.83544786943312,-21.674834730301225,2619960,2021-05-24
2021-05-25,-6.678461181364423,31.069310441252533,-21.76844613970286,2735735,2021-05-31
2021-06-01,-7.493123817535096,30.994455693970497,-21.096257882497135,2767524,2021-06-07
2021-06-08,-6.658828559213339,30.953647454189326,-21.33741880776491,2816156,2021-06-14
2021-06-15,-7.533507523916992,30.6417830307237,-20.449901817325696,3117658,2021-06-21
2021-06-22,-6.678851305285262,37.763642972927016,-24.028232166509873,2563884,2021-06-28
2021-06-29,-7.364608586275878,37.58528244737829,-23.57055789602608,2571895,2021-07-05
2021-07-06,-6.917614811591627,36.82409243148995,-22.18724240743521,2610712,2021-07-12
2021-07-13,-7.496045596062766,36.77690628100655,-22.272259001682045,2632508,2021-07-19
2021-07-20,-6.630529423604477,35.4042032596233,-22.67646984962764,2667977,2021-07-26
2021-07-27,-7.59658588668651,34.332397886186975,-22.46880790680981,2666461,2021-08-02
2021-08-03,-7.565456139797963,33.51617609708439,-21.883994831361107,2697035,2021-08-09
2021-08-10,-7.56658698897689,34.09818229553328,-21.88758251758261,2696698,2021-08-16
2021-08-17,-6.416036963064547,33.31579673996079,-21.965337923036568,2716225,2021-08-23
2021-08-24,-6.480156129378707,32.08794627715442,-21.322866418230443,2744903,2021-08-30
2021-08-31,-7.040155615392235,32.66215790279441,-21.911115513809964,2776075,2021-09-06
2021-09-07,-5.648590389930523,32.44163243508968,-22.228038004565782,2827555,2021-09-13
2021-09-14,-4.417312604345354,28.29585502160225,-20.38462987811971,3051765,2021-09-20
2021-09-21,-5.129829392939208,34.896487458528334,-22.597680317921913,2453181,2021-09-27
2021-09-28,-1.7794198196937054,33.31039556860291,-22.36476824447561,2457374,2021-10-04
2021-10-05,-1.7314685234350542,32.604263723802006,-21.810587141050146,2437353,2021-10-11
2021-10-12,-0.9032679015114663,30.687972476273977,-21.640021921109803,2403163,2021-10-18
2021-10-19,-3.9516263182528024,32.98890842864727,-18.951372818170885,2386587,2021-10-25
2021-10-26,-2.9472659945400976,33.23575092367157,-20.33503756021798,2404805,2021-11-01
2021-11-02,-1.5567464701917941,31.362731919614497,-20.075363980310296,2431931,2021-11-08
2021-11-09,-1.5167749335057288,30.870529378079613,-19.305653776923823,2437804,2021-11-15
2021-11-16,-1.7622756827789712,31.55464146313446,-19.691522322348746,2454894,2021-11-22
2021-11-23,-0.1031638684536457,31.38706733183536,-20.22215461384416,2455317,2021-11-29
2021-11-30,2.3149590116596315,27.151997399942807,-19.039325068486495,2510714,2021-12-06
2021-12-07,0.6725705670138559,25.80911499958439,-18.465563917668867,2514383,2021-12-13
2021-12-14,1.6223213763866187,21.22772797683031,-16.30166341577989,2754633,2021-12-20
2021-12-21,-0.46261852251181745,29.543840012236295,-21.496930096197246,2262123,2021-12-27
2021-12-28,-4.251455076639573,32.173978037040854,-19.869379662670486,2287852,2022-01-03
2022-01-04,-4.303984259714707,31.849918817389185,-19.82196414035668,2297290,2022-01-10
2022-01-11,-2.5295664175941206,31.931993736403474,-21.395104025446738,2283672,2022-01-17
2022-01-18,-0.5623420442237212,31.32149947488768,-23.77486058332922,2309982,2022-01-24
2022-01-25,4.504221985600648,27.244386694954763,-25.82643681398251,2378857,2022-01-31
2022-02-01,2.137901171163006,27.77134891060255,-22.52451762699056,2283969,2022-02-07
2022-02-08,2.6253065705312904,25.045708102251613,-20.631540900062827,2229911,2022-02-14
2022-02-15,1.3446900204954229,22.781061048874072,-17.991571901581445,2270263,2022-02-21
2022-02-22,3.0923714232161625,20.953893263526336,-18.211202675466954,2374165,2022-02-28
2022-03-01,-0.9987886870406267,19.41975093529109,-12.203517331157549,2387492,2022-03-07
2022-03-08,0.6545562940173916,17.159541014057233,-11.99851532081347,2435543,2022-03-14
2022-03-15,-1.8166619494888994,17.09598146787989,-9.969764890955757,2582759,2022-03-21
2022-03-22,-12.799860964243281,24.38704220843335,-4.2565020289465245,2111687,2022-03-28
2022-03-29,-13.320824188497529,26.413115923264037,-4.224336324301938,2120049,2022-04-04
2022-04-05,-11.72107237378066,25.13794804549847,-5.544260461364417,2122357,2022-04-11
2022-04-12,-4.671327841362432,22.15977342258829,-8.980573184476166,2156967,2022-04-18
2022-04-19,-5.39573660700844,21.919291160771483,-7.315370551283887,2158797,2022-04-25
2022-04-26,-0.3066118658792095,16.422076784371555,-8.379857425482367,2191696,2022-05-02
2022-05-03,-3.78059414834421,16.56858368414714,-4.752082018441834,2208674,2022-05-09
2022-05-10,-0.38250080903430483,12.253686632277551,-5.555413102642138,2261956,2022-05-16
2022-05-17,-4.330296624186484,13.653157995461143,-3.9960321636297356,2252109,2022-05-23
2022-05-24,-6.470288939253487,12.85561524747687,-3.6478232635817536,2262171,2022-05-30
2022-05-31,-8.999113899915372,15.687864498796046,-3.8113363300592313,2260467,2022-06-06
2022-06-07,-10.202697338825626,15.05592259043318,-1.2374857767859504,2267420,2022-06-13
2022-06-14,-6.627187547915743,7.780405281948946,0.30673610109105676,2654399,2022-06-20
2022-06-21,-9.055510069831882,8.31718246298415,3.997694080116569,2262004,2022-06-27
2022-06-28,-11.809339412505764,8.672248085732162,5.717834319279286,2248771,2022-07-04
2022-07-05,-13.769719141484149,8.902968551138663,5.90466737772281,2309241,2022-07-11
2022-07-12,-15.944045081507435,9.62900957032767,7.394178410238266,2317580,2022-07-18
2022-07-19,-18.223120695716517,10.599322833411625,10.340942714892485,2335319,2022-07-25
2022-07-26,-19.55994083064408,12.729074609182616,9.162683009991285,2322824,2022-08-01
2022-08-02,-21.89659686713565,13.888382781580194,12.381370730936766,2310665,2022-08-08
2022-08-09,-21.901479872035516,12.869467875799995,14.781759320306097,2299388,2022-08-15
2022-08-16,-25.516276365769,16.029586262863223,15.788219709627043,2346224,2022-08-22
2022-08-23,-22.051496906253515,14.524253306878876,14.295366720783262,2329538,2022-08-29
2022-08-30,-21.065103029975283,14.020969521702797,13.601476081277175,2329953,2022-09-05
2022-09-06,-19.555414403553574,11.724719028298097,14.60789270143327,2314290,2022-09-12
2022-09-13,-20.182278761112943,12.042737623537963,15.073686750061274,2603046,2022-09-19
2022-09-20,-16.190679030855357,13.262217763292483,11.008621116457467,2141022,2022-09-26
2022-09-27,-12.840271491997324,9.764141103498043,8.331699403458916,2233878,2022-10-03
2022-10-04,-15.056660261753827,8.730964915965922,8.474429362066259,2261285,2022-10-10
2022-10-11,-15.23337931349367,7.910636343760674,9.135856886092421,2277794,2022-10-17
2022-10-18,-17.687580834438233,9.559456056452076,9.68455417052204,2336566,2022-10-24
2022-10-25,-18.876808771525734,11.838900781768666,8.22499898383622,2361824,2022-10-31
2022-11-01,-16.942360437384,13.730067603567578,2.3848477625174875,2336711,2022-11-07
2022-11-08,-16.909088164837133,13.920811420956964,2.816902015830816,2318895,2022-11-14
2022-11-15,-20.109758486099263,18.13724632591554,1.3718317275504381,2343509,2022-11-21
2022-11-22,-18.92241448527979,19.733411687196217,-0.7765365480407121,2304077,2022-11-28
2022-11-29,-18.11774068740611,20.821878509086307,-2.678084982374368,2314527,2022-12-05
2022-12-06,-18.85599934606553,20.271444001834162,-1.2656429561509837,2287691,2022-12-12
2022-12-13,-19.23710407970482,19.706476016696676,-0.38237645026118827,2477140,2022-12-19
2022-12-20,-10.996719928610506,22.345907863061424,-9.690831755037001,1986847,2022-12-26
2022-12-27,-12.58210073879193,22.754128618117484,-7.941324930786056,1961310,2023-01-02
2023-01-03,-13.73518395859564,21.703722931323583,-5.740140706396233,2010996,2023-01-09
2023-01-10,-15.513641377450964,22.783565207722653,-5.614085840262997,2032566,2023-01-16
2023-01-17,-18.781826351148958,25.736893086801082,-5.316386510489809,2056472,2023-01-23
2023-01-24,-18.532214141511936,26.241962580213656,-6.072848895767071,2024437,2023-01-30
2023-01-31,-19.222778096059074,27.842520128125336,-6.838978393038969,2061419,2023-02-06
2023-02-07,-19.10908749073346,27.445270193260292,-6.48258280461705,2053086,2023-02-13
2023-02-14,-19.909340779744426,27.2080726391109,-4.485040313589202,2076347,2023-02-20
2023-02-21,-17.10375485782984,26.275858212588567,-4.903479705334237,2074486,2023-02-27
2023-02-28,-14.14555175450593,23.568742342625427,-5.081822995808645,2113159,2023-03-06
2023-03-07,-14.260004715988279,24.470822518047093,-3.5732283752482807,2133169,2023-03-13
2023-03-14,-9.889085937034494,19.255118809055645,-2.5841008802877634,2550984,2023-03-20
2023-03-21,-21.484314834074375,22.157323970860933,6.582627774249013,2149005,2023-03-27
2023-03-28,-21.02587394829318,20.033124330137912,8.693362810377215,2142232,2023-04-03
2023-04-04,-25.492630812538973,22.14806678224763,7.900069925280873,2219512,2023-04-10
2023-04-11,-23.612422497263694,23.80197369854777,7.32649638487344,2248469,2023-04-17
2023-04-18,-24.02190033801207,25.960564819443793,5.433299346316871,2278321,2023-04-24
2023-04-25,-20.966866361196118,25.795548933398184,2.580861278651104,2265794,2023-05-01
2023-05-02,-20.5547620731725,26.05598934707798,3.501783468200931,2276183,2023-05-08
2023-05-09,-22.353880812225448,25.990883432574464,4.191208395917012,2296259,2023-05-15
2023-05-16,-21.735092342793514,26.58104026452783,3.563893304334479,2306298,2023-05-22
2023-05-23,-21.706407883530822,26.30464522099503,2.286188732639937,2385936,2023-05-29
2023-05-30,-21.271948898231344,25.166747296431218,3.0067620783320503,2494943,2023-06-05
2023-06-06,-23.043101600171504,26.64256756972953,3.2358597122187063,2500232,2023-06-12
2023-06-13,-18.523505675728845,26.264055184786212,-0.2966154743577573,2907468,2023-06-19
2023-06-20,-17.106773719936236,35.908112860107515,-9.828335540501346,2223815,2023-06-26
2023-06-27,-14.431026457697222,34.4728715558494,-14.316674850967988,2187114,2023-07-03
2023-07-03,-13.235616036877365,35.14498390776317,-15.225933557786417,2211004,2023-07-09
2023-07-11,-13.900028376086787,34.40082331382911,-15.268416510266306,2209607,2023-07-17
2023-07-18,-16.88766098838196,35.94489706345966,-15.864850656186738,2280677,2023-07-24
2023-07-25,-17.978916456156632,35.763570820746196,-15.441117145212027,2243361,2023-07-31
2023-08-01,-17.062793381417812,36.594284195063764,-16.260562623201793,2241749,2023-08-07
2023-08-08,-14.742074682147843,34.85379948499106,-16.946278743075712,2221709,2023-08-14
2023-08-15,-13.334270234819945,35.112500247738375,-17.692033274416644,2220084,2023-08-21
2023-08-22,-14.865071905801653,33.82193380060979,-17.53455967272131,2232226,2023-08-28
2023-08-29,-15.599195968198584,33.31347361847827,-16.291213685827838,2267572,2023-09-04
2023-09-05,-14.84188813541316,34.53225977797057,-17.606189911294464,2259160,2023-09-11
2023-09-12,-9.924433489249113,31.00187130678797,-18.85928852249298,2520164,2023-09-18
2023-09-19,-15.267218508007355,41.167932825725735,-21.001303179395467,2097946,2023-09-25
2023-09-26,-13.26747902367462,35.52961011354536,-20.461460446247465,2137648,2023-10-02
2023-10-03,-12.299570540038186,32.55967865805689,-20.489898663912733,2138034,2023-10-09
2023-10-10,-13.733491487176519,32.15740164807877,-16.92106290954854,2073930,2023-10-16
2023-10-17,-12.33836658352344,31.81991830219289,-16.990284597894643,2112419,2023-10-23
2023-10-24,-9.073354422521325,28.294073715792617,-18.252710738992576,2158452,2023-10-30
2023-10-31,-10.62924399764748,27.78309910060703,-18.59907324679529,2174689,2023-11-06
2023-11-07,-12.52762349129708,30.749967744853297,-18.20677913649873,2177947,2023-11-13
2023-11-14,-13.27156426264958,31.783953570137065,-18.847516461086443,2192899,2023-11-20
2023-11-21,-13.884655662360828,33.85493528743236,-19.180131898113306,2240214,2023-11-27
2023-11-28,-13.97626380875602,34.70586790438503,-18.94162623350033,2279894,2023-12-04
2023-12-05,-15.270653301071551,35.24533356377463,-19.820126166609057,2314400,2023-12-11
2023-12-12,-13.716431737824356,30.890402905273785,-16.231060336557004,2670454,2023-12-18
2023-12-19,-14.262664507933623,40.92239923606451,-25.271368233881503,2156203,2023-12-25
2023-12-26,-16.470693583716148,40.75384874493867,-25.17393065415557,2155313,2024-01-01
2024-01-02,-17.548999083834747,42.99102068012326,-26.68926691022706,2221215,2024-01-08
2024-01-09,-14.145251406762599,42.00648341939268,-30.95556657952101,2209328,2024-01-15
2024-01-16,-13.471868337169498,41.82585292123748,-28.71843168669096,2217057,2024-01-22
2024-01-23,-17.286176447797573,40.16418704255514,-25.946545432771895,2271312,2024-01-29
2024-01-30,-18.603047699067325,41.988345377021204,-26.37868646205751,2308955,2024-02-05
2024-02-06,-17.893866287104686,39.872202525915334,-24.81081751643717,2297385,2024-02-12
2024-02-13,-16.223721271468907,40.096384553161144,-24.455613681954915,2338964,2024-02-19
2024-02-20,-17.962653570692133,40.693849595751615,-24.036172922999302,2322953,2024-02-26
2024-02-27,-18.52312377897404,40.10689575744132,-24.5021626555875,2344340,2024-03-04
2024-03-05,-17.111557948720968,38.615769797413215,-22.675218919820313,2377697,2024-03-11
2024-03-12,-18.444267137207053,34.11804853679837,-18.50105606497161,2678339,2024-03-18
2024-03-19,-20.664528303868387,45.2000693161806,-29.744995701155602,2094749,2024-03-25
2024-03-26,-21.62690065793463,45.130250970226186,-28.206389091019346,2110848,2024-04-01
2024-04-02,-17.63637373146559,44.723681829886914,-31.671741921155338,2089222,2024-04-08
2024-04-09,-16.299391425267586,45.15628338711921,-34.74593164134484,2091937,2024-04-15
2024-04-16,-9.565622259609755,41.08616810488059,-34.55621983487914,2100522,2024-04-22
2024-04-23,-9.977416593725971,40.704437856945965,-33.68897765355024,2067890,2024-04-29
2024-04-30,-9.764211416186988,41.11486169900967,-34.0539646018052,2006204,2024-05-06
2024-05-07,-12.814042516525316,42.47122687379215,-31.96080700156329,2030975,2024-05-13
2024-05-14,-14.05393405497197,44.171511467269426,-32.325115071522376,2081097,2024-05-20
2024-05-21,-15.551524275428601,43.91437300327111,-32.20122325611058,2148201,2024-05-27
2024-05-28,-15.580087634666848,44.70840667953981,-32.068314851695,2179731,2024-06-03
2024-06-04,-15.991288993743593,44.184190375486224,-33.12325870151563,2160026,2024-06-10
2024-06-11,-16.218642105188835,42.85542183561508,-31.988318235414564,2266096,2024-06-17
2024-06-18,-14.309270724575146,37.27302848292681,-27.625973285457256,2595590,2024-06-24
2024-06-25,-14.613375976681105,49.284391320189464,-40.31729484636249,1976080,2024-07-01
2024-07-02,-13.563541254517483,46.55061200165334,-39.33643449515631,2037086,2024-07-08
2024-07-09,-15.876370702365957,47.72041089336106,-37.64248957631505,2048220,2024-07-15
2024-07-16,-16.853675609698914,47.95108341742396,-36.85231676257544,2090007,2024-07-22
2024-07-23,-13.426010278514427,48.610309874593526,-38.28397363596709,2047183,2024-07-29
2024-07-30,-11.935118915260201,46.271952223750795,-37.98417069648446,2046205,2024-08-05
2024-08-06,-10.354204737406915,43.837797173904676,-37.10348429338238,2025834,2024-08-12
2024-08-13,-13.59827408450926,46.6764518388516,-35.524798721893866,2033008,2024-08-19
2024-08-20,-17.118240291451485,47.1682262493564,-34.54409022826206,2050976,2024-08-26
2024-08-27,-16.142458172421385,46.781094001164384,-36.039989061322345,2098974,2024-09-02
2024-09-03,-12.685263986793185,46.91215217836036,-37.26159832655446,2106791,2024-09-09
2024-09-10,-11.663964098894969,45.54915605230663,-36.06256355516646,2156591,2024-09-16
2024-09-17,-13.620351491941424,39.480243113967425,-28.330141945686975,2579860,2024-09-23
2024-09-24,-15.613343290818522,52.18999507339084,-41.9534494084159,2046032,2024-09-30
2024-10-01,-14.412568010665513,50.512256933184396,-42.847403884264764,2081475,2024-10-07
2024-10-08,-15.316819933485654,49.0169839922017,-41.579718047818496,2132773,2024-10-14
2024-10-15,-14.448893641613736,48.39890675126395,-42.17417943427627,2185413,2024-10-21
2024-10-22,-13.547486927707041,48.847525433464156,-42.58073632885563,2186686,2024-10-28
2024-10-29,-13.339694506869929,48.317048390882896,-43.31922284230085,2168363,2024-11-04
2024-11-05,-8.846686983257266,46.479783933386,-44.399988600533256,2140451,2024-11-11
2024-11-12,-12.272106640134284,48.352850859140965,-43.23594254975717,2235256,2024-11-18
2024-11-19,-11.13288727603635,47.869410286405255,-43.168945418396696,2259351,2024-11-25
2024-11-26,-13.418556080404928,48.515180879405804,-40.44520370111221,2272398,2024-12-02
2024-12-03,-15.767377096214641,48.10227483103498,-38.579562055323485,2279466,2024-12-09
2024-12-10,-12.761360933076546,46.865174431334964,-38.79414663356579,2324611,2024-12-16
2024-12-17,-9.867682067164353,40.09645534317918,-36.131462777636536,2596020,2024-12-23
2024-12-24,-15.922533757674382,49.974510735732494,-39.5301526955737,2083230,2024-12-30
2024-12-31,-15.767970046360524,47.8014211268755,-39.394107200453895,2058648,2025-01-06
2025-01-07,-16.358222919412217,47.92638330919426,-38.7352187425547,2069259,2025-01-13
2025-01-14,-14.547549276206038,45.28137215093269,-38.697806848035064,2044090,2025-01-20
2025-01-21,-19.03662663168455,45.801482860775195,-37.45767797103712,2036469,2025-01-27
2025-01-28,-19.51006692263122,47.44315806352289,-37.31111301297431,2033094,2025-02-03
2025-02-04,-15.655185695193166,44.72322735624894,-37.04723719666793,2071863,2025-02-10
2025-02-11,-17.073365014450157,44.57698172731249,-36.35629951963185,2096517,2025-02-17
2025-02-18,-16.767948363074957,44.84557350966896,-36.41034153159428,2120653,2025-02-24
2025-02-25,-15.798694044587544,43.30961148578758,-37.7143523446639,2126872,2025-03-03
2025-03-04,-13.204373885803577,41.7940121341951,-39.94582162586477,2180944,2025-03-10
2025-03-11,-8.47927494734186,37.09660885077331,-40.69996775674568,2282648,2025-03-17
2025-03-18,-7.361377643749936,32.48601338247688,-35.57400390992642,2560662,2025-03-24
2025-03-25,-11.309898855111792,44.12589769041016,-41.4477106333499,2074351,2025-03-31
2025-04-01,-12.36704155321416,41.931099798745116,-40.26366757428673,2111750,2025-04-07
2025-04-08,-11.451679139506911,34.85786620553309,-34.586904503682696,2332802,2025-04-14
2025-04-15,-10.608559114316462,37.183052631000024,-34.79912993581764,2181908,2025-04-21
2025-04-22,-11.39693237318388,36.798442834540765,-35.23815471729536,2209656,2025-04-28
2025-04-29,-11.708864318367974,38.86449643031858,-35.30980973569925,2134084,2025-05-05
2025-05-06,-12.065650818409,38.251879875443606,-32.49836430683167,2133652,2025-05-12
2025-05-13,-13.578077887378933,40.269157858590994,-31.666219795003503,2125890,2025-05-19
2025-05-20,-14.125302554611224,41.32351911463863,-31.971482749419494,2113668,2025-05-26
2025-05-27,-12.241035979179667,40.530763207058534,-33.86684569299951,2112166,2025-06-02
2025-06-03,-13.469236701819609,38.31152871514251,-32.428943123423274,2123862,2025-06-09
2025-06-10,-14.131108781879115,37.14769803980289,-27.352378177344487,2223909,2025-06-16
2025-06-17,-13.259862881640522,34.5575324899006,-23.405952135097255,2450146,2025-06-23
2025-06-24,-14.542460792047295,44.59644859496001,-32.268102665886325,1886352,2025-06-30
2025-07-01,-16.228381109214276,44.51459556606763,-33.89798628132295,1887354,2025-07-07
2025-07-08,-18.305770371017868,45.472147594107774,-32.35345536653667,1899046,2025-07-14
2025-07-15,-17.811731122979516,44.751141482928254,-30.5908126573268,1935859,2025-07-21
2025-07-22,-17.80393032394161,44.45742740251523,-30.22149216266928,1917043,2025-07-28
2025-07-29,-18.817712884752343,44.93383132562382,-30.74980521964993,1941931,2025-08-04
2025-08-05,-17.03433336580532,44.46467833353759,-32.0678161750303,1909338,2025-08-11
2025-08-12,-19.653460591902768,45.0418399304421,-30.745171015983374,1967857,2025-08-18
2025-08-19,-18.5021662779774,44.08987204906347,-31.16204164419359,1974585,2025-08-25
2025-08-26,-20.836419577232064,43.16761339004591,-28.896755542233443,2018365,2025-09-01
2025-09-02,-19.13512853281913,43.09179585525272,-30.34423758585666,1997661,2025-09-08
2025-09-09,-20.470204278979814,43.60457517303325,-30.225417387740904,2035158,2025-09-15
2025-09-16,-19.499412742482345,36.795450057658385,-23.42502706392999,2435899,2025-09-22
2025-09-23,-23.11687938914708,46.825359806907,-30.262273722345267,1950977,2025-09-29
2025-09-30,-22.498201830554514,48.180849765710235,-32.12629868508377,1942253,2025-10-06
2025-10-07,-23.579775748402046,48.633194606565624,-30.61420670049263,1951558,2025-10-13
2025-10-14,-21.593449203959672,47.79056819736989,-31.464795069899765,1929048,2025-10-20
2025-10-21,-23.425800406258766,47.95292965264026,-30.83502961949362,1882544,2025-10-27
2025-10-28,-23.252997563394747,46.990776967188225,-29.686993129623048,1929734,2025-11-03
2025-11-04,-20.72384648692088,46.042728178503204,-31.651886655968692,1956133,2025-11-10
2025-11-10,-21.35174247659275,45.59680220804728,-31.23429863052006,1981117,2025-11-16
2025-11-18,-17.61662379989398,44.76719415702982,-33.32063691516306,2037320,2025-11-24
2025-11-25,-18.491792703101265,43.713694408685434,-33.19679453316864,2070962,2025-12-01
2025-12-02,-21.36135606420976,45.3276250706665,-31.70220836122642,2074887,2025-12-08
2025-12-09,-21.018004877089588,44.86273202022764,-31.087639553093815,2141031,2025-12-15
2025-12-16,-15.779302951409655,39.30908201838129,-29.772539008633537,2466313,2025-12-22
2025-12-23,-19.41688640132453,49.0264084516255,-37.21248947549917,1911017,2025-12-29
2025-12-30,-18.943555237684578,48.64293478681845,-37.14339567104486,1936495,2026-01-05
2026-01-06,-21.377600663680994,49.41313679219825,-36.28513404947692,1945513,2026-01-12
2026-01-13,-23.35767493771444,48.77573583903641,-35.28481667330941,1909351,2026-01-19
2026-01-20,-21.489586955280735,46.312178565682885,-34.42802206641722,1926910,2026-01-26
2026-01-27,-22.50386173945077,48.04462384207106,-35.21331927243828,1897461,2026-02-02
2026-02-03,-23.237260925207263,48.39189079874471,-34.390212789788414,1928476,2026-02-09
2026-02-10,-21.89732283594786,47.788944256154394,-35.02308577240436,1934958,2026-02-16
2026-02-17,-23.614992192625973,49.68567054407479,-33.94427518577481,1966090,2026-02-23
2026-02-24,-23.566376296601817,50.225362334646704,-33.6659402457669,2017196,2026-03-02
2026-03-03,-19.7182264757249,48.757796376337936,-35.38692300264032,2060733,2026-03-09
2026-03-10,-17.528196241836614,45.016426940181894,-32.97432789775232,1996720,2026-03-16
2026-03-17,-14.609902177881878,38.050525623868616,-28.86617046938226,2330659,2026-03-23
2026-03-24,-18.310247347191133,46.737269896133014,-35.594541516199385,1879423,2026-03-30
2026-03-31,-11.983556571646844,47.01368591450013,-42.06474176352535,1947769,2026-04-06
2026-04-07,-12.673488536045493,48.75018791243539,-41.916758678962616,1929090,2026-04-13
2026-04-14,-21.456850066051548,51.20490476122417,-35.40393532461221,1959076,2026-04-20
2026-04-21,-21.001244322745638,51.6945047590379,-36.60280026098689,1963317,2026-04-27
2026-04-28,-20.79101683577959,50.75760242824627,-35.99816932517591,1959933,2026-05-04
2026-05-05,-20.419482966365397,50.80724561487359,-35.69916762464877,1987685,2026-05-11
2026-05-12,-21.030634233832902,51.301289885513725,-35.80695535370817,2056229,2026-05-18
2026-05-19,-19.413346173909556,48.60757584327922,-34.506824698577624,2068443,2026-05-25
2026-05-26,-21.8654665768064,47.93642211269375,-32.335222086518996,2093621,2026-06-01
2026-06-02,-23.298193632978492,45.68420053498205,-28.82458888783942,2149231,2026-06-08
2026-06-09,-20.497157724073197,44.666942633412674,-31.01562117028056,2203164,2026-06-15
2026-06-16,-19.982014946199882,38.14106638965549,-24.232107972340227,2579920,2026-06-22
2026-06-23,-18.85960083908428,50.13139728539874,-38.17187088121019,1980254,2026-06-29
2026-06-30,-18.324270384771605,49.624104105040395,-38.19660455873853,1967167,2026-07-06
2026-07-07,-18.372684089852136,49.2777345661838,-37.1177720147276,1969636,2026-07-13
