session_date,session_open,session_close,opening_complete,execution_complete,prior_rth_profile_complete,usable,day_regime,prior_poc,prior_val,prior_vah,opening_range_high,opening_range_low,opening_delta_proxy
2024-01-02,2024-01-02 14:30:00+00:00,2024-01-02 21:00:00+00:00,True,True,False,False,unclassified,,,,,,
2024-01-03,2024-01-03 14:30:00+00:00,2024-01-03 21:00:00+00:00,True,True,True,True,balance,16598.61625,16535.90125,16619.521249999998,16490.64,16430.13,15062.776762862479
2024-01-04,2024-01-04 14:30:00+00:00,2024-01-04 21:00:00+00:00,True,True,True,True,balance,16417.237916666665,16406.299583333333,16455.52208333333,16352.87,16296.0,4072.822861543993
2024-01-05,2024-01-05 14:30:00+00:00,2024-01-05 21:00:00+00:00,True,True,True,True,balance,16365.515833333331,16328.605833333335,16377.819166666664,16350.44,16292.31,9752.435125014817
2024-01-08,2024-01-08 14:30:00+00:00,2024-01-08 21:00:00+00:00,True,True,True,True,imbalance_up,16327.210625,16269.500625,16363.279375000002,16495.24,16367.5,26680.899707060064
2024-01-09,2024-01-09 14:30:00+00:00,2024-01-09 21:00:00+00:00,True,True,True,True,balance,16514.0675,16488.5775,16641.5175,16574.83,16521.07,8660.162878058281
2024-01-10,2024-01-10 14:30:00+00:00,2024-01-10 21:00:00+00:00,True,True,True,True,balance,16689.866875,16603.304375,16724.491875,16736.42,16676.29,-400.81090717694497
2024-01-11,2024-01-11 14:30:00+00:00,2024-01-11 21:00:00+00:00,False,True,True,False,unclassified,,,,,,
2024-01-12,2024-01-12 14:30:00+00:00,2024-01-12 21:00:00+00:00,True,True,False,False,unclassified,,,,,,
2024-01-16,2024-01-16 14:30:00+00:00,2024-01-16 21:00:00+00:00,True,True,True,True,balance,16825.3525,16803.8125,16846.8925,16822.16,16731.29,10829.511246806276
2024-01-17,2024-01-17 14:30:00+00:00,2024-01-17 21:00:00+00:00,True,True,False,False,unclassified,,,,,,
2024-01-18,2024-01-18 14:30:00+00:00,2024-01-18 21:00:00+00:00,True,True,True,True,balance,16686.110625,16612.614375,16694.276875,16935.89,16877.25,11178.311415463548
2024-01-19,2024-01-19 14:30:00+00:00,2024-01-19 21:00:00+00:00,True,True,True,True,imbalance_up,16912.45229166667,16881.950624999998,16965.830208333333,17094.99,17048.72,3883.8675303605182
2024-01-22,2024-01-22 14:30:00+00:00,2024-01-22 21:00:00+00:00,True,True,True,True,balance,17078.07104166667,17054.590208333335,17230.696458333336,17471.87,17379.25,17503.381503116037
2024-01-23,2024-01-23 14:30:00+00:00,2024-01-23 21:00:00+00:00,True,True,True,True,balance,17349.791875,17337.271041666667,17387.354375,17377.66,17300.16,-1465.8775559516307
2024-01-24,2024-01-24 14:30:00+00:00,2024-01-24 21:00:00+00:00,True,True,True,True,balance,17361.7425,17329.612500000003,17367.0975,17585.08,17529.45,-285.58519797719464
2024-01-25,2024-01-25 14:30:00+00:00,2024-01-25 21:00:00+00:00,True,True,True,True,balance,17602.275,17515.778333333332,17618.001666666667,17617.48,17554.84,-28959.335184347652
2024-01-26,2024-01-26 14:30:00+00:00,2024-01-26 21:00:00+00:00,True,True,True,True,balance,17588.732291666667,17518.728958333333,17623.733958333334,17467.16,17413.52,-433.0658451263289
2024-01-29,2024-01-29 14:30:00+00:00,2024-01-29 21:00:00+00:00,True,True,True,True,balance,17424.246875,17403.058541666665,17471.920625,17488.0,17434.38,1359.3236852617147
2024-01-30,2024-01-30 14:30:00+00:00,2024-01-30 21:00:00+00:00,True,True,True,True,balance,17445.418749999997,17437.25125,17502.591249999998,17591.06,17561.43,12511.502146483626
2024-01-31,2024-01-31 14:30:00+00:00,2024-01-31 21:00:00+00:00,True,True,True,True,balance,17542.634791666667,17497.058125000003,17582.514375000002,17334.36,17255.36,3260.1606964799175
2024-02-01,2024-02-01 14:30:00+00:00,2024-02-01 21:00:00+00:00,True,True,True,True,balance,17249.289375,17196.537291666667,17291.491041666668,17249.61,17197.36,8633.957064800059
2024-02-02,2024-02-02 14:30:00+00:00,2024-02-02 21:00:00+00:00,True,True,True,True,imbalance_up,17235.1525,17187.9025,17282.4025,17537.66,17382.9,31711.67763051769
2024-02-05,2024-02-05 14:30:00+00:00,2024-02-05 21:00:00+00:00,True,True,True,True,balance,17670.262499999997,17542.545833333334,17683.034166666665,17656.93,17596.3,7763.879112190846
2024-02-06,2024-02-06 14:30:00+00:00,2024-02-06 21:00:00+00:00,True,True,True,True,balance,17621.865208333333,17566.597291666665,17661.342291666668,17689.56,17573.81,-25301.830565864373
2024-02-07,2024-02-07 14:30:00+00:00,2024-02-07 21:00:00+00:00,True,True,True,True,balance,17555.8725,17512.7475,17573.1225,17701.43,17644.45,-13290.51224687718
2024-02-08,2024-02-08 14:30:00+00:00,2024-02-08 21:00:00+00:00,True,True,True,True,balance,17771.08625,17732.121250000004,17784.074583333335,17777.010000000002,17732.620000000003,2129.242867101675
2024-02-09,2024-02-09 14:30:00+00:00,2024-02-09 21:00:00+00:00,True,True,True,True,imbalance_up,17771.4,17764.013333333336,17804.64,17868.09,17802.58,21870.716217249403
2024-02-12,2024-02-12 14:30:00+00:00,2024-02-12 21:00:00+00:00,True,True,True,True,imbalance_up,17912.554375,17806.653125000004,17953.285625,17982.47,17938.95,588.2025097895134
2024-02-13,2024-02-13 14:30:00+00:00,2024-02-13 21:00:00+00:00,True,True,True,True,balance,17964.18916666667,17925.597500000003,18041.3725,17618.5,17521.63,13333.794546538553
2024-02-14,2024-02-14 14:30:00+00:00,2024-02-14 21:00:00+00:00,True,True,True,True,imbalance_up,17606.789375,17534.068124999998,17679.510625000003,17753.780000000002,17678.52,2030.0973630479448
2024-02-15,2024-02-15 14:30:00+00:00,2024-02-15 21:00:00+00:00,True,True,True,True,balance,17719.81625,17670.69125,17736.19125,17838.100000000002,17745.49,-835.6097711709443
2024-02-16,2024-02-16 14:30:00+00:00,2024-02-16 21:00:00+00:00,True,True,True,True,imbalance_down,17845.664375,17769.599375,17852.003125000003,17867.84,17691.850000000002,-31999.901432356226
2024-02-20,2024-02-20 14:30:00+00:00,2024-02-20 21:00:00+00:00,True,True,True,True,imbalance_down,17801.293125,17712.563958333336,17836.78479166667,17672.15,17491.77,-6768.96443406887
2024-02-21,2024-02-21 14:30:00+00:00,2024-02-21 21:00:00+00:00,True,True,True,True,balance,17485.920000000002,17452.06,17531.066666666666,17461.32,17399.170000000002,6632.169043768579
2024-02-22,2024-02-22 14:30:00+00:00,2024-02-22 21:00:00+00:00,True,True,True,True,balance,17418.011875000004,17396.858125,17453.268125000002,17922.390000000003,17816.25,-7050.890317370946
2024-02-23,2024-02-23 14:30:00+00:00,2024-02-23 21:00:00+00:00,True,True,True,True,balance,18015.581874999996,17885.784375,18034.124375,18097.370000000003,18014.11,16010.281274361656
2024-02-26,2024-02-26 14:30:00+00:00,2024-02-26 21:00:00+00:00,True,True,True,True,balance,17961.169375,17944.660208333335,18027.206041666668,18011.350000000002,17927.49,1951.137866412128
2024-02-27,2024-02-27 14:30:00+00:00,2024-02-27 21:00:00+00:00,True,True,True,True,balance,17987.462083333332,17964.247083333335,17995.200416666667,17990.9,17905.030000000002,-12227.046977837634
2024-02-28,2024-02-28 14:30:00+00:00,2024-02-28 21:00:00+00:00,True,True,True,True,imbalance_down,17978.46416666667,17942.3325,17988.787500000002,17912.920000000002,17843.030000000002,-17680.208782867518
2024-02-29,2024-02-29 14:30:00+00:00,2024-02-29 21:00:00+00:00,True,True,True,True,imbalance_up,17881.972083333334,17857.377083333336,17902.46791666667,18035.77,17987.010000000002,82.06614890015823
2024-03-01,2024-03-01 14:30:00+00:00,2024-03-01 21:00:00+00:00,True,True,True,True,imbalance_up,18007.0825,17954.3325,18024.665833333333,18109.79,18060.29,15976.921868549533
2024-03-04,2024-03-04 14:30:00+00:00,2024-03-04 21:00:00+00:00,True,True,True,True,balance,18309.322708333333,18135.57895833333,18332.488541666666,18307.49,18260.980000000003,-11394.669017224645
2024-03-05,2024-03-05 14:30:00+00:00,2024-03-05 21:00:00+00:00,True,True,True,True,imbalance_down,18274.235625,18262.531875,18289.840624999997,18108.480000000003,17999.960000000003,-1932.7655452997344
2024-03-06,2024-03-06 14:30:00+00:00,2024-03-06 21:00:00+00:00,True,True,True,True,balance,17913.92270833334,17826.058125000003,17939.026875000003,18104.09,18014.69,-24290.192043640593
2024-03-07,2024-03-07 14:30:00+00:00,2024-03-07 21:00:00+00:00,True,True,True,True,imbalance_up,18007.31375,17981.01625,18068.674583333333,18203.45,18097.07,3462.811328009426
2024-03-08,2024-03-08 14:30:00+00:00,2024-03-08 21:00:00+00:00,True,True,True,True,imbalance_up,18293.101875,18202.625625,18333.313541666666,18369.870000000003,18270.730000000003,19038.05936114311
2024-03-11,2024-03-11 13:30:00+00:00,2024-03-11 20:00:00+00:00,True,True,True,True,imbalance_down,18160.300833333335,18001.435833333333,18266.210833333334,17989.7,17886.82,-24706.741331891164
2024-03-12,2024-03-12 13:30:00+00:00,2024-03-12 20:00:00+00:00,True,True,True,True,balance,17954.55375,17932.117083333334,17988.20875,18083.31,17920.93,-27428.838579712203
2024-03-13,2024-03-13 13:30:00+00:00,2024-03-13 20:00:00+00:00,True,True,True,True,balance,18174.113125,18070.243125,18213.064375,18175.47,18082.84,-10380.204930390746
2024-03-14,2024-03-14 13:30:00+00:00,2024-03-14 20:00:00+00:00,True,True,True,True,imbalance_down,18091.933125000003,18067.181458333333,18122.872708333336,18143.4,17977.29,-59508.17669733818
2024-03-15,2024-03-15 13:30:00+00:00,2024-03-15 20:00:00+00:00,True,True,True,True,imbalance_down,18041.24375,17973.139583333337,18060.702083333337,17949.480000000003,17845.600000000002,-9610.969959717673
2024-03-18,2024-03-18 13:30:00+00:00,2024-03-18 20:00:00+00:00,True,True,True,True,balance,17834.316875,17827.33729166667,17890.15354166667,18148.42,18064.17,-8764.678221444992
2024-03-19,2024-03-19 13:30:00+00:00,2024-03-19 20:00:00+00:00,True,True,True,True,imbalance_down,18090.092291666668,18049.684791666667,18123.765208333334,17939.7,17840.45,-8597.799054083203
2024-03-20,2024-03-20 13:30:00+00:00,2024-03-20 20:00:00+00:00,True,True,True,True,balance,17914.19375,17845.36625,18032.18375,18119.95,18031.33,-2857.1052522835753
2024-03-21,2024-03-21 13:30:00+00:00,2024-03-21 20:00:00+00:00,True,True,True,True,balance,18046.358125,18035.826041666667,18172.743125,18494.36,18412.480000000003,-12921.870231697247
2024-03-22,2024-03-22 13:30:00+00:00,2024-03-22 20:00:00+00:00,True,True,True,True,balance,18432.902916666666,18413.495416666665,18478.187083333334,18333.7,18288.2,3146.934873933216
2024-03-25,2024-03-25 13:30:00+00:00,2024-03-25 20:00:00+00:00,True,True,True,True,balance,18316.9925,18316.9925,18379.8125,18283.26,18210.870000000003,21271.08181786534
2024-03-26,2024-03-26 13:30:00+00:00,2024-03-26 20:00:00+00:00,True,True,True,True,imbalance_up,18318.731874999998,18305.657708333332,18357.954375,18393.93,18349.41,3943.8482806739635
2024-03-27,2024-03-27 13:30:00+00:00,2024-03-27 20:00:00+00:00,True,True,True,True,imbalance_down,18347.892291666663,18340.830208333333,18383.20270833333,18372.82,18249.18,-34382.965046328456
2024-03-28,2024-03-28 13:30:00+00:00,2024-03-28 20:00:00+00:00,True,True,True,True,imbalance_up,18217.616250000003,18201.69791666667,18249.45291666667,18340.88,18260.890000000003,17171.429832798385
2024-04-01,2024-04-01 13:30:00+00:00,2024-04-01 20:00:00+00:00,True,True,True,True,imbalance_up,18288.322083333333,18277.16458333333,18310.637083333335,18420.83,18296.82,9887.514636814713
2024-04-02,2024-04-02 13:30:00+00:00,2024-04-02 20:00:00+00:00,True,True,True,True,imbalance_down,18289.070625,18233.17270833333,18336.983125,18106.75,18038.35,-13212.642074893634
2024-04-03,2024-04-03 13:30:00+00:00,2024-04-03 20:00:00+00:00,True,True,True,True,balance,18055.269791666666,18049.265208333334,18097.301874999997,18101.33,18056.94,10603.227071092278
2024-04-04,2024-04-04 13:30:00+00:00,2024-04-04 20:00:00+00:00,True,True,True,True,balance,18229.401250000003,18176.33625,18264.777916666666,18387.870000000003,18326.27,2133.8677141566186
2024-04-05,2024-04-05 13:30:00+00:00,2024-04-05 20:00:00+00:00,True,True,True,True,balance,18335.945,18024.395000000004,18377.485,18054.35,17928.600000000002,14026.646870811264
2024-04-08,2024-04-08 13:30:00+00:00,2024-04-08 20:00:00+00:00,True,True,True,True,balance,18125.508125,18061.989375,18201.730625000004,18165.42,18068.53,-15616.874067911578
2024-04-09,2024-04-09 13:30:00+00:00,2024-04-09 20:00:00+00:00,True,True,True,True,balance,18128.690625,18117.231458333332,18151.608958333334,18237.66,18168.640000000003,5294.226370773405
2024-04-10,2024-04-10 13:30:00+00:00,2024-04-10 20:00:00+00:00,True,True,True,True,balance,18100.471875000003,18049.661458333336,18181.768541666665,18043.07,17943.920000000002,16422.606742121166
2024-04-11,2024-04-11 13:30:00+00:00,2024-04-11 20:00:00+00:00,True,True,True,True,balance,18008.242916666666,17972.222083333334,18018.534583333334,18113.06,18061.93,5112.170378834437
2024-04-12,2024-04-12 13:30:00+00:00,2024-04-12 20:00:00+00:00,True,True,True,True,balance,18088.444375000003,18015.713125000002,18219.360625,18181.5,18119.49,20734.1670409041
2024-04-15,2024-04-15 13:30:00+00:00,2024-04-15 20:00:00+00:00,True,True,True,True,balance,18000.726875,17972.915625,18102.701458333333,18188.43,18110.800000000003,-22704.739546374312
2024-04-16,2024-04-16 13:30:00+00:00,2024-04-16 20:00:00+00:00,True,True,True,True,balance,17743.514375000002,17702.126875,18053.920625,17766.210000000003,17677.58,-18764.995373453472
2024-04-17,2024-04-17 13:30:00+00:00,2024-04-17 20:00:00+00:00,True,True,True,True,balance,17755.064791666668,17719.762708333335,17769.185625000002,17817.41,17732.390000000003,5631.107809183155
2024-04-18,2024-04-18 13:30:00+00:00,2024-04-18 20:00:00+00:00,True,True,True,True,balance,17553.098958333336,17495.950624999998,17681.682708333334,17541.56,17414.690000000002,-25021.254110077665
2024-04-19,2024-04-19 13:30:00+00:00,2024-04-19 20:00:00+00:00,True,True,True,True,balance,17436.163333333338,17398.83,17520.163333333338,17382.91,17295.4,6915.07845728708
2024-04-22,2024-04-22 13:30:00+00:00,2024-04-22 20:00:00+00:00,True,True,True,True,balance,17022.14895833333,17005.369375000002,17240.283541666664,17208.600000000002,17141.760000000002,-10700.31467506398
2024-04-23,2024-04-23 13:30:00+00:00,2024-04-23 20:00:00+00:00,True,True,True,True,imbalance_up,17157.121875,17032.434375,17219.465625,17406.280000000002,17292.030000000002,8145.695237208174
2024-04-24,2024-04-24 13:30:00+00:00,2024-04-24 20:00:00+00:00,True,True,True,True,balance,17468.8675,17408.237500000003,17529.497500000005,17674.22,17590.47,4831.424807726145
2024-04-25,2024-04-25 13:30:00+00:00,2024-04-25 20:00:00+00:00,True,True,True,True,balance,17545.896875000002,17460.348125,17602.929375,17262.18,17188.68,11970.053770784729
2024-04-26,2024-04-26 13:30:00+00:00,2024-04-26 20:00:00+00:00,True,True,True,True,imbalance_up,17256.740208333336,17194.86729166667,17368.111458333333,17688.33,17553.83,52240.36446684265
2024-04-29,2024-04-29 13:30:00+00:00,2024-04-29 20:00:00+00:00,True,True,True,True,balance,17733.534375000003,17684.965625000004,17772.389375000002,17840.18,17721.280000000002,3020.7896540764746
2024-04-30,2024-04-30 13:30:00+00:00,2024-04-30 20:00:00+00:00,True,True,True,True,balance,17777.638333333336,17744.721666666665,17797.388333333336,17780.29,17718.29,333.3116226928821
2024-05-01,2024-05-01 13:30:00+00:00,2024-05-01 20:00:00+00:00,True,True,True,True,imbalance_down,17587.951250000002,17574.143750000003,17739.833749999998,17415.68,17353.43,-18461.668077531758
2024-05-02,2024-05-02 13:30:00+00:00,2024-05-02 20:00:00+00:00,True,True,True,True,balance,17387.530000000002,17322.090000000004,17469.33,17503.07,17383.57,-23192.474989699516
2024-05-03,2024-05-03 13:30:00+00:00,2024-05-03 20:00:00+00:00,True,True,True,True,balance,17430.85125,17393.53875,17530.35125,17919.5,17820.5,-11603.841426448615
2024-05-06,2024-05-06 13:30:00+00:00,2024-05-06 20:00:00+00:00,True,True,True,True,imbalance_up,17835.706250000003,17810.65625,17892.06875,18015.86,17948.86,11291.200910551217
2024-05-07,2024-05-07 13:30:00+00:00,2024-05-07 20:00:00+00:00,True,True,True,True,balance,18003.844375,17977.969375,18029.719375,18141.81,18093.93,4386.323881509103
2024-05-08,2024-05-08 13:30:00+00:00,2024-05-08 20:00:00+00:00,True,True,True,True,balance,18107.46104166667,18074.377708333333,18140.544375,18083.26,17991.730000000003,20458.67793134735
2024-05-09,2024-05-09 13:30:00+00:00,2024-05-09 20:00:00+00:00,True,True,True,True,balance,18087.732083333336,18061.248750000002,18100.97375,18113.15,18018.03,-16976.86993494728
2024-05-10,2024-05-10 13:30:00+00:00,2024-05-10 20:00:00+00:00,True,True,True,True,imbalance_up,18113.003958333335,18091.295625,18140.139375,18257.29,18166.66,15863.203456072415
2024-05-13,2024-05-13 13:30:00+00:00,2024-05-13 20:00:00+00:00,True,True,True,True,balance,18141.170208333337,18121.263958333337,18167.711875,18253.36,18169.61,890.672705824134
2024-05-14,2024-05-14 13:30:00+00:00,2024-05-14 20:00:00+00:00,True,True,True,True,balance,18209.063125,18192.188125,18217.500625,18245.11,18184.24,44.010419891363114
2024-05-15,2024-05-15 13:30:00+00:00,2024-05-15 20:00:00+00:00,True,True,True,True,balance,18243.428333333333,18201.648333333334,18278.245000000003,18449.54,18364.67,13272.363232790296
2024-05-16,2024-05-16 13:30:00+00:00,2024-05-16 20:00:00+00:00,True,True,True,True,imbalance_up,18608.298125,18424.223541666666,18619.12604166667,18631.99,18587.61,6538.89983012573
2024-05-17,2024-05-17 13:30:00+00:00,2024-05-17 20:00:00+00:00,True,True,True,True,balance,18610.370625,18595.761875,18644.457708333335,18585.92,18539.050000000003,729.5863874140239
2024-05-20,2024-05-20 13:30:00+00:00,2024-05-20 20:00:00+00:00,True,True,True,True,imbalance_up,18554.050000000003,18537.550000000003,18576.050000000003,18680.32,18561.57,32718.591177195136
2024-05-21,2024-05-21 13:30:00+00:00,2024-05-21 20:00:00+00:00,True,True,True,True,balance,18671.136874999997,18664.496458333335,18697.698541666665,18648.210000000003,18606.710000000003,23743.0141108034
2024-05-22,2024-05-22 13:30:00+00:00,2024-05-22 20:00:00+00:00,True,True,True,True,imbalance_up,18674.678750000003,18642.053750000003,18718.178750000003,18761.050000000003,18719.800000000003,4743.656316308463
2024-05-23,2024-05-23 13:30:00+00:00,2024-05-23 20:00:00+00:00,True,False,True,False,unclassified,,,,,,
2024-05-24,2024-05-24 13:30:00+00:00,2024-05-24 20:00:00+00:00,True,True,False,False,unclassified,,,,,,
2024-05-28,2024-05-28 13:30:00+00:00,2024-05-28 20:00:00+00:00,True,True,True,True,balance,18833.932291666664,18761.321041666666,18850.068124999998,18882.91,18785.16,-1762.4548738432027
2024-05-29,2024-05-29 13:30:00+00:00,2024-05-29 20:00:00+00:00,True,True,True,True,balance,18863.035,18826.285,18878.785,18798.25,18710.0,24488.786105121922
2024-05-30,2024-05-30 13:30:00+00:00,2024-05-30 20:00:00+00:00,True,True,True,True,balance,18791.46875,18776.65625,18816.15625,18720.77,18649.140000000003,-1905.262526743477
2024-05-31,2024-05-31 13:30:00+00:00,2024-05-31 20:00:00+00:00,True,True,True,True,imbalance_down,18642.028124999997,18577.181875000002,18679.083124999997,18584.81,18483.06,-7596.496136206322
2024-06-03,2024-06-03 13:30:00+00:00,2024-06-03 20:00:00+00:00,True,True,True,True,balance,18300.894375,18219.775625,18446.908125,18716.26,18613.26,3023.8707013115127
2024-06-04,2024-06-04 13:30:00+00:00,2024-06-04 20:00:00+00:00,True,True,True,True,balance,18536.681875,18443.567291666666,18629.79645833333,18612.980000000003,18541.6,-8238.514318700929
2024-06-05,2024-06-05 13:30:00+00:00,2024-06-05 20:00:00+00:00,True,True,True,True,imbalance_up,18587.83,18549.263333333336,18610.97,18824.11,18778.730000000003,2841.678158610912
2024-06-06,2024-06-06 13:30:00+00:00,2024-06-06 20:00:00+00:00,True,True,True,True,balance,18794.100833333334,18770.844166666666,18968.525833333333,19082.41,18999.03,-8188.898875485959
2024-06-07,2024-06-07 13:30:00+00:00,2024-06-07 20:00:00+00:00,True,True,True,True,balance,19027.144375,19010.769375,19047.613125,19030.050000000003,18958.550000000003,2173.0094248462015
2024-06-10,2024-06-10 13:30:00+00:00,2024-06-10 20:00:00+00:00,True,True,True,True,balance,19002.560416666667,18975.47708333334,19043.185416666667,18996.710000000003,18950.960000000003,16319.66490500955
2024-06-11,2024-06-11 13:30:00+00:00,2024-06-11 20:00:00+00:00,True,True,True,True,imbalance_down,19080.793333333335,19011.12666666667,19087.12666666667,19063.4,18970.77,-7606.9611834405305
2024-06-12,2024-06-12 13:30:00+00:00,2024-06-12 20:00:00+00:00,True,True,True,True,imbalance_up,19060.243125,18997.085625,19112.874375,19483.24,19353.24,49600.19492851771
2024-06-13,2024-06-13 13:30:00+00:00,2024-06-13 20:00:00+00:00,True,True,True,True,balance,19491.286875,19464.568125,19509.099375,19641.15,19593.4,4309.366946901824
2024-06-14,2024-06-14 13:30:00+00:00,2024-06-14 20:00:00+00:00,True,True,True,True,imbalance_up,19556.123958333337,19522.113541666666,19590.134375,19620.95,19533.9,28107.760965953395
2024-06-17,2024-06-17 13:30:00+00:00,2024-06-17 20:00:00+00:00,True,True,True,True,balance,19598.410208333335,19564.752708333333,19632.067708333332,19694.550000000003,19625.93,-5268.3576993110855
2024-06-18,2024-06-18 13:30:00+00:00,2024-06-18 20:00:00+00:00,True,True,True,True,balance,19948.653958333336,19693.476875,19978.674791666665,19932.07,19877.45,-3152.171335699551
2024-06-20,2024-06-20 13:30:00+00:00,2024-06-20 20:00:00+00:00,True,True,True,True,balance,19909.429375,19884.116875,19913.648125,19982.36,19918.74,-3841.9362286579844
2024-06-21,2024-06-21 13:30:00+00:00,2024-06-21 20:00:00+00:00,True,True,True,True,balance,19755.156875,19693.750625,19902.531875,19796.54,19682.92,-16571.162947045246
2024-06-24,2024-06-24 13:30:00+00:00,2024-06-24 20:00:00+00:00,True,True,True,True,balance,19765.534583333334,19732.488749999997,19778.752916666665,19740.35,19641.85,1883.7334340558482
2024-06-25,2024-06-25 13:30:00+00:00,2024-06-25 20:00:00+00:00,True,True,True,True,balance,19680.626041666663,19606.323958333334,19754.928125,19633.27,19573.640000000003,-3667.819294593336
2024-06-26,2024-06-26 13:30:00+00:00,2024-06-26 20:00:00+00:00,True,True,True,True,imbalance_up,19718.749375000003,19655.999375000003,19750.124375000003,19780.83,19700.58,12316.092295535962
2024-06-27,2024-06-27 13:30:00+00:00,2024-06-27 20:00:00+00:00,True,True,True,True,imbalance_up,19748.903125,19734.371875,19782.809375,19884.59,19773.210000000003,10329.837460892646
2024-06-28,2024-06-28 13:30:00+00:00,2024-06-28 20:00:00+00:00,True,True,True,True,imbalance_up,19822.402708333335,19795.381041666667,19849.424375000002,19934.94,19825.32,16666.964402972415
2024-07-01,2024-07-01 13:30:00+00:00,2024-07-01 20:00:00+00:00,True,True,True,True,imbalance_down,19837.440416666665,19761.06125,19913.819583333334,19780.69,19636.56,-13998.130949677818
2024-07-02,2024-07-02 13:30:00+00:00,2024-07-02 20:00:00+00:00,True,True,True,True,balance,19809.03375,19710.59625,19863.72125,19892.77,19772.9,22211.11460405436
2024-07-03,2024-07-03 13:30:00+00:00,2024-07-03 17:00:00+00:00,True,True,True,True,imbalance_up,19837.696875,19814.134375,19943.728125,20079.07,20011.42,20617.24241509952
2024-07-05,2024-07-05 13:30:00+00:00,2024-07-05 20:00:00+00:00,True,True,True,True,imbalance_up,20058.921666666665,20041.64833333333,20136.651666666665,20313.78,20225.4,17537.979871034506
2024-07-08,2024-07-08 13:30:00+00:00,2024-07-08 20:00:00+00:00,True,True,True,True,imbalance_up,20423.446875,20309.019791666666,20432.248958333337,20457.13,20404.51,2604.955192123055
2024-07-09,2024-07-09 13:30:00+00:00,2024-07-09 20:00:00+00:00,True,True,True,True,balance,20423.181875,20419.025625,20452.275625,20570.33,20525.33,-5902.521151210616
2024-07-10,2024-07-10 13:30:00+00:00,2024-07-10 20:00:00+00:00,True,True,True,True,imbalance_up,20464.13229166667,20457.642708333333,20535.517708333333,20586.47,20530.22,3722.9326234220243
2024-07-11,2024-07-11 13:30:00+00:00,2024-07-11 20:00:00+00:00,True,True,True,True,balance,20569.740625,20525.209375,20658.803125,20710.92,20631.300000000003,-1304.5345660442958
2024-07-12,2024-07-12 13:30:00+00:00,2024-07-12 20:00:00+00:00,True,True,False,False,unclassified,,,,,,
2024-07-15,2024-07-15 13:30:00+00:00,2024-07-15 20:00:00+00:00,True,True,True,True,balance,20459.176875000005,20380.334375000002,20551.159791666672,20489.980000000003,20406.480000000003,18585.37440820551
2024-07-16,2024-07-16 13:30:00+00:00,2024-07-16 20:00:00+00:00,True,True,True,True,balance,20445.740625,20397.365625,20494.115625,20510.9,20394.4,-34280.43483097486
2024-07-17,2024-07-17 13:30:00+00:00,2024-07-17 20:00:00+00:00,True,True,True,True,imbalance_down,20396.775,20332.864999999998,20405.905,20111.26,20036.38,-4524.788183267647
2024-07-18,2024-07-18 13:30:00+00:00,2024-07-18 20:00:00+00:00,True,True,True,True,balance,19873.1975,19824.364166666666,19970.864166666666,19987.88,19858.38,-10104.967789543516
2024-07-19,2024-07-19 13:30:00+00:00,2024-07-19 20:00:00+00:00,True,True,True,True,balance,19670.493125,19621.664375,19784.426875,19819.17,19678.79,-16026.814777697016
2024-07-22,2024-07-22 13:30:00+00:00,2024-07-22 20:00:00+00:00,True,True,True,True,balance,19557.341875,19517.060625,19664.758541666662,19880.03,19735.78,-11869.671640182638
2024-07-23,2024-07-23 13:30:00+00:00,2024-07-23 20:00:00+00:00,True,True,True,True,balance,19853.666875000003,19765.680625,19882.995625,19886.81,19786.68,6723.068922020489
2024-07-24,2024-07-24 13:30:00+00:00,2024-07-24 20:00:00+00:00,True,True,True,True,imbalance_down,19806.377708333333,19806.377708333333,19873.971458333333,19510.47,19357.97,-42746.26046281772
2024-07-25,2024-07-25 13:30:00+00:00,2024-07-25 20:00:00+00:00,True,True,True,True,imbalance_down,19096.771458333336,19096.771458333336,19338.936458333337,19092.81,18883.19,-54089.62207493254
2024-07-26,2024-07-26 13:30:00+00:00,2024-07-26 20:00:00+00:00,True,True,True,True,balance,19013.776666666665,18929.243333333332,19140.576666666668,19037.370000000003,18931.870000000003,-14037.36537593719
2024-07-29,2024-07-29 13:30:00+00:00,2024-07-29 20:00:00+00:00,True,True,True,True,imbalance_up,19002.673125,18970.554375,19077.616875,19243.45,19099.2,32443.750214430645
2024-07-30,2024-07-30 13:30:00+00:00,2024-07-30 20:00:00+00:00,True,True,True,True,balance,19182.550208333334,19094.673541666667,19204.519375,19198.43,19085.81,-4155.067169594611
2024-07-31,2024-07-31 13:30:00+00:00,2024-07-31 20:00:00+00:00,True,True,True,True,imbalance_up,18822.18,18693.18,18994.18,19298.31,19194.81,20672.34513224468
2024-08-01,2024-08-01 13:30:00+00:00,2024-08-01 20:00:00+00:00,True,True,True,True,imbalance_up,19353.18020833333,19276.725625,19396.868541666667,19562.34,19386.09,51753.03178230647
2024-08-02,2024-08-02 13:30:00+00:00,2024-08-02 20:00:00+00:00,True,True,True,True,imbalance_down,18867.9025,18766.2775,19240.5275,18648.51,18429.76,-40371.80205150288
2024-08-05,2024-08-05 13:30:00+00:00,2024-08-05 20:00:00+00:00,True,True,True,True,balance,18359.4475,18328.1975,18468.8225,17851.4,17409.2,30715.929909428345
2024-08-06,2024-08-06 13:30:00+00:00,2024-08-06 20:00:00+00:00,True,True,True,True,imbalance_up,17847.5,17815.033333333333,17977.36666666667,18080.050000000003,17873.050000000003,6196.814590197152
2024-08-07,2024-08-07 13:30:00+00:00,2024-08-07 20:00:00+00:00,True,True,True,True,imbalance_up,18249.482291666667,18034.378125000003,18270.99270833334,18464.88,18345.76,21684.082664594032
2024-08-08,2024-08-08 13:30:00+00:00,2024-08-08 20:00:00+00:00,True,True,True,True,balance,18426.989375,18022.822708333333,18452.24979166667,18153.07,17975.690000000002,3274.273596053672
2024-08-09,2024-08-09 13:30:00+00:00,2024-08-09 20:00:00+00:00,True,True,True,True,balance,18312.654375,18251.388125,18455.60895833333,18437.2,18332.2,-40656.44126648437
2024-08-12,2024-08-12 13:30:00+00:00,2024-08-12 20:00:00+00:00,True,True,True,True,balance,18386.439583333333,18341.52291666667,18476.27291666667,18584.86,18436.61,-37846.19797718144
2024-08-13,2024-08-13 13:30:00+00:00,2024-08-13 20:00:00+00:00,True,True,True,True,imbalance_up,18541.990625000002,18521.918125000004,18622.280625000003,18826.31,18731.31,9871.128902822722
2024-08-14,2024-08-14 13:30:00+00:00,2024-08-14 20:00:00+00:00,True,True,True,True,balance,18811.47666666667,18737.47666666667,18971.81,19089.730000000003,18926.35,-4765.487513414604
2024-08-15,2024-08-15 13:30:00+00:00,2024-08-15 20:00:00+00:00,True,True,True,True,imbalance_up,18985.45395833333,18939.14229166667,19031.765625,19375.31,19249.94,43505.45510376535
2024-08-16,2024-08-16 13:30:00+00:00,2024-08-16 20:00:00+00:00,True,True,True,True,balance,19489.1275,19366.7525,19500.2525,19444.09,19372.59,-1810.589570152242
2024-08-19,2024-08-19 13:30:00+00:00,2024-08-19 20:00:00+00:00,True,True,False,False,unclassified,,,,,,
2024-08-20,2024-08-20 13:30:00+00:00,2024-08-20 20:00:00+00:00,True,True,True,True,imbalance_up,19523.923333333332,19482.423333333332,19606.923333333332,19845.45,19737.67,7292.681552217709
2024-08-21,2024-08-21 13:30:00+00:00,2024-08-21 20:00:00+00:00,True,True,True,True,imbalance_up,19727.985833333332,19705.25083333333,19773.455833333333,19807.58,19736.7,1511.6709624474083
2024-08-22,2024-08-22 13:30:00+00:00,2024-08-22 20:00:00+00:00,True,True,True,True,balance,19786.934375,19769.41354166667,19839.496875,19950.960000000003,19870.460000000003,1093.0822943681956
2024-08-23,2024-08-23 13:30:00+00:00,2024-08-23 20:00:00+00:00,True,True,True,True,balance,19820.147500000003,19578.647500000003,19920.772500000003,19693.730000000003,19635.980000000003,2507.207971784267
2024-08-26,2024-08-26 13:30:00+00:00,2024-08-26 20:00:00+00:00,True,True,True,True,balance,19657.4125,19605.579166666663,19748.120833333334,19738.52,19648.15,2620.5128735559547
2024-08-27,2024-08-27 13:30:00+00:00,2024-08-27 20:00:00+00:00,True,True,True,True,balance,19535.453125,19473.917708333334,19560.067291666666,19510.76,19382.18,-5160.942560260797
2024-08-28,2024-08-28 13:30:00+00:00,2024-08-28 20:00:00+00:00,True,True,True,True,imbalance_down,19587.401249999995,19524.25625,19629.497916666667,19599.45,19473.82,-17918.833184978772
2024-08-29,2024-08-29 13:30:00+00:00,2024-08-29 20:00:00+00:00,True,True,True,True,imbalance_up,19371.22604166667,19245.309375,19418.44479166667,19598.16,19425.16,53713.37882210513
2024-08-30,2024-08-30 13:30:00+00:00,2024-08-30 20:00:00+00:00,True,True,True,True,balance,19586.842083333337,19453.904583333337,19631.154583333337,19553.11,19463.99,-570.6660322048945
2024-09-03,2024-09-03 13:30:00+00:00,2024-09-03 20:00:00+00:00,True,True,True,True,imbalance_down,19413.12479166667,19380.29604166667,19511.611041666667,19441.050000000003,19289.050000000003,-9481.081081684371
2024-09-04,2024-09-04 13:30:00+00:00,2024-09-04 20:00:00+00:00,True,True,True,True,balance,19119.300000000003,19095.466666666667,19357.63333333334,18952.54,18821.54,21491.123950004687
2024-09-05,2024-09-05 13:30:00+00:00,2024-09-05 20:00:00+00:00,True,True,True,True,balance,18920.769375,18909.258958333332,19012.852708333332,19023.65,18848.27,-7922.312300203053
2024-09-06,2024-09-06 13:30:00+00:00,2024-09-06 20:00:00+00:00,True,True,True,True,imbalance_down,18901.848125,18850.473125,18978.910625,18933.31,18708.19,-33415.82458051211
2024-09-09,2024-09-09 13:30:00+00:00,2024-09-09 20:00:00+00:00,True,True,True,True,imbalance_up,18430.575625,18408.231875,18609.325625,18670.95,18579.57,16600.700286262083
2024-09-10,2024-09-10 13:30:00+00:00,2024-09-10 20:00:00+00:00,True,True,True,True,balance,18631.715625,18563.830208333333,18670.50729166667,18798.47,18698.35,8802.630354507799
2024-09-11,2024-09-11 13:30:00+00:00,2024-09-11 20:00:00+00:00,True,True,True,True,balance,18740.798541666667,18680.771458333333,18800.825624999998,18885.19,18752.94,-16628.310351894994
2024-09-12,2024-09-12 13:30:00+00:00,2024-09-12 20:00:00+00:00,True,True,True,True,balance,18759.685,18728.60166666667,19163.768333333333,19270.17,19167.04,878.2693797774782
2024-09-13,2024-09-13 13:30:00+00:00,2024-09-13 20:00:00+00:00,True,True,True,True,imbalance_up,19284.851875,19185.641875,19359.259375,19482.84,19379.97,20617.013355733707
2024-09-16,2024-09-16 13:30:00+00:00,2024-09-16 20:00:00+00:00,True,True,True,True,balance,19502.860625,19450.725208333337,19517.756458333337,19452.890000000003,19315.94,-16561.60005120237
2024-09-17,2024-09-17 13:30:00+00:00,2024-09-17 20:00:00+00:00,True,True,True,True,balance,19408.440833333334,19346.895833333336,19442.632500000003,19585.63,19467.38,10025.745960413798
2024-09-18,2024-09-18 13:30:00+00:00,2024-09-18 20:00:00+00:00,True,True,True,True,balance,19418.620625,19372.892291666667,19532.941458333335,19493.52,19424.65,-12426.073823015256
2024-09-19,2024-09-19 13:30:00+00:00,2024-09-19 20:00:00+00:00,True,True,True,True,balance,19456.222083333334,19387.32625,19483.78041666667,19829.57,19721.32,7334.14016043767
2024-09-20,2024-09-20 13:30:00+00:00,2024-09-20 20:00:00+00:00,True,True,True,True,imbalance_down,19896.502291666664,19826.429375,19926.533541666664,19882.0,19791.38,-1383.6010471857294
2024-09-23,2024-09-23 13:30:00+00:00,2024-09-23 20:00:00+00:00,True,True,True,True,balance,19804.62416666667,19776.60916666667,19860.654166666667,19914.33,19840.83,-297.0840306489081
2024-09-24,2024-09-24 13:30:00+00:00,2024-09-24 20:00:00+00:00,True,True,True,True,balance,19884.210208333338,19861.658125,19897.741458333338,19964.9,19893.65,-9451.852606937216
2024-09-25,2024-09-25 13:30:00+00:00,2024-09-25 20:00:00+00:00,True,True,True,True,imbalance_up,19966.388125,19890.009375,20020.944375,20047.35,19952.35,20239.485099100777
2024-09-26,2024-09-26 13:30:00+00:00,2024-09-26 20:00:00+00:00,True,True,True,True,balance,20008.824375,19974.981874999998,20031.386041666665,20333.75,20221.620000000003,-9506.911795582595
2024-09-27,2024-09-27 13:30:00+00:00,2024-09-27 20:00:00+00:00,True,True,True,True,balance,20148.47375,20038.68041666667,20162.197916666668,20200.24,20127.91,-3095.6502472524967
2024-09-30,2024-09-30 13:30:00+00:00,2024-09-30 20:00:00+00:00,True,True,True,True,balance,20055.947500000002,20038.4575,20134.652500000004,20087.86,19994.24,9703.314285475806
2024-10-01,2024-10-01 13:30:00+00:00,2024-10-01 20:00:00+00:00,True,True,True,True,imbalance_down,20011.42875,19982.591249999998,20069.103750000002,20090.88,19804.26,-38707.62856504121
2024-10-02,2024-10-02 13:30:00+00:00,2024-10-02 20:00:00+00:00,True,True,True,True,balance,19745.739375,19689.770625,19857.676875,19794.29,19660.92,3499.1627700765484
2024-10-03,2024-10-03 13:30:00+00:00,2024-10-03 20:00:00+00:00,True,True,True,True,balance,19879.475625,19794.185625,19911.459375,19877.58,19724.75,32923.20620599162
2024-10-04,2024-10-04 13:30:00+00:00,2024-10-04 20:00:00+00:00,True,True,True,True,balance,19801.673958333333,19762.63229166667,19850.47604166667,20070.83,19904.95,-17067.92478708049
2024-10-07,2024-10-07 13:30:00+00:00,2024-10-07 20:00:00+00:00,True,True,True,True,balance,19937.460833333334,19879.430833333336,19995.490833333337,19999.82,19924.57,-2634.3235930671153
2024-10-08,2024-10-08 13:30:00+00:00,2024-10-08 20:00:00+00:00,True,True,True,True,balance,19988.252291666664,19938.512708333335,20008.148125,19997.69,19909.31,10764.426616732533
2024-10-09,2024-10-09 13:30:00+00:00,2024-10-09 20:00:00+00:00,True,True,True,True,balance,20076.90375,20012.02875,20098.52875,20138.56,20078.06,-7467.761955585456
2024-10-10,2024-10-10 13:30:00+00:00,2024-10-10 20:00:00+00:00,True,True,True,True,balance,20255.794375,20174.544375,20316.731875,20230.13,20141.88,5831.561461451647
2024-10-11,2024-10-11 13:30:00+00:00,2024-10-11 20:00:00+00:00,True,True,True,True,balance,20215.01541666667,20206.41125,20275.244583333333,20213.69,20157.44,12365.972564081994
2024-10-14,2024-10-14 13:30:00+00:00,2024-10-14 20:00:00+00:00,True,True,True,True,imbalance_up,20280.92875,20250.99208333333,20310.865416666667,20521.94,20391.82,20005.15158366083
2024-10-15,2024-10-15 13:30:00+00:00,2024-10-15 20:00:00+00:00,True,True,True,True,balance,20482.371249999997,20437.27375,20501.698749999996,20511.54,20458.16,-6599.617103311468
2024-10-16,2024-10-16 13:30:00+00:00,2024-10-16 20:00:00+00:00,True,True,True,True,imbalance_down,20249.654583333337,20148.279583333337,20283.44625,20214.980000000003,20072.980000000003,-32960.36854657594
2024-10-17,2024-10-17 13:30:00+00:00,2024-10-17 20:00:00+00:00,True,True,True,True,balance,20139.83375,20132.609583333335,20204.85125,20436.0,20262.620000000003,-11608.88051737208
2024-10-18,2024-10-18 13:30:00+00:00,2024-10-18 20:00:00+00:00,True,True,True,True,balance,20264.77479166667,20246.263958333337,20329.562708333335,20372.9,20295.65,-21398.76631383329
2024-10-21,2024-10-21 13:30:00+00:00,2024-10-21 20:00:00+00:00,True,True,True,True,balance,20345.847916666666,20333.800416666665,20369.942916666667,20372.44,20292.69,12233.560892159416
2024-10-22,2024-10-22 13:30:00+00:00,2024-10-22 20:00:00+00:00,True,True,True,True,balance,20341.330833333333,20297.78916666667,20376.16416666667,20351.2,20241.33,16705.517330841623
2024-10-23,2024-10-23 13:30:00+00:00,2024-10-23 20:00:00+00:00,True,True,True,True,balance,20371.970625,20284.876875,20391.324791666666,20337.460000000003,20282.59,-8300.322197728154
2024-10-24,2024-10-24 13:30:00+00:00,2024-10-24 20:00:00+00:00,True,True,True,True,balance,20297.48604166667,20073.631875000003,20329.465208333335,20256.140000000003,20176.140000000003,2893.1260000237053
2024-10-25,2024-10-25 13:30:00+00:00,2024-10-25 20:00:00+00:00,True,True,True,True,imbalance_up,20224.260000000002,20199.780000000002,20242.620000000003,20539.42,20372.050000000003,24558.408391797406
2024-10-28,2024-10-28 13:30:00+00:00,2024-10-28 20:00:00+00:00,True,True,True,True,balance,20398.43166666667,20357.245000000003,20521.99166666667,20515.5,20417.63,-7244.38430362468
2024-10-29,2024-10-29 13:30:00+00:00,2024-10-29 20:00:00+00:00,True,True,True,True,balance,20436.541875000003,20407.298125,20465.785625,20418.17,20323.92,1872.4949299468399
2024-10-30,2024-10-30 13:30:00+00:00,2024-10-30 20:00:00+00:00,True,True,True,True,balance,20487.591875,20448.310625,20631.623125,20562.5,20436.38,19183.31261670867
2024-10-31,2024-10-31 13:30:00+00:00,2024-10-31 20:00:00+00:00,True,True,True,True,imbalance_down,20542.69375,20496.59875,20581.10625,20266.01,20047.890000000003,-43963.92996950104
2024-11-01,2024-11-01 13:30:00+00:00,2024-11-01 20:00:00+00:00,True,True,True,True,imbalance_up,19973.713125,19913.754791666666,20033.67145833333,20076.92,19959.04,21785.438467694265
2024-11-04,2024-11-04 14:30:00+00:00,2024-11-04 21:00:00+00:00,True,True,True,True,balance,20069.190833333334,20050.034166666665,20136.239166666666,20049.54,19921.67,-15720.455247399712
2024-11-05,2024-11-05 14:30:00+00:00,2024-11-05 21:00:00+00:00,True,True,True,True,imbalance_up,20041.55,19988.269999999997,20085.95,20210.230000000003,20057.85,37207.229159042305
2024-11-06,2024-11-06 14:30:00+00:00,2024-11-06 21:00:00+00:00,True,True,True,True,balance,20231.58041666667,20184.62625,20259.75291666667,20717.5,20556.38,8011.93945945518
2024-11-07,2024-11-07 14:30:00+00:00,2024-11-07 21:00:00+00:00,True,True,True,True,imbalance_up,20693.541458333333,20586.197708333333,20729.322708333333,21021.95,20915.33,28564.862186569917
2024-11-08,2024-11-08 14:30:00+00:00,2024-11-08 21:00:00+00:00,True,True,True,True,balance,21097.257083333338,21024.48625,21159.632083333338,21141.08,21085.460000000003,5111.180303609741
2024-11-11,2024-11-11 14:30:00+00:00,2024-11-11 21:00:00+00:00,True,True,True,True,imbalance_down,21128.658125,21102.845625,21141.564375,21209.63,21080.25,-24604.030232418052
2024-11-12,2024-11-12 14:30:00+00:00,2024-11-12 21:00:00+00:00,True,True,True,True,imbalance_up,21108.39041666667,21084.09291666667,21140.787083333333,21171.140000000003,21101.390000000003,6497.8459176743345
2024-11-13,2024-11-13 14:30:00+00:00,2024-11-13 21:00:00+00:00,True,True,True,True,imbalance_down,21109.733750000003,21085.171250000003,21150.671250000003,21106.91,21044.16,-15751.983549787336
2024-11-14,2024-11-14 14:30:00+00:00,2024-11-14 21:00:00+00:00,True,True,True,True,imbalance_down,21089.407916666667,21045.32875,21151.11875,21099.56,20989.43,-21246.060634293037
2024-11-15,2024-11-15 14:30:00+00:00,2024-11-15 21:00:00+00:00,True,True,True,True,imbalance_down,21019.106875,20959.825625,21036.044375,20698.45,20604.2,-27510.69565073793
2024-11-18,2024-11-18 14:30:00+00:00,2024-11-18 21:00:00+00:00,True,True,True,True,balance,20399.45,20353.45,20522.11666666667,20503.93,20433.93,-2636.8099396052753
2024-11-19,2024-11-19 14:30:00+00:00,2024-11-19 21:00:00+00:00,True,True,True,True,balance,20587.503750000003,20513.04375,20624.73375,20521.32,20443.32,20615.799218918117
2024-11-20,2024-11-20 14:30:00+00:00,2024-11-20 21:00:00+00:00,True,True,True,True,balance,20484.755624999998,20461.078125,20650.498125,20692.88,20550.01,-31382.261537543593
2024-11-21,2024-11-21 14:30:00+00:00,2024-11-21 21:00:00+00:00,True,True,True,True,balance,20551.96854166667,20492.20395833333,20599.780208333334,20841.77,20564.52,-29520.085106815426
2024-11-22,2024-11-22 14:30:00+00:00,2024-11-22 21:00:00+00:00,True,True,True,True,balance,20654.11875,20523.57875,20768.341249999998,20811.120000000003,20713.25,-336.61528728854364
2024-11-25,2024-11-25 14:30:00+00:00,2024-11-25 21:00:00+00:00,True,True,True,True,balance,20769.2075,20729.6775,20795.560833333337,21026.92,20864.42,-13424.307632986853
2024-11-26,2024-11-26 14:30:00+00:00,2024-11-26 21:00:00+00:00,True,True,True,True,balance,20845.289375,20795.184375,20895.394375,20973.06,20885.66,12228.25944892546
2024-11-27,2024-11-27 14:30:00+00:00,2024-11-27 21:00:00+00:00,True,True,True,True,balance,20905.070625,20889.961875,20930.251875,20888.210000000003,20788.460000000003,467.7699085738508
2024-11-29,2024-11-29 14:30:00+00:00,2024-11-29 18:00:00+00:00,True,True,True,True,imbalance_up,20750.772500000003,20695.7975,20849.7275,20873.99,20760.74,23272.046541050626
2024-12-02,2024-12-02 14:30:00+00:00,2024-12-02 21:00:00+00:00,True,True,True,True,imbalance_up,20950.20875,20870.89625,20959.02125,21131.83,20988.2,25051.821772005263
2024-12-03,2024-12-03 14:30:00+00:00,2024-12-03 21:00:00+00:00,True,True,True,True,balance,21148.3875,21128.970833333333,21196.92916666667,21172.83,21097.58,631.1303063550769
2024-12-04,2024-12-04 14:30:00+00:00,2024-12-04 21:00:00+00:00,True,True,True,True,balance,21190.92375,21145.86125,21203.79875,21406.72,21353.97,-11103.393046503574
2024-12-05,2024-12-05 14:30:00+00:00,2024-12-05 21:00:00+00:00,True,True,True,True,balance,21450.564166666667,21383.947500000002,21457.225833333334,21518.95,21465.45,-3343.9136059512134
2024-12-06,2024-12-06 14:30:00+00:00,2024-12-06 21:00:00+00:00,True,True,True,True,imbalance_up,21487.595625,21451.805625,21496.543125,21579.870000000003,21452.120000000003,25152.609807117253
2024-12-09,2024-12-09 14:30:00+00:00,2024-12-09 21:00:00+00:00,True,True,True,True,balance,21592.889583333337,21570.062083333338,21615.717083333337,21621.07,21554.94,9500.356901583657
2024-12-10,2024-12-10 14:30:00+00:00,2024-12-10 21:00:00+00:00,True,True,True,True,balance,21483.77875,21421.776250000003,21528.06625,21564.26,21480.51,-4182.318577393231
2024-12-11,2024-12-11 14:30:00+00:00,2024-12-11 21:00:00+00:00,True,True,True,True,imbalance_up,21460.041458333333,21428.322708333333,21555.197708333333,21674.44,21550.32,38147.716388231085
2024-12-12,2024-12-12 14:30:00+00:00,2024-12-12 21:00:00+00:00,True,True,True,True,balance,21771.590833333335,21678.965833333335,21792.174166666664,21676.43,21636.050000000003,-19331.463378429988
2024-12-13,2024-12-13 14:30:00+00:00,2024-12-13 21:00:00+00:00,True,True,True,True,imbalance_up,21657.106875,21647.096041666668,21697.150208333333,21888.91,21771.16,34589.780789757046
2024-12-16,2024-12-16 14:30:00+00:00,2024-12-16 21:00:00+00:00,True,True,True,True,imbalance_up,21693.0325,21662.8975,21783.4375,21960.08,21884.2,1637.69160362284
2024-12-17,2024-12-17 14:30:00+00:00,2024-12-17 21:00:00+00:00,True,True,True,True,balance,21900.22375,21900.22375,22071.143750000003,22053.31,21967.94,-15546.059579735735
2024-12-18,2024-12-18 14:30:00+00:00,2024-12-18 21:00:00+00:00,True,True,True,True,balance,22028.143125,21976.486875,22033.88270833333,21996.06,21906.94,7860.627098779283
2024-12-19,2024-12-19 14:30:00+00:00,2024-12-19 21:00:00+00:00,True,True,True,True,balance,21990.919374999998,21765.836875,22028.433125,21420.35,21276.52,5427.833071544747
2024-12-20,2024-12-20 14:30:00+00:00,2024-12-20 21:00:00+00:00,True,True,True,True,balance,21264.342916666665,21182.947916666668,21305.040416666667,21061.63,20913.26,15668.267136213908
2024-12-23,2024-12-23 14:30:00+00:00,2024-12-23 21:00:00+00:00,True,True,True,True,balance,21442.60375,21279.72875,21551.18708333333,21445.29,21323.04,30877.981600232433
2024-12-24,2024-12-24 14:30:00+00:00,2024-12-24 18:00:00+00:00,True,True,True,True,imbalance_up,21453.118125,21365.691041666665,21528.055625,21686.42,21578.54,12237.298536079797
2024-12-26,2024-12-26 14:30:00+00:00,2024-12-26 21:00:00+00:00,True,True,True,True,balance,21749.806666666664,21681.3,21779.166666666664,21787.04,21649.54,10391.74587284924
2024-12-27,2024-12-27 14:30:00+00:00,2024-12-27 21:00:00+00:00,True,True,True,True,imbalance_down,21790.13375,21764.57125,21824.217083333337,21651.79,21465.17,-13039.232129670218
2024-12-30,2024-12-30 14:30:00+00:00,2024-12-30 21:00:00+00:00,True,True,True,True,imbalance_down,21356.348749999997,21310.896249999998,21432.102916666667,21221.29,21088.29,-3264.4708648055703
2024-12-31,2024-12-31 14:30:00+00:00,2024-12-31 21:00:00+00:00,True,True,True,True,balance,21157.091875,21078.154375,21301.810625,21303.75,21183.75,-9753.412762595435
2025-01-02,2025-01-02 14:30:00+00:00,2025-01-02 21:00:00+00:00,True,True,False,False,unclassified,,,,,,
2025-01-03,2025-01-03 14:30:00+00:00,2025-01-03 21:00:00+00:00,True,True,True,True,imbalance_up,20880.480833333335,20842.1375,21110.540833333333,21272.75,21116.25,14932.059693242218
2025-01-06,2025-01-06 14:30:00+00:00,2025-01-06 21:00:00+00:00,True,True,True,True,imbalance_up,21205.333125,21155.708125,21316.989375,21690.25,21566.050000000003,4396.598034925627
2025-01-07,2025-01-07 14:30:00+00:00,2025-01-07 21:00:00+00:00,True,True,True,True,imbalance_down,21702.621458333335,21578.306458333333,21733.700208333335,21648.27,21537.640000000003,-19933.564870346883
2025-01-08,2025-01-08 14:30:00+00:00,2025-01-08 21:00:00+00:00,True,True,True,True,balance,21286.473125,21242.618958333333,21439.962708333333,21231.120000000003,21132.75,31610.27383964038
2025-01-10,2025-01-10 14:30:00+00:00,2025-01-10 21:00:00+00:00,True,True,True,True,imbalance_down,21183.776875000003,21150.698125000003,21227.881875,21048.0,20861.88,-6841.5310195006905
2025-01-13,2025-01-13 14:30:00+00:00,2025-01-13 21:00:00+00:00,True,True,True,True,balance,20868.168750000004,20801.564583333333,20974.73541666667,20702.26,20563.140000000003,-33335.54338285483
2025-01-14,2025-01-14 14:30:00+00:00,2025-01-14 21:00:00+00:00,True,True,True,True,balance,20623.266458333335,20612.334375000002,20743.519375,20993.36,20830.230000000003,7933.900233890149
2025-01-15,2025-01-15 14:30:00+00:00,2025-01-15 21:00:00+00:00,True,True,True,True,imbalance_up,20719.421250000003,20660.191250000003,20867.496250000004,21211.67,21053.79,31025.75887173863
2025-01-16,2025-01-16 14:30:00+00:00,2025-01-16 21:00:00+00:00,True,True,True,True,balance,21203.274375,21170.055625,21291.857708333337,21363.65,21235.4,-47036.679746723086
2025-01-17,2025-01-17 14:30:00+00:00,2025-01-17 21:00:00+00:00,True,True,True,True,balance,21252.4375,21199.479166666668,21284.2125,21520.93,21356.63,-17365.1026467641
2025-01-21,2025-01-21 14:30:00+00:00,2025-01-21 21:00:00+00:00,True,True,True,True,balance,21489.436041666668,21417.859791666666,21505.341875,21594.91,21449.66,3081.7713524436394
2025-01-22,2025-01-22 14:30:00+00:00,2025-01-22 21:00:00+00:00,True,True,True,True,imbalance_up,21489.9575,21479.7025,21592.5075,21906.28,21780.78,33307.78270106725
2025-01-23,2025-01-23 14:30:00+00:00,2025-01-23 21:00:00+00:00,True,True,True,True,balance,21896.097291666665,21872.238541666666,21943.814791666668,21796.68,21745.050000000003,14802.301711919808
2025-01-24,2025-01-24 14:30:00+00:00,2025-01-24 21:00:00+00:00,True,True,True,True,balance,21807.737500000003,21785.612500000003,21851.987500000003,21959.0,21880.88,-13864.419079554935
2025-01-27,2025-01-27 14:30:00+00:00,2025-01-27 21:00:00+00:00,True,True,True,True,balance,21885.915625,21798.214375,21944.383125,21230.88,20998.76,48920.548447620065
2025-01-28,2025-01-28 14:30:00+00:00,2025-01-28 21:00:00+00:00,True,True,True,True,balance,21112.915416666667,21045.68625,21166.698750000003,21216.04,21056.460000000003,-15074.66764524893
2025-01-29,2025-01-29 14:30:00+00:00,2025-01-29 21:00:00+00:00,True,True,True,True,balance,21337.898958333335,21221.441458333335,21473.76604166667,21503.54,21391.66,-28129.19559204649
2025-01-30,2025-01-30 14:30:00+00:00,2025-01-30 21:00:00+00:00,True,True,True,True,imbalance_up,21428.8275,21369.057500000003,21448.75083333333,21648.56,21497.31,22124.42418564235
2025-01-31,2025-01-31 14:30:00+00:00,2025-01-31 21:00:00+00:00,True,True,True,True,imbalance_up,21449.78916666667,21422.3725,21532.03916666667,21773.390000000003,21667.19,25525.353723007996
2025-02-03,2025-02-03 14:30:00+00:00,2025-02-03 21:00:00+00:00,True,True,True,True,balance,21805.004583333335,21608.15041666667,21858.692083333335,21222.390000000003,21079.69,24305.840166616403
2025-02-04,2025-02-04 14:30:00+00:00,2025-02-04 21:00:00+00:00,True,True,True,True,imbalance_up,21334.513541666667,21215.988958333335,21419.173958333336,21487.28,21316.78,23491.059761114728
2025-02-05,2025-02-05 14:30:00+00:00,2025-02-05 21:00:00+00:00,True,True,True,True,balance,21563.318124999998,21503.186875,21575.344375,21503.550000000003,21431.92,2631.4702565672433
2025-02-06,2025-02-06 14:30:00+00:00,2025-02-06 21:00:00+00:00,True,True,True,True,balance,21620.218125,21475.251875,21675.974375000005,21737.26,21652.890000000003,-31.301231712813887
2025-02-07,2025-02-07 14:30:00+00:00,2025-02-07 21:00:00+00:00,True,True,True,True,balance,21679.635,21665.46833333333,21729.21833333333,21883.08,21785.45,25991.776653569006
2025-02-10,2025-02-10 14:30:00+00:00,2025-02-10 21:00:00+00:00,True,True,True,True,imbalance_up,21580.78208333333,21494.411249999997,21649.878750000003,21730.56,21665.69,3409.0397077949897
2025-02-11,2025-02-11 14:30:00+00:00,2025-02-11 21:00:00+00:00,True,True,True,True,balance,21787.361875,21749.924375,21799.841041666667,21728.4,21623.4,21782.735658577636
2025-02-12,2025-02-12 14:30:00+00:00,2025-02-12 21:00:00+00:00,True,True,True,True,balance,21705.040416666667,21697.94125,21754.73458333333,21626.44,21461.56,13722.599917584907
2025-02-13,2025-02-13 14:30:00+00:00,2025-02-13 21:00:00+00:00,True,True,True,True,imbalance_up,21720.158958333333,21606.627708333333,21758.002708333333,21878.54,21762.79,15337.221902767966
2025-02-14,2025-02-14 14:30:00+00:00,2025-02-14 21:00:00+00:00,True,True,True,True,balance,21865.013124999998,21780.829375,21925.144375,22067.63,22016.5,-7846.8604110903025
2025-02-18,2025-02-18 14:30:00+00:00,2025-02-18 21:00:00+00:00,True,True,True,True,balance,22041.484375,22030.380208333336,22085.901041666664,22204.300000000003,22101.42,-3316.463466862474
2025-02-19,2025-02-19 14:30:00+00:00,2025-02-19 21:00:00+00:00,True,True,True,True,balance,22118.49270833334,22084.169791666667,22139.08645833334,22159.980000000003,22093.6,4022.6316837127733
2025-02-20,2025-02-20 14:30:00+00:00,2025-02-20 21:00:00+00:00,True,True,True,True,imbalance_down,22173.864791666667,22120.965208333335,22226.764375,22162.32,21937.94,-34215.47779298298
2025-02-21,2025-02-21 14:30:00+00:00,2025-02-21 21:00:00+00:00,True,True,True,True,balance,22008.195,21962.528333333335,22042.445,22127.390000000003,22019.56,8020.545651615183
2025-02-24,2025-02-24 14:30:00+00:00,2025-02-24 21:00:00+00:00,True,True,True,True,imbalance_down,21635.315,21613.445,21941.495000000003,21749.230000000003,21508.730000000003,-61503.45360761554
2025-02-25,2025-02-25 14:30:00+00:00,2025-02-25 21:00:00+00:00,True,True,True,True,imbalance_down,21479.214375000003,21446.48520833334,21577.401875000003,21348.35,21161.85,-35287.144805768585
2025-02-26,2025-02-26 14:30:00+00:00,2025-02-26 21:00:00+00:00,True,True,True,True,imbalance_up,21153.448958333334,21017.865625,21187.344791666663,21267.43,21143.43,54178.65593920952
2025-02-27,2025-02-27 14:30:00+00:00,2025-02-27 21:00:00+00:00,True,True,True,True,imbalance_down,21327.53104166667,21140.856458333335,21341.890625,21337.53,20952.7,-67740.17336397097
2025-02-28,2025-02-28 14:30:00+00:00,2025-02-28 21:00:00+00:00,True,True,True,True,balance,21027.541041666667,20897.019375,21158.06270833333,20602.27,20418.27,-10913.244599524478
2025-03-03,2025-03-03 14:30:00+00:00,2025-03-03 21:00:00+00:00,True,True,True,True,balance,20670.223125,20549.285625,20710.535625,21085.45,20788.95,-19166.778138144953
2025-03-04,2025-03-04 14:30:00+00:00,2025-03-04 21:00:00+00:00,True,True,True,True,imbalance_down,20867.645833333336,20633.0875,20934.6625,20397.92,20195.59,-30788.15245001119
2025-03-05,2025-03-05 14:30:00+00:00,2025-03-05 21:00:00+00:00,True,True,True,True,balance,20166.815000000002,20084.665,20385.881666666668,20425.09,20240.09,-23079.54755119768
2025-03-06,2025-03-06 14:30:00+00:00,2025-03-06 21:00:00+00:00,True,True,True,True,balance,20322.897291666668,20237.938958333332,20535.293125,20314.65,20199.9,10385.317142148422
2025-03-07,2025-03-07 14:30:00+00:00,2025-03-07 21:00:00+00:00,True,True,True,True,balance,20239.8325,20091.1175,20452.2825,20213.79,19995.960000000003,38306.761098540184
2025-03-10,2025-03-10 13:30:00+00:00,2025-03-10 20:00:00+00:00,True,True,True,True,balance,20160.81625,19965.62875,20225.87875,19880.5,19722.2,3755.5733276515975
2025-03-11,2025-03-11 13:30:00+00:00,2025-03-11 20:00:00+00:00,True,True,True,True,balance,19420.636458333334,19394.35854166667,19657.137708333335,19579.800000000003,19366.97,27422.344852109964
2025-03-12,2025-03-12 13:30:00+00:00,2025-03-12 20:00:00+00:00,True,True,True,True,balance,19495.733125,19334.023125,19556.374375,19760.34,19573.59,2440.9689887070317
2025-03-13,2025-03-13 13:30:00+00:00,2025-03-13 20:00:00+00:00,True,True,True,True,imbalance_down,19625.271458333336,19561.709791666668,19688.833125,19561.370000000003,19324.0,-22501.39744649583
2025-03-14,2025-03-14 13:30:00+00:00,2025-03-14 20:00:00+00:00,True,True,True,True,balance,19298.761250000003,19180.16375,19417.35875,19604.56,19435.19,40683.95486689865
2025-03-17,2025-03-17 13:30:00+00:00,2025-03-17 20:00:00+00:00,True,True,True,True,imbalance_up,19669.49125,19542.11625,19682.228750000002,19838.18,19673.980000000003,61050.809397181016
2025-03-18,2025-03-18 13:30:00+00:00,2025-03-18 20:00:00+00:00,True,True,True,True,imbalance_down,19681.12625,19653.59458333333,19791.252916666668,19686.2,19446.57,-76869.44890118879
2025-03-19,2025-03-19 13:30:00+00:00,2025-03-19 20:00:00+00:00,True,True,True,True,balance,19470.855208333334,19458.54979166667,19520.076875,19634.1,19498.1,-14645.965792862238
2025-03-20,2025-03-20 13:30:00+00:00,2025-03-20 20:00:00+00:00,True,True,True,True,balance,19669.396875,19579.240625,19741.521875,19728.9,19548.07,22136.887186208125
2025-03-21,2025-03-21 13:30:00+00:00,2025-03-21 20:00:00+00:00,True,True,True,True,balance,19670.197291666664,19598.357708333337,19799.50854166667,19551.5,19407.13,6374.870561152031
2025-03-24,2025-03-24 13:30:00+00:00,2025-03-24 20:00:00+00:00,True,True,True,True,imbalance_up,19521.386250000003,19460.449583333335,19643.259583333333,20147.75,20038.75,4366.7521055573
2025-03-25,2025-03-25 13:30:00+00:00,2025-03-25 20:00:00+00:00,True,True,True,True,imbalance_up,20147.427499999998,20132.4375,20184.902500000004,20248.5,20181.300000000003,5935.052478886126
2025-03-26,2025-03-26 13:30:00+00:00,2025-03-26 20:00:00+00:00,True,True,True,True,imbalance_down,20250.675000000003,20211.825000000004,20278.425000000003,20300.300000000003,20131.43,-34817.049987669256
2025-03-27,2025-03-27 13:30:00+00:00,2025-03-27 20:00:00+00:00,True,True,True,True,balance,19951.23375,19879.630416666667,20112.34125,19922.65,19769.9,4403.6223860184855
2025-03-28,2025-03-28 13:30:00+00:00,2025-03-28 20:00:00+00:00,True,True,True,True,imbalance_down,19905.769791666666,19840.552291666667,19938.37854166667,19776.870000000003,19675.5,-33484.24488086499
2025-03-31,2025-03-31 13:30:00+00:00,2025-03-31 20:00:00+00:00,True,True,True,True,balance,19311.48458333334,19268.192916666667,19484.651250000003,19039.76,18824.640000000003,2417.6935947157053
2025-04-01,2025-04-01 13:30:00+00:00,2025-04-01 20:00:00+00:00,True,True,True,True,imbalance_up,18984.561875000003,18899.270208333335,19112.499375000003,19311.44,19187.94,6881.794652388942
2025-04-02,2025-04-02 13:30:00+00:00,2025-04-02 20:00:00+00:00,True,True,True,True,balance,19420.935,19261.768333333333,19452.768333333333,19430.550000000003,19166.97,44000.320397839954
2025-04-03,2025-04-03 13:30:00+00:00,2025-04-03 20:00:00+00:00,True,True,True,True,balance,19537.161666666667,19346.095,19584.92833333333,18920.84,18759.210000000003,-21092.613873223487
2025-04-04,2025-04-04 13:30:00+00:00,2025-04-04 20:00:00+00:00,True,True,True,True,balance,18741.955,18622.698333333334,18810.10166666667,18108.15,17865.780000000002,-20798.564361739605
2025-04-07,2025-04-07 13:30:00+00:00,2025-04-07 20:00:00+00:00,True,True,True,True,balance,17673.754166666666,17464.045833333337,17853.504166666666,17174.59,16551.47,101643.60907622763
2025-04-08,2025-04-08 13:30:00+00:00,2025-04-08 20:00:00+00:00,True,True,True,True,balance,17149.080208333333,17078.773125,17570.922708333335,18144.08,17938.5,-13546.493198823158
2025-04-09,2025-04-09 13:30:00+00:00,2025-04-09 20:00:00+00:00,True,True,True,True,balance,17515.043749999997,17342.206250000003,18148.78125,17438.99,17085.91,24343.017314906017
2025-04-10,2025-04-10 13:30:00+00:00,2025-04-10 20:00:00+00:00,True,True,True,True,balance,17313.196458333332,17131.36729166667,18767.829791666667,18737.06,18524.11,-76990.9094291176
2025-04-11,2025-04-11 13:30:00+00:00,2025-04-11 20:00:00+00:00,True,True,True,True,balance,18518.446458333336,18081.219375,18558.194375000003,18523.79,18228.84,-15643.870206644626
2025-04-14,2025-04-14 13:30:00+00:00,2025-04-14 20:00:00+00:00,True,True,True,True,balance,18686.206666666665,18359.473333333335,18736.473333333335,19133.45,18867.120000000003,-112453.5387013286
2025-04-15,2025-04-15 13:30:00+00:00,2025-04-15 20:00:00+00:00,True,True,True,True,balance,18929.247499999998,18757.2875,19101.2075,18997.640000000003,18848.52,523.7616558099398
2025-04-16,2025-04-16 13:30:00+00:00,2025-04-16 20:00:00+00:00,True,True,True,True,balance,18846.151250000003,18835.33375,18943.50875,18561.1,18405.6,5237.772066938189
2025-04-17,2025-04-17 13:30:00+00:00,2025-04-17 20:00:00+00:00,True,True,True,True,balance,18449.434375000004,18243.224375000005,18604.091875000006,18397.91,18265.41,-11297.184475660724
2025-04-21,2025-04-21 13:30:00+00:00,2025-04-21 20:00:00+00:00,True,True,True,True,imbalance_down,18288.170208333337,18255.138958333337,18354.232708333337,18062.56,17891.56,-18025.862628967676
2025-04-22,2025-04-22 13:30:00+00:00,2025-04-22 20:00:00+00:00,True,True,True,True,imbalance_up,17820.565208333333,17646.32895833333,17878.643958333334,18157.49,18003.49,52514.25523340919
2025-04-23,2025-04-23 13:30:00+00:00,2025-04-23 20:00:00+00:00,True,True,True,True,imbalance_up,18166.81875,18132.433750000004,18287.166250000002,19023.65,18818.45,64589.530286265224
2025-04-24,2025-04-24 13:30:00+00:00,2025-04-24 20:00:00+00:00,True,True,True,True,balance,18930.973749999997,18767.706250000003,19021.677916666667,18961.22,18747.97,66128.94054074139
2025-04-25,2025-04-25 13:30:00+00:00,2025-04-25 20:00:00+00:00,True,True,True,True,balance,19167.476875,19024.230625,19208.404375,19262.49,19135.620000000003,-26621.06481284742
2025-04-28,2025-04-28 13:30:00+00:00,2025-04-28 20:00:00+00:00,True,True,True,True,balance,19247.44229166667,19140.898958333335,19353.985625,19527.42,19358.67,-30202.626356992198
2025-04-29,2025-04-29 13:30:00+00:00,2025-04-29 20:00:00+00:00,True,True,True,True,balance,19413.332499999997,19246.004166666666,19474.17916666667,19446.42,19311.17,32308.41330482811
2025-04-30,2025-04-30 13:30:00+00:00,2025-04-30 20:00:00+00:00,True,True,True,True,imbalance_down,19470.565625,19352.494791666664,19505.986875,19211.33,19013.08,-46011.76566056129
2025-05-01,2025-05-01 13:30:00+00:00,2025-05-01 20:00:00+00:00,True,True,True,True,balance,19329.541458333333,19176.583958333336,19431.513125000005,19901.28,19775.45,-15552.70861657349
2025-05-02,2025-05-02 13:30:00+00:00,2025-05-02 20:00:00+00:00,True,True,True,True,balance,19850.534375000003,19839.383125,19928.593125,20033.890000000003,19929.640000000003,9714.663525929975
2025-05-05,2025-05-05 13:30:00+00:00,2025-05-05 20:00:00+00:00,True,True,True,True,balance,20159.304791666666,20052.483958333334,20159.304791666666,19984.93,19900.31,18582.992497446307
2025-05-06,2025-05-06 13:30:00+00:00,2025-05-06 20:00:00+00:00,True,True,False,False,unclassified,,,,,,
2025-05-07,2025-05-07 13:30:00+00:00,2025-05-07 20:00:00+00:00,True,True,True,True,imbalance_up,19817.846875000003,19770.05520833334,19853.690625000003,19864.76,19778.31,20206.60768505867
2025-05-08,2025-05-08 13:30:00+00:00,2025-05-08 20:00:00+00:00,True,True,True,True,balance,19732.583541666667,19732.583541666667,19857.706875,20096.81,19983.94,4016.132441721238
2025-05-09,2025-05-09 13:30:00+00:00,2025-05-09 20:00:00+00:00,True,True,True,True,balance,20207.756458333333,20013.931875000002,20252.48520833333,20203.19,20128.19,8406.797871177441
2025-05-12,2025-05-12 13:30:00+00:00,2025-05-12 20:00:00+00:00,True,True,True,True,balance,20059.97645833333,20013.778541666667,20087.69520833333,20849.66,20674.03,-20372.88893076534
2025-05-13,2025-05-13 13:30:00+00:00,2025-05-13 20:00:00+00:00,True,True,True,True,imbalance_up,20711.124583333334,20689.13291666667,20810.087083333332,21057.460000000003,20898.960000000003,35626.58431782807
2025-05-14,2025-05-14 13:30:00+00:00,2025-05-14 20:00:00+00:00,True,True,True,True,balance,21217.991250000003,21140.178750000003,21264.678750000003,21331.47,21200.870000000003,6001.1960088026735
2025-05-15,2025-05-15 13:30:00+00:00,2025-05-15 20:00:00+00:00,True,True,True,True,balance,21288.38354166667,21252.17104166667,21306.489791666667,21264.09,21172.74,5352.877931012821
2025-05-16,2025-05-16 13:30:00+00:00,2025-05-16 20:00:00+00:00,True,True,True,True,balance,21249.074375,21190.355625000004,21331.280625,21392.69,21312.44,-9387.932939299964
2025-05-19,2025-05-19 13:30:00+00:00,2025-05-19 20:00:00+00:00,True,True,True,True,balance,21351.335,21303.434999999998,21375.285000000003,21304.870000000003,21132.49,37893.99345325934
2025-05-20,2025-05-20 13:30:00+00:00,2025-05-20 20:00:00+00:00,True,True,False,False,unclassified,,,,,,
2025-05-21,2025-05-21 13:30:00+00:00,2025-05-21 20:00:00+00:00,True,True,True,True,balance,21351.0,21314.5,21372.9,21339.93,21212.06,39716.55443813275
2025-05-22,2025-05-22 13:30:00+00:00,2025-05-22 20:00:00+00:00,True,True,True,True,balance,21179.846458333333,21098.888125,21341.763125,21230.050000000003,21051.550000000003,72489.25470480489
2025-05-23,2025-05-23 13:30:00+00:00,2025-05-23 20:00:00+00:00,True,True,True,True,balance,21177.33625,21158.70125,21242.558749999997,20893.72,20762.52,-22362.847721537164
2025-05-27,2025-05-27 13:30:00+00:00,2025-05-27 20:00:00+00:00,True,True,True,True,imbalance_up,20865.567291666666,20865.567291666666,20984.885208333333,21247.710000000003,21143.84,10766.908992753557
2025-05-28,2025-05-28 13:30:00+00:00,2025-05-28 20:00:00+00:00,True,True,True,True,balance,21322.14166666667,21297.548333333332,21420.515000000003,21518.75,21403.5,-15659.72933066199
2025-05-29,2025-05-29 13:30:00+00:00,2025-05-29 20:00:00+00:00,True,True,True,True,balance,21414.411458333336,21387.192708333336,21441.630208333336,21633.890000000003,21440.01,-26918.029883375275
2025-05-30,2025-05-30 13:30:00+00:00,2025-05-30 20:00:00+00:00,True,True,True,True,imbalance_down,21373.960000000003,21295.193333333336,21421.22,21345.13,21189.88,-17803.994133459397
2025-06-02,2025-06-02 13:30:00+00:00,2025-06-02 20:00:00+00:00,True,True,True,True,balance,21320.09875,21184.53625,21350.22375,21420.42,21249.54,18252.091746416158
2025-06-03,2025-06-03 13:30:00+00:00,2025-06-03 20:00:00+00:00,True,True,True,True,imbalance_up,21332.63875,21281.222083333334,21435.472083333334,21570.53,21474.58,4989.2563673923705
2025-06-04,2025-06-04 13:30:00+00:00,2025-06-04 20:00:00+00:00,True,True,True,True,balance,21667.057083333333,21573.419583333332,21708.673749999998,21758.5,21682.370000000003,11394.505206172158
2025-06-05,2025-06-05 13:30:00+00:00,2025-06-05 20:00:00+00:00,True,True,True,True,imbalance_down,21737.253750000003,21697.09875,21757.331250000003,21806.460000000003,21658.460000000003,-25461.73357415738
2025-06-06,2025-06-06 13:30:00+00:00,2025-06-06 20:00:00+00:00,True,True,True,True,balance,21692.668333333335,21621.481666666667,21817.245000000003,21830.27,21734.77,15335.48198016171
2025-06-09,2025-06-09 13:30:00+00:00,2025-06-09 20:00:00+00:00,True,True,True,True,balance,21766.90541666667,21760.634583333333,21817.072083333333,21794.74,21726.11,-17816.356248164593
2025-06-10,2025-06-10 13:30:00+00:00,2025-06-10 20:00:00+00:00,True,True,True,True,balance,21826.829791666667,21798.052708333336,21849.851458333334,21870.61,21795.61,3064.0690974880504
2025-06-11,2025-06-11 13:30:00+00:00,2025-06-11 20:00:00+00:00,True,True,True,True,balance,21850.11,21818.97,21881.25,22004.42,21895.67,553.6404738321528
2025-06-12,2025-06-12 13:30:00+00:00,2025-06-12 20:00:00+00:00,True,True,True,True,balance,21833.89791666667,21810.949583333335,21971.587916666664,21874.17,21801.17,13875.172852132868
2025-06-13,2025-06-13 13:30:00+00:00,2025-06-13 20:00:00+00:00,True,True,True,True,balance,21916.830416666668,21890.39375,21943.267083333332,21775.550000000003,21643.85,4403.331084125422
2025-06-16,2025-06-16 13:30:00+00:00,2025-06-16 20:00:00+00:00,True,True,True,True,imbalance_up,21736.086875,21651.376875,21820.796875,21933.94,21781.94,28630.585856214933
2025-06-17,2025-06-17 13:30:00+00:00,2025-06-17 20:00:00+00:00,True,True,True,True,balance,21930.6025,21922.1075,21964.582499999997,21876.86,21794.74,-4030.0133134483867
2025-06-18,2025-06-18 13:30:00+00:00,2025-06-18 20:00:00+00:00,True,True,True,True,balance,21857.89125,21746.64125,21894.974583333336,21796.18,21698.300000000003,3942.961155404406
2025-06-20,2025-06-20 13:30:00+00:00,2025-06-20 20:00:00+00:00,True,True,True,True,balance,21773.93,21729.763333333336,21826.93,21910.13,21790.25,-33302.68421994004
2025-06-23,2025-06-23 13:30:00+00:00,2025-06-23 20:00:00+00:00,True,True,True,True,imbalance_up,21597.821041666666,21567.351875,21689.228541666667,21717.88,21548.25,14306.560799700484
2025-06-24,2025-06-24 13:30:00+00:00,2025-06-24 20:00:00+00:00,True,True,True,True,balance,21845.348958333336,21682.984375,21860.109375,22132.75,22059.75,32360.47912867877
2025-06-25,2025-06-25 13:30:00+00:00,2025-06-25 20:00:00+00:00,True,True,True,True,imbalance_up,22220.230833333335,22110.634166666667,22235.8875,22357.75,22295.63,15221.529806076547
2025-06-26,2025-06-26 13:30:00+00:00,2025-06-26 20:00:00+00:00,True,True,True,True,balance,22254.823541666665,22201.700208333335,22301.306458333333,22376.32,22286.370000000003,-6737.533067804383
2025-06-27,2025-06-27 13:30:00+00:00,2025-06-27 20:00:00+00:00,True,True,True,True,imbalance_up,22381.233125000002,22345.09479166667,22480.613541666666,22580.54,22496.09,16644.80120782649
2025-06-30,2025-06-30 13:30:00+00:00,2025-06-30 20:00:00+00:00,True,True,True,True,balance,22535.190625,22516.743125,22618.204375,22692.27,22612.27,-18544.304379113488
2025-07-01,2025-07-01 13:30:00+00:00,2025-07-01 20:00:00+00:00,True,True,True,True,balance,22645.67625,22620.259583333333,22664.73875,22651.85,22597.6,1632.2391343136396
2025-07-02,2025-07-02 13:30:00+00:00,2025-07-02 20:00:00+00:00,True,True,True,True,balance,22501.34291666667,22459.42625,22564.21791666667,22548.88,22472.0,11311.436057497847
2025-07-03,2025-07-03 13:30:00+00:00,2025-07-03 17:00:00+00:00,True,True,True,True,imbalance_up,22644.755208333336,22577.338541666664,22661.609375,22824.34,22750.210000000003,9842.601463510617
2025-07-07,2025-07-07 13:30:00+00:00,2025-07-07 20:00:00+00:00,True,True,True,True,balance,22875.356875,22818.146875000002,22918.264375,22804.16,22727.78,3496.137447899958
2025-07-08,2025-07-08 13:30:00+00:00,2025-07-08 20:00:00+00:00,True,True,True,True,balance,22701.87875,22677.33125,22759.15625,22774.77,22712.390000000003,-11600.174720259187
2025-07-09,2025-07-09 13:30:00+00:00,2025-07-09 20:00:00+00:00,True,True,True,True,imbalance_up,22735.55125,22715.30125,22750.73875,22930.31,22811.43,19771.89517846842
2025-07-10,2025-07-10 13:30:00+00:00,2025-07-10 20:00:00+00:00,True,True,True,True,balance,22813.1175,22773.325833333336,22860.8675,22925.06,22773.68,-13234.183682359693
2025-07-11,2025-07-11 13:30:00+00:00,2025-07-11 20:00:00+00:00,True,True,True,True,balance,22873.972708333335,22795.376875,22873.972708333335,22805.0,22700.63,7924.089264273834
2025-07-14,2025-07-14 13:30:00+00:00,2025-07-14 20:00:00+00:00,True,True,True,True,balance,22816.108125,22789.713125000002,22842.503125000003,22825.4,22689.02,2085.295772172857
2025-07-15,2025-07-15 13:30:00+00:00,2025-07-15 20:00:00+00:00,True,True,True,True,balance,22777.587708333333,22749.618958333333,22870.816875,23070.67,22971.09,-27599.872185669796
2025-07-16,2025-07-16 13:30:00+00:00,2025-07-16 20:00:00+00:00,True,True,True,True,imbalance_down,23002.43625,22973.70625,23031.16625,22939.9,22807.77,-4814.475096732907
2025-07-17,2025-07-17 13:30:00+00:00,2025-07-17 20:00:00+00:00,True,True,True,True,imbalance_up,22834.615,22823.611666666668,22911.638333333336,23011.300000000003,22918.92,10833.162544745222
2025-07-18,2025-07-18 13:30:00+00:00,2025-07-18 20:00:00+00:00,True,True,True,True,balance,23109.625,23003.184999999998,23127.365000000005,23164.35,23106.97,4694.5003267648635
2025-07-21,2025-07-21 13:30:00+00:00,2025-07-21 20:00:00+00:00,True,True,True,True,imbalance_up,23058.645625,23035.790625,23087.214375,23258.79,23118.17,21677.455689161372
2025-07-22,2025-07-22 13:30:00+00:00,2025-07-22 20:00:00+00:00,True,True,True,True,imbalance_down,23255.58,23234.440000000002,23276.72,23214.050000000003,22977.550000000003,-45469.92846276684
2025-07-23,2025-07-23 13:30:00+00:00,2025-07-23 20:00:00+00:00,True,True,True,True,imbalance_down,23078.301875000005,23038.080208333333,23108.468125,23132.07,23029.57,-15518.47032973591
2025-07-24,2025-07-24 13:30:00+00:00,2025-07-24 20:00:00+00:00,True,True,True,True,balance,23085.558541666665,23033.65645833334,23122.631458333337,23271.53,23205.03,-10907.467290192162
2025-07-25,2025-07-25 13:30:00+00:00,2025-07-25 20:00:00+00:00,True,True,True,True,balance,23234.071666666667,23218.461666666666,23270.495,23280.51,23203.640000000003,24890.532727949485
2025-07-28,2025-07-28 13:30:00+00:00,2025-07-28 20:00:00+00:00,True,True,True,True,imbalance_up,23273.238958333335,23267.186875000003,23321.655625000003,23401.85,23345.730000000003,23719.673973507226
2025-07-29,2025-07-29 13:30:00+00:00,2025-07-29 20:00:00+00:00,True,True,True,True,balance,23372.558125000003,23346.089375000003,23387.683125000003,23535.230000000003,23438.86,4908.760924576706
2025-07-30,2025-07-30 13:30:00+00:00,2025-07-30 20:00:00+00:00,True,True,True,True,balance,23357.845833333333,23309.904166666667,23434.5525,23412.49,23336.99,4959.670431637111
2025-07-31,2025-07-31 13:30:00+00:00,2025-07-31 20:00:00+00:00,True,True,True,True,balance,23383.677083333336,23315.84125,23461.20375,23638.79,23496.41,-21346.13215264599
2025-08-01,2025-08-01 13:30:00+00:00,2025-08-01 20:00:00+00:00,True,True,True,True,imbalance_down,23276.415,23220.665,23480.831666666665,22985.27,22748.02,-42737.79779000125
2025-08-04,2025-08-04 13:30:00+00:00,2025-08-04 20:00:00+00:00,True,True,True,True,imbalance_up,22771.402499999997,22745.479166666664,22875.095833333333,23159.29,22990.66,50778.66075182295
2025-08-05,2025-08-05 13:30:00+00:00,2025-08-05 20:00:00+00:00,True,True,True,True,imbalance_up,23167.890625,23113.358125,23176.979375000003,23298.79,23205.16,4075.607884369584
2025-08-06,2025-08-06 13:30:00+00:00,2025-08-06 20:00:00+00:00,True,True,True,True,balance,23080.158541666668,23032.886875,23139.248125000002,23149.63,23054.01,-23973.54398446012
2025-08-07,2025-08-07 13:30:00+00:00,2025-08-07 20:00:00+00:00,True,True,True,True,imbalance_up,23281.691041666665,23121.698958333334,23343.226458333334,23565.13,23476.26,35816.94147655347
2025-08-08,2025-08-08 13:30:00+00:00,2025-08-08 20:00:00+00:00,True,True,True,True,imbalance_up,23314.376041666666,23271.767291666663,23470.608125,23556.41,23437.78,30986.639727156613
2025-08-11,2025-08-11 13:30:00+00:00,2025-08-11 20:00:00+00:00,True,True,True,True,balance,23603.06125,23546.62375,23611.12375,23657.11,23593.230000000003,-1806.4717485326341
2025-08-12,2025-08-12 13:30:00+00:00,2025-08-12 20:00:00+00:00,True,True,True,True,imbalance_down,23639.802916666667,23594.698750000003,23666.865416666667,23722.74,23564.74,-22433.342182940018
2025-08-13,2025-08-13 13:30:00+00:00,2025-08-13 20:00:00+00:00,True,True,True,True,balance,23666.698541666665,23557.781875,23762.000625,23984.9,23921.65,16324.975629808263
2025-08-14,2025-08-14 13:30:00+00:00,2025-08-14 20:00:00+00:00,True,True,True,True,balance,23844.51583333333,23821.75083333333,23882.4575,23879.38,23760.5,14555.413062622862
2025-08-15,2025-08-15 13:30:00+00:00,2025-08-15 20:00:00+00:00,True,True,True,True,imbalance_down,23838.963541666664,23818.494791666664,23873.078125,23830.45,23690.0,-36381.33611997127
2025-08-18,2025-08-18 13:30:00+00:00,2025-08-18 20:00:00+00:00,True,True,True,True,balance,23731.241875,23701.846875000003,23760.636875000004,23744.94,23662.82,422.8887708232728
2025-08-19,2025-08-19 13:30:00+00:00,2025-08-19 20:00:00+00:00,True,True,True,True,imbalance_down,23701.637708333335,23675.325208333335,23719.179375,23700.84,23569.09,-20732.609878819312
2025-08-20,2025-08-20 13:30:00+00:00,2025-08-20 20:00:00+00:00,True,True,True,True,imbalance_down,23392.449375,23363.761875,23564.574375,23366.54,23080.79,-53228.54015952275
2025-08-21,2025-08-21 13:30:00+00:00,2025-08-21 20:00:00+00:00,True,True,True,True,balance,23176.310833333337,23060.519166666665,23275.560833333337,23224.04,23109.79,22607.157800364315
2025-08-22,2025-08-22 13:30:00+00:00,2025-08-22 20:00:00+00:00,True,True,True,True,balance,23143.638333333332,23115.028333333335,23200.858333333334,23276.97,23140.85,4816.128452183564
2025-08-25,2025-08-25 13:30:00+00:00,2025-08-25 20:00:00+00:00,True,True,True,True,balance,23482.714583333334,23482.714583333334,23575.110416666663,23460.97,23385.140000000003,-7092.080013588702
2025-08-26,2025-08-26 13:30:00+00:00,2025-08-26 20:00:00+00:00,True,True,True,True,balance,23482.356875,23467.954375,23547.168125000004,23463.13,23371.75,16581.503070744086
2025-08-27,2025-08-27 13:30:00+00:00,2025-08-27 20:00:00+00:00,True,True,True,True,balance,23447.385000000002,23432.978333333333,23483.401666666665,23512.120000000003,23434.99,499.8045287910086
2025-08-28,2025-08-28 13:30:00+00:00,2025-08-28 20:00:00+00:00,True,True,True,True,balance,23544.29729166667,23494.932708333334,23600.713958333334,23692.04,23522.54,-18194.991791450902
2025-08-29,2025-08-29 13:30:00+00:00,2025-08-29 20:00:00+00:00,True,True,True,True,imbalance_down,23661.498333333337,23575.248333333337,23690.248333333337,23618.61,23457.86,-35156.211147727256
2025-09-02,2025-09-02 13:30:00+00:00,2025-09-02 20:00:00+00:00,True,True,True,True,balance,23411.101666666666,23388.668333333335,23444.751666666667,23222.25,22986.88,24160.22220810327
2025-09-03,2025-09-03 13:30:00+00:00,2025-09-03 20:00:00+00:00,True,True,True,True,balance,23201.989375,23091.676875,23213.020625,23402.25,23334.620000000003,-4500.226143284316
2025-09-04,2025-09-04 13:30:00+00:00,2025-09-04 20:00:00+00:00,True,True,True,True,balance,23364.958541666667,23330.50020833334,23425.260625000003,23513.0,23422.370000000003,7302.400048075553
2025-09-05,2025-09-05 13:30:00+00:00,2025-09-05 20:00:00+00:00,True,True,True,True,balance,23448.307291666664,23437.067708333336,23560.703125,23866.210000000003,23786.09,-28163.139520895966
2025-09-08,2025-09-08 13:30:00+00:00,2025-09-08 20:00:00+00:00,True,True,True,True,imbalance_up,23610.059583333335,23510.904583333333,23676.162916666668,23845.5,23741.13,35700.17581375344
2025-09-09,2025-09-09 13:30:00+00:00,2025-09-09 20:00:00+00:00,True,True,True,True,balance,23764.011458333334,23748.027708333335,23822.618541666667,23829.31,23772.81,-903.3092989368603
2025-09-10,2025-09-10 13:30:00+00:00,2025-09-10 20:00:00+00:00,True,True,True,True,balance,23810.2425,23762.700833333336,23823.825833333336,23974.82,23874.620000000003,-5724.9787461200995
2025-09-11,2025-09-11 13:30:00+00:00,2025-09-11 20:00:00+00:00,True,True,True,True,imbalance_up,23907.595,23880.705,23952.411666666667,23974.7,23886.95,2210.312852328834
2025-09-12,2025-09-12 13:30:00+00:00,2025-09-12 20:00:00+00:00,True,True,True,True,imbalance_up,24003.005624999998,23952.054375,24014.328125,24042.91,23981.41,7902.333347353474
2025-09-15,2025-09-15 13:30:00+00:00,2025-09-15 20:00:00+00:00,True,True,True,True,imbalance_up,24082.88979166667,24030.513124999998,24135.26645833333,24247.86,24158.61,13343.076569658304
2025-09-16,2025-09-16 13:30:00+00:00,2025-09-16 20:00:00+00:00,True,True,True,True,balance,24262.421458333338,24226.828958333335,24268.35354166667,24344.730000000003,24269.1,-10642.551208527186
2025-09-17,2025-09-17 13:30:00+00:00,2025-09-17 20:00:00+00:00,True,True,True,True,imbalance_down,24285.59416666667,24269.28083333333,24301.9075,24291.92,24214.300000000003,-37103.102496342246
2025-09-18,2025-09-18 13:30:00+00:00,2025-09-18 20:00:00+00:00,True,True,True,True,imbalance_up,24241.99125,24128.13375,24267.292916666665,24462.69,24349.32,13801.605264294443
2025-09-19,2025-09-19 13:30:00+00:00,2025-09-19 20:00:00+00:00,True,True,True,True,balance,24487.689791666664,24460.908541666664,24550.179375,24568.75,24489.0,-10731.286378395875
2025-09-22,2025-09-22 13:30:00+00:00,2025-09-22 20:00:00+00:00,True,True,True,True,imbalance_up,24515.80625,24478.435416666667,24560.65125,24647.0,24581.0,7793.515270921305
2025-09-23,2025-09-23 13:30:00+00:00,2025-09-23 20:00:00+00:00,True,True,True,True,balance,24753.65625,24673.96875,24780.21875,24786.13,24709.13,-32489.756646704573
2025-09-24,2025-09-24 13:30:00+00:00,2025-09-24 20:00:00+00:00,True,True,True,True,balance,24724.141666666666,24600.165,24752.751666666667,24688.63,24574.63,-38956.33339891268
2025-09-25,2025-09-25 13:30:00+00:00,2025-09-25 20:00:00+00:00,True,True,True,True,imbalance_down,24513.073125000003,24433.789375,24592.356875,24376.13,24220.13,-43687.87084522228
2025-09-26,2025-09-26 13:30:00+00:00,2025-09-26 20:00:00+00:00,True,True,True,True,balance,24419.92166666667,24317.17166666667,24454.17166666667,24522.04,24404.04,-5255.512997743
2025-09-29,2025-09-29 13:30:00+00:00,2025-09-29 20:00:00+00:00,True,True,True,True,imbalance_up,24494.590625,24404.228125,24539.771875,24770.66,24663.53,16560.87231182218
2025-09-30,2025-09-30 13:30:00+00:00,2025-09-30 20:00:00+00:00,True,True,True,True,balance,24752.97625,24656.166250000002,24777.17875,24647.34,24539.22,-13626.480479206759
2025-10-01,2025-10-01 13:30:00+00:00,2025-10-01 20:00:00+00:00,True,True,True,True,balance,24598.985625,24575.079375,24638.829375,24659.07,24543.7,26487.460415977926
2025-10-02,2025-10-02 13:30:00+00:00,2025-10-02 20:00:00+00:00,True,True,True,True,balance,24704.50729166667,24640.184375,24846.017708333333,24988.390000000003,24834.390000000003,-34767.31463556994
2025-10-03,2025-10-03 13:30:00+00:00,2025-10-03 20:00:00+00:00,True,True,True,True,balance,24882.811875000003,24846.405625000003,24904.655625000003,24985.94,24920.06,11516.28682461021
2025-10-06,2025-10-06 13:30:00+00:00,2025-10-06 20:00:00+00:00,True,True,True,True,balance,24828.356666666667,24808.02333333333,24950.356666666667,25049.85,24945.1,-14449.200334041103
2025-10-07,2025-10-07 13:30:00+00:00,2025-10-07 20:00:00+00:00,True,True,True,True,imbalance_up,24994.084166666667,24958.334166666667,25029.834166666667,25094.25,25046.5,3523.647058255993
2025-10-08,2025-10-08 13:30:00+00:00,2025-10-08 20:00:00+00:00,True,True,True,True,imbalance_up,24867.15625,24832.21875,24937.03125,25017.210000000003,24907.960000000003,26820.452680303482
2025-10-09,2025-10-09 13:30:00+00:00,2025-10-09 20:00:00+00:00,True,True,True,True,balance,25037.09541666667,25014.637083333335,25126.928750000003,25167.82,25085.370000000003,5597.474386662045
2025-10-10,2025-10-10 13:30:00+00:00,2025-10-10 20:00:00+00:00,True,True,True,True,imbalance_up,25099.095416666667,25041.222083333334,25113.56375,25224.56,25130.43,24697.55668276291
2025-10-13,2025-10-13 13:30:00+00:00,2025-10-13 20:00:00+00:00,True,True,True,True,imbalance_up,24618.27875,24367.40375,24701.90375,24744.32,24576.94,64368.48822201933
2025-10-14,2025-10-14 13:30:00+00:00,2025-10-14 20:00:00+00:00,True,True,True,True,balance,24751.75770833333,24661.85145833333,24791.716041666667,24492.480000000003,24272.65,-56636.318856649974
2025-10-15,2025-10-15 13:30:00+00:00,2025-10-15 20:00:00+00:00,True,True,True,True,imbalance_up,24568.35625,24480.739583333332,24787.397916666665,24877.550000000003,24752.050000000003,19282.217714146173
2025-10-16,2025-10-16 13:30:00+00:00,2025-10-16 20:00:00+00:00,True,True,True,True,balance,24790.85166666667,24659.275,24903.631666666668,24980.88,24882.51,5434.173523527079
2025-10-17,2025-10-17 13:30:00+00:00,2025-10-17 20:00:00+00:00,True,True,True,True,balance,24644.426666666666,24555.09333333333,24890.09333333333,24750.0,24532.63,55569.415369725124
2025-10-20,2025-10-20 13:30:00+00:00,2025-10-20 20:00:00+00:00,True,True,True,True,imbalance_up,24763.192083333335,24588.282916666667,24779.09291666667,25107.620000000003,24982.370000000003,30446.88575819649
2025-10-21,2025-10-21 13:30:00+00:00,2025-10-21 20:00:00+00:00,True,True,True,True,balance,25186.191250000003,25096.70875,25216.018750000003,25172.620000000003,25079.92,-5759.015749159387
2025-10-22,2025-10-22 13:30:00+00:00,2025-10-22 20:00:00+00:00,True,True,True,True,balance,25146.567916666667,25092.42541666667,25164.615416666667,25159.85,25043.35,13003.092231771388
2025-10-23,2025-10-23 13:30:00+00:00,2025-10-23 20:00:00+00:00,True,True,True,True,imbalance_up,24867.052708333333,24766.088125000002,24988.210208333334,25054.65,24874.02,53922.676353064875
2025-10-24,2025-10-24 13:30:00+00:00,2025-10-24 20:00:00+00:00,True,True,True,True,imbalance_up,25036.30125,25000.23875,25132.46791666667,25407.550000000003,25306.93,13645.577744820272
2025-10-27,2025-10-27 13:30:00+00:00,2025-10-27 20:00:00+00:00,True,True,True,True,imbalance_up,25390.305,25378.805,25436.305,25743.91,25680.91,16969.76169050142
2025-10-28,2025-10-28 13:30:00+00:00,2025-10-28 20:00:00+00:00,True,True,True,True,imbalance_up,25723.133958333332,25700.102708333332,25792.227708333332,25978.47,25913.84,8841.494247418384
2025-10-29,2025-10-29 13:30:00+00:00,2025-10-29 20:00:00+00:00,True,True,True,True,balance,25923.438958333332,25914.053541666668,26017.293125,26205.81,26140.94,-4232.925361675179
2025-10-30,2025-10-30 13:30:00+00:00,2025-10-30 20:00:00+00:00,True,True,True,True,balance,26126.211875,26068.226458333334,26172.600208333333,26033.97,25828.97,-26325.95587349573
2025-10-31,2025-10-31 13:30:00+00:00,2025-10-31 20:00:00+00:00,True,True,True,True,balance,25943.865833333337,25866.115833333337,25969.7825,26088.91,25969.78,-53774.74860866432
2025-11-03,2025-11-03 14:30:00+00:00,2025-11-03 21:00:00+00:00,True,True,True,True,balance,25991.956875,25888.540208333332,26056.592291666668,26163.32,26016.49,-29772.108069072816
2025-11-04,2025-11-04 14:30:00+00:00,2025-11-04 21:00:00+00:00,True,True,True,True,balance,25991.5275,25970.704166666666,26043.58583333333,25779.95,25562.33,5893.414002094558
2025-11-05,2025-11-05 14:30:00+00:00,2025-11-05 21:00:00+00:00,True,True,True,True,balance,25552.665625,25465.333124999997,25669.108958333338,25598.02,25392.72,45740.6009181334
2025-11-06,2025-11-06 14:30:00+00:00,2025-11-06 21:00:00+00:00,True,True,True,True,imbalance_down,25611.81375,25563.12625,25741.647083333337,25591.44,25417.32,-76422.54899540069
2025-11-07,2025-11-07 14:30:00+00:00,2025-11-07 21:00:00+00:00,True,True,True,True,balance,25236.795208333333,25135.468125,25317.856874999998,25022.53,24829.78,-44311.72157837177
2025-11-10,2025-11-10 14:30:00+00:00,2025-11-10 21:00:00+00:00,True,True,True,True,imbalance_up,24862.87375,24708.41375,24940.103750000002,25574.300000000003,25442.300000000003,48822.39795246524
2025-11-11,2025-11-11 14:30:00+00:00,2025-11-11 21:00:00+00:00,True,True,True,True,balance,25555.523125,25414.379375000004,25581.185625,25563.2,25477.7,18950.974189875364
2025-11-12,2025-11-12 14:30:00+00:00,2025-11-12 21:00:00+00:00,True,True,True,True,balance,25445.54375,25418.35625,25545.23125,25700.81,25481.730000000003,-22143.371649720295
2025-11-13,2025-11-13 14:30:00+00:00,2025-11-13 21:00:00+00:00,True,True,True,True,balance,25512.465625,25476.011875,25536.768125000002,25423.84,25202.960000000003,-51511.008726997454
2025-11-14,2025-11-14 14:30:00+00:00,2025-11-14 21:00:00+00:00,True,True,True,True,balance,24977.043125,24956.261875,25164.074375,24894.49,24550.11,93385.95809313709
2025-11-17,2025-11-17 14:30:00+00:00,2025-11-17 21:00:00+00:00,True,True,True,True,balance,25064.448541666665,24925.438125,25203.458958333336,25186.15,24887.28,106113.74031458909
2025-11-18,2025-11-18 14:30:00+00:00,2025-11-18 21:00:00+00:00,True,True,True,True,imbalance_down,25023.103125,24892.665625,25175.280208333337,24766.53,24456.53,-136011.82813717454
2025-11-19,2025-11-19 14:30:00+00:00,2025-11-19 21:00:00+00:00,True,True,True,True,imbalance_up,24700.584166666667,24493.325833333332,24700.584166666667,24838.22,24509.22,148270.5812341067
2025-11-20,2025-11-20 14:30:00+00:00,2025-11-20 21:00:00+00:00,True,True,True,True,imbalance_up,24593.530625,24533.474375000005,24693.624375,25227.390000000003,25082.390000000003,57192.647109740145
2025-11-21,2025-11-21 14:30:00+00:00,2025-11-21 21:00:00+00:00,True,True,True,True,balance,24261.231250000004,24059.301250000004,24766.05625,24236.61,24039.980000000003,-40891.25576462787
2025-11-24,2025-11-24 14:30:00+00:00,2025-11-24 21:00:00+00:00,True,True,True,True,imbalance_up,24158.667500000003,23907.792500000003,24298.042500000003,24667.870000000003,24462.870000000003,98220.09591848792
2025-11-25,2025-11-25 14:30:00+00:00,2025-11-25 21:00:00+00:00,True,True,True,True,balance,24591.854375000003,24552.166875000003,24829.979375000003,24826.47,24549.22,-27095.50356210459
2025-11-26,2025-11-26 14:30:00+00:00,2025-11-26 21:00:00+00:00,True,True,True,True,balance,24738.033333333333,24582.54,24849.100000000002,25227.88,25103.5,24412.50908862691
2025-11-28,2025-11-28 14:30:00+00:00,2025-11-28 18:00:00+00:00,True,True,True,True,balance,25278.333125,25168.21854166667,25308.364375,25373.58,25283.25,3942.636634533502
2025-12-01,2025-12-01 14:30:00+00:00,2025-12-01 21:00:00+00:00,True,True,True,True,balance,25359.533333333333,25339.63333333333,25386.066666666666,25339.59,25169.34,29849.156473378935
2025-12-02,2025-12-02 14:30:00+00:00,2025-12-02 21:00:00+00:00,True,True,True,True,imbalance_up,25330.49625,25270.80875,25402.12125,25576.26,25434.890000000003,58404.397366178615
2025-12-03,2025-12-03 14:30:00+00:00,2025-12-03 21:00:00+00:00,True,True,True,True,balance,25564.29229166667,25489.879375,25596.18354166667,25502.730000000003,25394.85,-8458.555680212112
2025-12-04,2025-12-04 14:30:00+00:00,2025-12-04 21:00:00+00:00,True,True,True,True,balance,25453.260000000002,25442.64,25559.46,25678.92,25506.550000000003,-46557.30130254807
2025-12-05,2025-12-05 14:30:00+00:00,2025-12-05 21:00:00+00:00,True,True,True,True,imbalance_up,25543.665208333332,25534.33729166667,25580.976875,25769.38,25641.26,41776.81967145254
