timestamp,session_date,day_regime,setup,signal_side,open,high,low,close,volume,atr,session_vwap,opening_range_high,opening_range_low,prior_poc,prior_val,prior_vah,smoothed_delta_proxy,aggressive_up,aggressive_down,absorption_proxy
2024-01-05 15:00:00+00:00,2024-01-05,balance,balance_value_rejection,1,16327.08,16400.33,16326.73,16395.18,19058,27.254285714285807,16337.562700445338,16350.44,16292.31,16365.515833333331,16322.454166666666,16371.6675,25017.589991441666,True,False,False
2024-01-08 15:00:00+00:00,2024-01-08,imbalance_up,imbalance_opening_range_breakout,1,16490.49,16503.62,16474.87,16502.89,10372,21.10785714285742,16441.37996841669,16495.24,16367.5,16327.210625,16291.141875000001,16384.920625,30747.98718371716,True,False,False
2024-01-08 15:15:00+00:00,2024-01-08,imbalance_up,imbalance_opening_range_breakout,1,16487.38,16505.39,16485.37,16504.01,8276,21.980000000000214,16454.267022965494,16495.24,16367.5,16327.210625,16291.141875000001,16384.920625,17630.822401815698,True,False,False
2024-01-16 15:10:00+00:00,2024-01-16,balance,balance_value_rejection,1,16800.66,16821.54,16794.02,16817.91,16623,28.069285714285538,16780.23655284352,16822.16,16731.29,16825.3525,16803.8125,16846.8925,41235.99477360325,True,False,False
2024-01-16 15:15:00+00:00,2024-01-16,balance,balance_value_rejection,1,16817.91,16844.15,16809.52,16841.14,15152,29.872142857142794,16784.264944601444,16822.16,16731.29,16825.3525,16803.8125,16846.8925,40138.98557655916,True,False,False
2024-01-23 15:25:00+00:00,2024-01-23,balance,balance_value_rejection,1,17330.41,17357.93,17324.66,17354.91,8555,28.6264285714286,17349.22353150815,17377.66,17300.16,17349.791875,17337.271041666667,17387.354375,2949.4434313987967,True,False,False
2024-02-01 15:00:00+00:00,2024-02-01,balance,balance_value_rejection,1,17212.51,17230.98,17182.21,17228.48,16007,24.61357142857144,17227.509930256587,17249.61,17197.36,17259.839791666665,17217.638124999998,17312.591875,13171.275670240431,True,False,False
2024-02-01 15:05:00+00:00,2024-02-01,balance,balance_value_rejection,1,17228.48,17268.47,17222.22,17264.85,13920,27.194285714285797,17230.114630939566,17249.61,17197.36,17259.839791666665,17217.638124999998,17312.591875,18139.313375806676,True,False,False
2024-02-08 15:20:00+00:00,2024-02-08,balance,balance_value_rejection,-1,17782.0,17790.49,17759.63,17761.49,9840,20.182857142857497,17763.229907299436,17777.010000000002,17732.620000000003,17771.08625,17732.121250000004,17784.074583333335,-3260.989744166127,False,True,False
2024-02-09 15:05:00+00:00,2024-02-09,imbalance_up,imbalance_opening_range_breakout,1,17859.22,17874.600000000002,17850.2,17868.960000000003,8972,18.32714285714298,17836.39568287515,17868.09,17802.58,17797.253333333334,17756.62666666667,17797.253333333334,16715.19399542996,True,False,False
2024-02-21 15:00:00+00:00,2024-02-21,balance,balance_value_rejection,1,17422.920000000002,17475.300000000003,17412.32,17472.190000000002,15567,24.062142857142526,17433.073731292112,17461.32,17399.170000000002,17474.633333333335,17452.06,17531.066666666666,9571.542054302357,True,False,False
2024-02-23 15:05:00+00:00,2024-02-23,balance,balance_value_rejection,-1,18042.75,18042.76,18020.51,18022.86,11436,24.59642857142821,18061.83854599415,18097.370000000003,18014.11,18015.581874999996,17885.784375,18034.124375,-4585.625762405132,False,True,False
2024-02-23 15:25:00+00:00,2024-02-23,balance,balance_value_rejection,-1,18017.120000000003,18030.75,18000.0,18001.38,10763,29.915714285713744,18050.868087271505,18097.370000000003,18014.11,18015.581874999996,17885.784375,18034.124375,-14136.229965109074,False,True,False
2024-02-27 15:05:00+00:00,2024-02-27,balance,balance_value_rejection,1,17963.16,17969.640000000003,17941.390000000003,17965.27,14612,21.536428571427678,17951.955632732122,17990.9,17905.030000000002,17983.59291666667,17964.247083333335,17999.06958333333,25977.56869734716,True,False,False
2024-02-27 15:15:00+00:00,2024-02-27,balance,balance_value_rejection,1,17970.27,17993.390000000003,17958.390000000003,17992.260000000002,11829,23.922142857141807,17955.724024125917,17990.9,17905.030000000002,17983.59291666667,17964.247083333335,17999.06958333333,29859.53630121141,True,False,False
2024-03-01 15:05:00+00:00,2024-03-01,imbalance_up,imbalance_opening_range_breakout,1,18092.41,18140.03,18091.65,18138.41,15133,24.719285714285174,18095.93667331893,18109.79,18060.29,18015.87416666667,17954.3325,18015.87416666667,7485.841933468682,True,False,False
2024-03-05 15:05:00+00:00,2024-03-05,imbalance_down,imbalance_opening_range_breakout,-1,18043.480000000003,18045.11,17972.460000000003,17977.210000000003,12877,29.72285714285785,18036.02262056452,18108.480000000003,17999.960000000003,18274.235625,18266.433125,18289.840624999997,-6041.999147143073,False,True,False
2024-03-26 14:00:00+00:00,2024-03-26,imbalance_up,imbalance_opening_range_breakout,1,18388.18,18407.92,18385.67,18405.91,8808,17.35357142857148,18379.971284341715,18393.93,18349.41,18325.268958333334,18305.657708333332,18357.954375,14986.277397690015,True,False,False
2024-03-26 14:15:00+00:00,2024-03-26,imbalance_up,imbalance_opening_range_breakout,1,18393.03,18404.03,18386.78,18401.67,7782,19.531428571428478,18383.089116680287,18393.93,18349.41,18325.268958333334,18305.657708333332,18357.954375,16850.83136316514,True,False,False
2024-04-05 14:10:00+00:00,2024-04-05,balance,balance_value_rejection,1,18035.97,18078.620000000003,18024.22,18065.22,13401,37.69428571428528,18001.91626017625,18054.35,17928.600000000002,18315.175000000003,18024.395000000004,18377.485,28929.410156404745,True,False,False
2024-04-09 14:25:00+00:00,2024-04-09,balance,balance_value_rejection,-1,18185.41,18188.03,18103.52,18115.390000000003,21384,32.11214285714232,18186.685650838892,18237.66,18168.640000000003,18134.420208333333,18111.501874999998,18145.879375,-20291.146665180695,False,True,False
2024-04-15 14:05:00+00:00,2024-04-15,balance,balance_value_rejection,-1,18146.78,18154.93,18090.16,18091.66,18063,28.634285714286047,18142.994184303945,18188.43,18110.800000000003,18009.997291666667,17972.915625,18102.701458333333,-18176.248664253915,False,True,False
2024-04-19 14:10:00+00:00,2024-04-19,imbalance_down,imbalance_opening_range_breakout,-1,17303.16,17307.640000000003,17272.280000000002,17278.16,19645,37.41571428571375,17325.607267570453,17382.91,17295.4,17417.496666666666,17389.496666666666,17520.163333333338,-27106.97915180534,False,True,False
2024-04-26 14:00:00+00:00,2024-04-26,imbalance_up,imbalance_opening_range_breakout,1,17670.510000000002,17697.210000000003,17662.5,17694.210000000003,18953,33.40642857142848,17634.381944890378,17688.33,17553.83,17256.740208333336,17231.991041666668,17392.860625,42623.075636640606,True,False,False
2024-04-30 14:10:00+00:00,2024-04-30,balance,balance_value_rejection,1,17762.16,17764.41,17735.16,17761.41,9759,24.931428571428114,17752.186437125496,17780.29,17718.29,17777.638333333336,17751.305,17797.388333333336,10697.67429086835,True,False,False
2024-05-01 14:00:00+00:00,2024-05-01,imbalance_down,imbalance_opening_range_breakout,-1,17373.600000000002,17387.620000000003,17338.800000000003,17346.56,22945,24.00571428571441,17380.254642337903,17415.68,17353.43,17587.951250000002,17463.683750000004,17726.026250000003,-36358.35399625232,False,True,False
2024-05-01 14:20:00+00:00,2024-05-01,imbalance_down,imbalance_opening_range_breakout,-1,17357.81,17365.2,17342.550000000003,17347.56,11889,28.258571428571617,17370.669052090703,17415.68,17353.43,17587.951250000002,17463.683750000004,17726.026250000003,-16076.709605203127,False,True,False
2024-05-08 14:20:00+00:00,2024-05-08,balance,balance_value_rejection,1,18078.38,18108.38,18077.88,18102.38,7298,20.33714285714216,18050.971131188056,18083.26,17991.730000000003,18107.46104166667,18074.377708333333,18144.67979166667,2026.5681537202781,True,False,False
2024-05-16 14:20:00+00:00,2024-05-16,imbalance_up,imbalance_opening_range_breakout,1,18621.86,18635.99,18616.49,18633.74,8110,15.60857142857146,18611.8932072068,18631.99,18587.61,18608.298125,18435.05145833333,18619.12604166667,13452.230126333638,True,False,False
2024-05-31 14:10:00+00:00,2024-05-31,imbalance_down,imbalance_opening_range_breakout,-1,18493.69,18495.44,18436.69,18442.56,14736,32.248571428571395,18517.038758606097,18584.81,18483.06,18688.346875000003,18614.236875000002,18688.346875000003,-15103.69946943927,False,True,False
2024-06-05 14:20:00+00:00,2024-06-05,imbalance_up,imbalance_opening_range_breakout,1,18802.86,18846.86,18800.480000000003,18840.86,13774,27.513571428571595,18802.74766603491,18824.11,18778.730000000003,18587.83,18541.550000000003,18603.256666666668,23235.8407667128,True,False,False
2024-06-10 14:05:00+00:00,2024-06-10,balance,balance_value_rejection,1,18973.460000000003,18989.59,18964.09,18988.960000000003,9472,18.955000000000187,18976.010241749696,18996.710000000003,18950.960000000003,19009.331250000003,18975.47708333334,19036.41458333334,5841.537696413237,True,False,False
2024-06-20 14:05:00+00:00,2024-06-20,balance,balance_value_rejection,-1,19939.11,19940.61,19907.74,19912.61,13462,22.13499999999996,19948.85716105777,19982.36,19918.74,19892.554375,19888.335625,19913.648125,-37577.04396515093,False,True,False
2024-06-20 14:10:00+00:00,2024-06-20,balance,balance_value_rejection,-1,19912.61,19919.36,19873.49,19875.24,17128,24.8042857142856,19941.44790153079,19982.36,19918.74,19892.554375,19888.335625,19913.648125,-44869.11352233937,False,True,False
2024-06-24 14:05:00+00:00,2024-06-24,balance,balance_value_rejection,1,19751.1,19770.85,19735.6,19767.22,10935,34.750714285714174,19708.2466062418,19740.35,19641.85,19752.31625,19732.488749999997,19791.971250000002,21487.369443075266,True,False,False
2024-06-25 14:00:00+00:00,2024-06-25,balance,balance_value_rejection,1,19613.140000000003,19659.390000000003,19609.640000000003,19655.890000000003,15061,22.72285714285681,19610.154977160135,19633.27,19573.640000000003,19680.626041666663,19606.323958333334,19754.928125,10896.496868141443,True,False,False
2024-06-27 14:10:00+00:00,2024-06-27,imbalance_up,imbalance_opening_range_breakout,1,19839.210000000003,19895.84,19836.210000000003,19894.210000000003,11821,32.6171428571423,19843.79502045892,19884.59,19773.210000000003,19753.746875,19739.215625,19787.653125,22443.48834472526,True,False,False
2024-06-28 14:00:00+00:00,2024-06-28,imbalance_up,imbalance_opening_range_breakout,1,19933.82,20008.82,19933.82,20005.44,17460,28.014285714285247,19894.935272333165,19934.94,19825.32,19822.402708333335,19781.870208333334,19849.424375000002,45037.56095283649,True,False,False
2024-07-01 14:10:00+00:00,2024-07-01,imbalance_down,imbalance_opening_range_breakout,-1,19713.56,19715.44,19614.81,19615.81,29615,37.47857142857122,19698.48672828344,19780.69,19636.56,19837.440416666665,19699.957916666666,19898.54375,-14283.939262625487,False,True,False
2024-07-10 14:05:00+00:00,2024-07-10,imbalance_up,imbalance_opening_range_breakout,1,20584.22,20598.1,20577.97,20594.35,12613,17.1528571428571,20565.252007999054,20586.47,20530.22,20542.00729166667,20477.111458333333,20561.47604166667,41157.48963418822,True,False,False
2024-07-11 14:05:00+00:00,2024-07-11,balance,balance_value_rejection,-1,20669.67,20670.050000000003,20621.800000000003,20623.92,13708,29.650714285714848,20675.857895949994,20710.92,20631.300000000003,20560.834375,20516.303125,20658.803125,-20683.011882607425,False,True,False
2024-07-17 14:00:00+00:00,2024-07-17,imbalance_down,imbalance_opening_range_breakout,-1,20039.13,20042.51,19978.38,19985.88,24003,30.59071428571354,20056.601898987636,20111.26,20036.38,20351.125,20332.864999999998,20405.905,-51405.13461106391,False,True,False
2024-07-24 14:10:00+00:00,2024-07-24,imbalance_down,imbalance_opening_range_breakout,-1,19369.59,19378.34,19323.09,19333.22,19404,34.35285714285679,19396.388794548737,19510.47,19357.97,19813.888125,19798.86729166667,19873.971458333333,-28763.051010836396,False,True,False
2024-07-25 14:00:00+00:00,2024-07-25,imbalance_down,imbalance_opening_range_breakout,-1,18897.06,18907.31,18837.19,18852.44,33289,50.91857142857173,18979.21733634537,19092.81,18883.19,19197.67354166667,19137.13229166667,19399.477708333332,-71456.84516841645,False,True,False
2024-07-31 14:05:00+00:00,2024-07-31,imbalance_up,imbalance_opening_range_breakout,1,19290.94,19329.44,19288.69,19328.44,19264,38.01785714285662,19251.875662141574,19298.31,19194.81,18822.18,18693.18,19015.68,53490.14412472102,True,False,False
2024-08-06 14:00:00+00:00,2024-08-06,imbalance_up,imbalance_opening_range_breakout,1,18047.85,18092.300000000003,18009.100000000002,18087.85,17208,70.53071428571431,17999.771177352486,18080.050000000003,17873.050000000003,17847.5,17815.033333333333,17977.36666666667,33766.014123716406,True,False,False
2024-08-13 14:00:00+00:00,2024-08-13,imbalance_up,imbalance_opening_range_breakout,1,18814.31,18832.56,18806.81,18827.56,16148,31.47285714285707,18790.704940157826,18826.31,18731.31,18531.954375,18511.881875,18612.244375000002,43437.37359043022,True,False,False
2024-08-14 14:05:00+00:00,2024-08-14,balance,balance_value_rejection,-1,18962.480000000003,18970.1,18927.480000000003,18937.980000000003,18041,38.59714285714238,18986.098383091146,19089.730000000003,18926.35,18811.47666666667,18737.47666666667,18971.81,-21775.067301545558,False,True,False
2024-08-21 14:15:00+00:00,2024-08-21,imbalance_up,imbalance_opening_range_breakout,1,19791.08,19825.2,19764.2,19821.7,18513,27.165714285715044,19787.58225739143,19807.58,19736.7,19705.25083333333,19705.25083333333,19765.877500000002,20215.442809621196,True,False,False
2024-09-03 14:10:00+00:00,2024-09-03,imbalance_down,imbalance_opening_range_breakout,-1,19298.800000000003,19304.92,19247.300000000003,19250.800000000003,21834,44.402857142857364,19332.289560103272,19441.050000000003,19289.050000000003,19413.12479166667,19380.29604166667,19511.611041666667,-25527.866729129208,False,True,False
2024-09-05 14:20:00+00:00,2024-09-05,imbalance_up,imbalance_opening_range_breakout,1,19020.9,19097.77,19020.9,19093.27,18510,51.59500000000013,18984.79807856516,19023.65,18848.27,18966.811041666668,18909.258958333332,19012.852708333332,5571.990642559504,True,False,False
2024-09-10 14:20:00+00:00,2024-09-10,balance,balance_value_rejection,-1,18706.1,18718.85,18677.35,18686.35,19277,49.71857142857152,18731.867394515586,18798.47,18698.35,18622.017708333333,18573.528125,18689.903125,-801.2519126768439,False,True,False
2024-09-11 14:05:00+00:00,2024-09-11,balance,balance_value_rejection,-1,18779.31,18781.69,18741.61,18750.81,22035,43.70142857142855,18798.608483816723,18885.19,18752.94,18728.793125,18656.760625,18764.809375,-12634.810541784784,False,True,False
2024-09-11 14:10:00+00:00,2024-09-11,balance,balance_value_rejection,-1,18750.81,18758.44,18672.06,18674.19,23673,46.35357142857122,18789.064744472787,18885.19,18752.94,18728.793125,18656.760625,18764.809375,-29358.83349866767,False,True,False
2024-09-18 14:25:00+00:00,2024-09-18,balance,balance_value_rejection,1,19419.65,19459.15,19409.77,19459.15,11315,31.669285714285383,19447.321863977828,19493.52,19424.65,19544.373541666668,19418.620625,19590.101875,4534.387299675689,True,False,False
2024-09-24 14:00:00+00:00,2024-09-24,balance,balance_value_rejection,-1,19901.2,19902.28,19796.53,19815.28,23529,27.455714285714357,19903.865323065587,19964.9,19893.65,19879.699791666666,19852.637291666666,19888.720625,-26278.26022433347,False,True,False
2024-09-27 14:25:00+00:00,2024-09-27,balance,balance_value_rejection,-1,20130.36,20156.24,20127.49,20130.61,13944,35.18500000000001,20149.72022112167,20200.24,20127.91,20093.577083333337,20024.956250000003,20162.197916666668,-10498.39283868145,False,True,False
2024-10-01 14:05:00+00:00,2024-10-01,imbalance_down,imbalance_opening_range_breakout,-1,19872.51,19873.26,19785.76,19787.76,15044,46.78214285714291,19903.31160922829,20090.88,19804.26,20021.041250000002,19963.36625,20049.878750000003,-40055.914396292064,False,True,False
2024-10-11 14:05:00+00:00,2024-10-11,balance,balance_value_rejection,1,20203.94,20256.94,20197.81,20256.56,14002,24.755714285714152,20192.234971921964,20213.69,20157.44,20249.432083333333,20215.01541666667,20283.84875,21744.786296824575,True,False,False
2024-10-15 14:05:00+00:00,2024-10-15,balance,balance_value_rejection,-1,20495.91,20499.41,20473.04,20473.66,9967,21.34785714285759,20483.141347222707,20511.54,20458.16,20463.043749999997,20424.38875,20495.25625,-7456.774552883719,False,True,False
2024-10-29 14:00:00+00:00,2024-10-29,balance,balance_value_rejection,1,20406.29,20432.54,20386.84,20422.92,15447,31.36857142857116,20373.754685669723,20418.17,20323.92,20436.541875000003,20407.298125,20465.785625,22081.84153895802,True,False,False
2024-10-29 14:20:00+00:00,2024-10-29,balance,balance_value_rejection,1,20428.54,20482.17,20414.67,20479.54,13098,37.833571428570785,20390.884263163633,20418.17,20323.92,20436.541875000003,20407.298125,20465.785625,20303.534110275443,True,False,False
2024-10-31 14:25:00+00:00,2024-10-31,imbalance_down,imbalance_opening_range_breakout,-1,20088.640000000003,20088.76,20031.890000000003,20037.390000000003,17509,47.60285714285601,20103.2803361523,20266.01,20047.890000000003,20542.69375,20488.916250000002,20573.42375,-16036.304814994397,False,True,False
2024-11-04 15:15:00+00:00,2024-11-04,balance,balance_value_rejection,1,20037.67,20074.04,20030.17,20069.04,12583,38.83500000000043,20011.12904922183,20049.54,19921.67,20069.190833333334,20050.034166666665,20136.239166666666,10006.987794581564,True,False,False
2024-11-11 15:00:00+00:00,2024-11-11,imbalance_down,imbalance_opening_range_breakout,-1,21089.25,21095.0,21076.63,21077.63,14021,22.544285714285383,21136.245144850556,21209.63,21080.25,21111.449791666666,21089.939375,21132.960208333338,-53541.58429349867,False,True,False
2024-11-13 15:00:00+00:00,2024-11-13,imbalance_down,imbalance_opening_range_breakout,-1,21062.91,21063.66,21025.04,21032.91,16603,29.652857142858142,21072.644745981765,21106.91,21044.16,21134.296250000003,21076.983750000003,21142.483750000003,-8808.850337675698,False,True,False
2024-11-15 15:00:00+00:00,2024-11-15,imbalance_down,imbalance_opening_range_breakout,-1,20614.7,20622.33,20595.45,20596.7,17589,28.571428571428573,20639.343645793626,20698.45,20604.2,21027.575625,20968.294375,21052.981875,-29921.42952741656,False,True,False
2024-11-19 15:25:00+00:00,2024-11-19,balance,balance_value_rejection,1,20511.82,20539.7,20498.32,20537.57,12810,37.82285714285744,20489.004427207077,20521.32,20443.32,20587.503750000003,20531.658750000002,20634.041250000002,43563.57615259793,True,False,False
2024-11-21 15:20:00+00:00,2024-11-21,balance,balance_value_rejection,-1,20621.4,20640.15,20526.02,20542.77,22541,75.96142857142877,20630.83468550683,20841.77,20564.52,20551.96854166667,20480.251041666666,20599.780208333334,-9173.89992490199,False,True,False
2024-11-26 15:15:00+00:00,2024-11-26,balance,balance_value_rejection,-1,20917.56,20918.44,20867.69,20872.81,14830,35.367142857143854,20922.170823769287,20973.06,20885.66,20845.289375,20795.184375,20882.868125,-8052.145671142607,False,True,False
2024-11-27 15:10:00+00:00,2024-11-27,imbalance_down,imbalance_opening_range_breakout,-1,20790.210000000003,20792.58,20757.210000000003,20759.460000000003,13499,28.004999999999978,20814.48969474419,20888.210000000003,20788.460000000003,20905.070625,20894.998125,20930.251875,-22185.122398609266,False,True,False
2024-11-29 15:05:00+00:00,2024-11-29,imbalance_up,imbalance_opening_range_breakout,1,20870.36,20903.36,20870.36,20902.61,8712,28.063571428571386,20823.47592121613,20873.99,20760.74,20761.7675,20662.8125,20772.762500000004,12337.553836111138,True,False,False
2024-12-02 15:00:00+00:00,2024-12-02,imbalance_up,imbalance_opening_range_breakout,1,21111.75,21140.83,21110.5,21136.58,14023,28.86428571428561,21088.328395723525,21131.83,20988.2,20950.20875,20870.89625,20959.02125,31785.211588850114,True,False,False
2024-12-02 15:10:00+00:00,2024-12-02,imbalance_up,imbalance_opening_range_breakout,1,21128.58,21154.2,21123.83,21153.08,11006,29.944285714285538,21096.92888359626,21131.83,20988.2,20950.20875,20870.89625,20959.02125,20207.535637038123,True,False,False
2024-12-11 15:05:00+00:00,2024-12-11,imbalance_up,imbalance_opening_range_breakout,1,21668.69,21701.82,21668.32,21701.07,11309,25.813571428571127,21629.540897047158,21674.44,21550.32,21460.041458333333,21407.176875,21544.62479166667,44848.39633321939,True,False,False
2024-12-16 15:00:00+00:00,2024-12-16,imbalance_up,imbalance_opening_range_breakout,1,21959.33,21979.58,21953.83,21977.2,14608,24.81000000000001,21925.546094623238,21960.08,21884.2,21783.4375,21682.987500000003,21823.6175,45115.01507969475,True,False,False
2024-12-16 15:20:00+00:00,2024-12-16,imbalance_up,imbalance_opening_range_breakout,1,21937.95,21966.2,21917.45,21963.58,17800,30.057142857143067,21935.18283518247,21960.08,21884.2,21783.4375,21682.987500000003,21823.6175,10048.283769736048,True,False,False
2024-12-18 15:00:00+00:00,2024-12-18,balance,balance_value_rejection,1,21984.69,21997.44,21969.06,21993.56,12923,29.28285714285708,21959.800391998095,21996.06,21906.94,21993.705625,21976.486875,22039.622291666667,39660.07476460586,True,False,False
2024-12-18 15:10:00+00:00,2024-12-18,balance,balance_value_rejection,1,21981.44,22006.81,21976.11,22006.06,9524,28.922142857143108,21964.699208424056,21996.06,21906.94,21993.705625,21976.486875,22039.622291666667,21112.535566549544,True,False,False
2024-12-19 15:00:00+00:00,2024-12-19,imbalance_down,imbalance_opening_range_breakout,-1,21298.02,21324.52,21262.27,21273.27,9964,47.79857142857093,21340.077527269234,21420.35,21276.52,21990.919374999998,21765.836875,22028.433125,-36777.59168764865,False,True,False
2024-12-20 15:25:00+00:00,2024-12-20,balance,balance_value_rejection,1,21139.63,21214.01,21128.13,21210.51,18580,65.51071428571439,21032.481677160184,21061.63,20913.26,21264.342916666665,21182.947916666668,21305.040416666667,35676.165233133856,True,False,False
2024-12-24 15:00:00+00:00,2024-12-24,imbalance_up,imbalance_opening_range_breakout,1,21682.67,21708.29,21678.54,21707.29,11133,24.01571428571359,21638.032655424904,21686.42,21578.54,21453.118125,21365.691041666665,21528.055625,26435.22602993194,True,False,False
2024-12-27 15:00:00+00:00,2024-12-27,imbalance_down,imbalance_opening_range_breakout,-1,21484.42,21496.67,21393.29,21395.42,26815,43.18642857142913,21509.705537458107,21651.79,21465.17,21790.13375,21764.57125,21824.217083333337,-50232.15102489491,False,True,False
2024-12-30 15:20:00+00:00,2024-12-30,imbalance_down,imbalance_opening_range_breakout,-1,21103.54,21118.92,21067.42,21070.04,15922,52.44714285714248,21133.612713260267,21221.29,21088.29,21326.04708333333,21310.896249999998,21447.25375,-7947.226886580451,False,True,False
2025-01-06 15:10:00+00:00,2025-01-06,imbalance_up,imbalance_opening_range_breakout,1,21669.88,21697.38,21622.63,21694.63,21761,46.70571428571306,21642.04936654821,21690.25,21566.050000000003,21205.333125,21106.083125,21304.583125,43282.911449550054,True,False,False
2025-01-07 15:00:00+00:00,2025-01-07,imbalance_down,imbalance_opening_range_breakout,-1,21552.94,21552.94,21441.27,21445.140000000003,38542,39.6021428571434,21566.69785293065,21648.27,21537.640000000003,21712.981041666666,21578.306458333333,21723.340625,-60156.954324644554,False,True,False
2025-01-10 15:00:00+00:00,2025-01-10,imbalance_down,imbalance_opening_range_breakout,-1,20904.800000000003,20904.800000000003,20781.0,20791.0,32830,60.937142857143044,20924.231714839465,21048.0,20861.88,21183.776875000003,21161.724375,21227.881875,-25933.78786277302,False,True,False
2025-01-15 15:00:00+00:00,2025-01-15,imbalance_up,imbalance_opening_range_breakout,1,21194.17,21242.04,21193.54,21230.67,16248,40.56785714285719,21154.823842826565,21211.67,21053.79,20852.68875,20734.228750000002,20971.14875,42137.89185390428,True,False,False
2025-01-16 15:10:00+00:00,2025-01-16,balance,balance_value_rejection,-1,21272.78,21291.9,21225.28,21229.53,26424,43.799999999999535,21273.385041295383,21363.65,21235.4,21214.347291666665,21170.055625,21291.857708333337,-16096.961122885868,False,True,False
2025-01-31 15:00:00+00:00,2025-01-31,imbalance_up,imbalance_opening_range_breakout,1,21769.52,21810.140000000003,21767.77,21801.77,16557,34.73714285714387,21726.571330579445,21773.390000000003,21667.19,21532.03916666667,21422.3725,21532.03916666667,52543.22989833961,True,False,False
2025-02-03 15:10:00+00:00,2025-02-03,imbalance_down,imbalance_opening_range_breakout,-1,21108.52,21109.640000000003,21030.02,21036.52,28127,56.910714285715066,21128.747044845033,21222.390000000003,21079.69,21822.90041666667,21608.15041666667,21858.692083333335,-27875.89699765245,False,True,False
2025-02-04 15:00:00+00:00,2025-02-04,imbalance_up,imbalance_opening_range_breakout,1,21470.08,21516.53,21469.58,21514.78,16942,32.35357142857096,21419.094016289742,21487.28,21316.78,21317.581458333334,21232.92104166667,21419.173958333336,46551.53431730755,True,False,False
2025-02-06 15:10:00+00:00,2025-02-06,imbalance_up,imbalance_opening_range_breakout,1,21733.26,21755.01,21725.140000000003,21750.76,9322,26.427857142856737,21699.487353087632,21737.26,21652.890000000003,21452.949374999997,21419.495624999996,21620.218125,17078.317484700325,True,False,False
2025-02-07 15:00:00+00:00,2025-02-07,balance,balance_value_rejection,-1,21819.83,21819.83,21647.7,21668.33,35603,38.27428571428624,21814.788089879556,21883.08,21785.45,21715.051666666666,21665.46833333333,21722.135,-37036.55199687773,False,True,False
2025-02-10 15:00:00+00:00,2025-02-10,imbalance_up,imbalance_opening_range_breakout,1,21714.44,21739.44,21704.31,21736.31,13348,24.58785714285737,21700.14957963175,21730.56,21665.69,21546.23375,21494.411249999997,21649.878750000003,31987.65063078674,True,False,False
2025-02-11 15:25:00+00:00,2025-02-11,balance,balance_value_rejection,1,21731.4,21768.15,21726.53,21760.65,9845,31.02714285714267,21708.797335018997,21728.4,21623.4,21787.361875,21749.924375,21799.841041666667,26101.31405027303,True,False,False
2025-02-13 15:15:00+00:00,2025-02-13,imbalance_up,imbalance_opening_range_breakout,1,21863.29,21906.29,21862.04,21901.17,13546,45.839285714285715,21832.913016853614,21878.54,21762.79,21631.856875,21467.86729166667,21707.544375,23360.60575625118,True,False,False
2025-02-24 15:00:00+00:00,2025-02-24,imbalance_down,imbalance_opening_range_breakout,-1,21514.980000000003,21527.980000000003,21427.36,21440.86,34979,41.602142857144436,21601.049992762953,21749.230000000003,21508.730000000003,21635.315,21613.445,21941.495000000003,-66790.44850169698,False,True,False
2025-02-24 15:15:00+00:00,2025-02-24,imbalance_down,imbalance_opening_range_breakout,-1,21518.86,21532.86,21465.980000000003,21476.980000000003,25339,54.50142857143016,21559.517330407332,21749.230000000003,21508.730000000003,21635.315,21613.445,21941.495000000003,-21632.544680282685,False,True,False
2025-02-25 15:00:00+00:00,2025-02-25,imbalance_down,imbalance_opening_range_breakout,-1,21211.15,21213.65,21132.1,21136.730000000003,32242,45.774285714285206,21253.96659989389,21348.35,21161.85,21495.57895833334,21462.849791666667,21593.76645833334,-96554.74042397153,False,True,False
2025-02-26 15:10:00+00:00,2025-02-26,imbalance_up,imbalance_opening_range_breakout,1,21259.43,21291.43,21246.68,21283.050000000003,17977,45.85357142857174,21218.714072795992,21267.43,21143.43,21017.865625,21017.865625,21153.448958333334,56605.231890357565,True,False,False
2025-03-05 15:15:00+00:00,2025-03-05,balance,balance_value_rejection,-1,20404.34,20412.09,20331.210000000003,20345.34,38930,75.78500000000038,20366.56276145335,20425.09,20240.09,20166.815000000002,20057.28166666667,20358.498333333337,-19049.595877461565,False,True,False
2025-03-10 14:00:00+00:00,2025-03-10,imbalance_down,imbalance_opening_range_breakout,-1,19767.33,19768.83,19669.2,19685.2,23342,56.952142857143244,19797.781023518724,19880.5,19722.2,20052.37875,19943.94125,20204.19125,-30525.65573592409,False,True,False
2025-03-11 14:05:00+00:00,2025-03-11,balance,balance_value_rejection,1,19364.47,19518.050000000003,19359.47,19506.550000000003,32333,79.80857142857245,19471.29109885144,19579.800000000003,19366.97,19420.636458333334,19394.35854166667,19630.859791666666,2055.3755204860972,True,False,False
2025-03-20 14:00:00+00:00,2025-03-20,imbalance_up,imbalance_opening_range_breakout,1,19723.57,19809.52,19714.32,19795.07,13075,42.42285714285884,19692.63230116546,19728.9,19548.07,19669.396875,19561.209375,19705.459375,29043.978512083122,True,False,False
2025-03-21 14:20:00+00:00,2025-03-21,balance,balance_value_rejection,1,19520.38,19571.25,19504.0,19559.38,20721,56.13857142857133,19491.50351400413,19551.5,19407.13,19684.565208333333,19555.253958333335,19799.50854166667,37999.89964251061,True,False,False
2025-03-26 14:15:00+00:00,2025-03-26,imbalance_down,imbalance_opening_range_breakout,-1,20143.93,20151.18,20103.050000000003,20103.050000000003,18031,39.59857142857124,20199.275200422253,20300.300000000003,20131.43,20256.225,20217.375,20283.975,-36035.9469914138,False,True,False
2025-03-27 14:10:00+00:00,2025-03-27,balance,balance_value_rejection,1,19890.65,19928.77,19859.9,19922.65,24261,44.24571428571393,19860.373262484958,19922.65,19769.9,19951.23375,19879.630416666667,20112.34125,27718.124620139635,True,False,False
2025-04-07 14:10:00+00:00,2025-04-07,balance,balance_value_rejection,1,17139.72,17999.09,17131.640000000003,17835.140000000003,53735,196.01071428571282,16957.921409794482,17174.59,16551.47,17643.795833333337,17494.004166666666,17853.504166666666,124197.94546389734,True,False,False
2025-04-08 14:00:00+00:00,2025-04-08,imbalance_up,imbalance_opening_range_breakout,1,18127.33,18179.83,18098.83,18161.7,44175,83.32571428571464,18056.05599933027,18144.08,17938.5,17149.080208333333,17149.080208333333,17641.22979166667,60339.580971050265,True,False,False
2025-05-13 14:00:00+00:00,2025-05-13,imbalance_up,imbalance_opening_range_breakout,1,21050.710000000003,21074.210000000003,21041.59,21068.59,14843,27.74071428571447,20995.855168690956,21057.460000000003,20898.960000000003,20711.124583333334,20623.157916666667,20799.09125,32052.08729547146,True,False,False
2025-05-15 14:15:00+00:00,2025-05-15,balance,balance_value_rejection,1,21227.22,21246.97,21202.22,21243.59,16993,37.4407142857139,21229.486784593842,21264.09,21172.74,21282.348125000004,21240.100208333337,21300.454375,24418.599662079392,True,False,False
2025-05-19 14:05:00+00:00,2025-05-19,balance,balance_value_rejection,1,21319.370000000003,21376.120000000003,21313.620000000003,21373.120000000003,13914,42.03071428571483,21256.37475165167,21304.870000000003,21132.49,21351.335,21335.368333333332,21407.21833333333,24079.6737852367,True,False,False
2025-05-21 14:05:00+00:00,2025-05-21,balance,balance_value_rejection,1,21332.06,21352.18,21318.93,21346.31,15113,32.654285714285706,21299.439331536225,21339.93,21212.06,21351.0,21314.5,21372.9,6288.568542216995,True,False,False
2025-05-27 14:00:00+00:00,2025-05-27,imbalance_up,imbalance_opening_range_breakout,1,21243.960000000003,21293.09,21242.01,21283.84,13540,30.60357142857174,21203.998034117732,21247.710000000003,21143.84,20822.178958333334,20767.943541666667,20930.649791666667,43078.21229224073,True,False,False
2025-05-28 14:05:00+00:00,2025-05-28,balance,balance_value_rejection,-1,21429.620000000003,21436.620000000003,21414.120000000003,21418.75,13749,27.45214285714298,21456.252038714843,21518.75,21403.5,21322.14166666667,21297.548333333332,21420.515000000003,-22379.400330386798,False,True,False
2025-05-29 14:05:00+00:00,2025-05-29,balance,balance_value_rejection,-1,21441.76,21442.390000000003,21361.890000000003,21369.76,26551,45.22000000000013,21490.784057681252,21633.890000000003,21440.01,21423.484375,21387.192708333336,21432.557291666664,-51250.97937906657,False,True,False
2025-06-04 14:00:00+00:00,2025-06-04,balance,balance_value_rejection,-1,21711.92,21711.92,21655.120000000003,21659.75,24018,27.18428571428584,21713.156958031737,21758.5,21682.370000000003,21667.057083333333,21573.419583333332,21708.673749999998,-35981.75008190502,False,True,False
2025-06-10 14:00:00+00:00,2025-06-10,balance,balance_value_rejection,-1,21834.36,21852.730000000003,21829.230000000003,21832.480000000003,13492,26.557857142858015,21833.54669499003,21870.61,21795.61,21838.340625,21803.808125,21849.851458333334,-6376.071589849211,False,True,False
2025-06-16 14:10:00+00:00,2025-06-16,imbalance_up,imbalance_opening_range_breakout,1,21913.19,21952.82,21911.69,21947.94,11133,33.49928571428531,21878.086544280653,21933.94,21781.94,21746.675625000003,21651.376875,21831.385625000003,10234.776103253203,True,False,False
2025-06-23 14:00:00+00:00,2025-06-23,imbalance_up,imbalance_opening_range_breakout,1,21714.38,21749.38,21714.38,21745.88,13592,36.43714285714278,21654.824970884834,21717.88,21548.25,21597.821041666666,21567.351875,21689.228541666667,39161.96873584221,True,False,False
2025-06-27 14:00:00+00:00,2025-06-27,imbalance_up,imbalance_opening_range_breakout,1,22574.79,22610.79,22574.79,22604.29,11560,20.907142857142908,22546.494513132413,22580.54,22496.09,22480.613541666666,22363.163958333334,22489.648125,21633.005413727216,True,False,False
2025-07-03 14:00:00+00:00,2025-07-03,imbalance_up,imbalance_opening_range_breakout,1,22816.710000000003,22859.460000000003,22813.26,22858.710000000003,10680,25.522857142857642,22792.885054429888,22824.34,22750.210000000003,22644.755208333336,22585.765625,22661.609375,32272.526278774734,True,False,False
2025-07-11 14:10:00+00:00,2025-07-11,balance,balance_value_rejection,1,22788.75,22817.63,22779.800000000003,22816.25,9647,31.215714285713798,22765.95318160291,22805.0,22700.63,22866.113125000003,22803.236458333333,22881.832291666666,1096.9612713469987,True,False,False
2025-07-17 14:00:00+00:00,2025-07-17,imbalance_up,imbalance_opening_range_breakout,1,23003.17,23028.050000000003,23001.550000000003,23025.42,8572,22.938571428572427,22965.87764976323,23011.300000000003,22918.92,22834.615,22823.611666666668,22900.635000000002,33097.57511901639,True,False,False
2025-07-18 14:00:00+00:00,2025-07-18,balance,balance_value_rejection,-1,23112.27,23139.77,23095.35,23102.22,10845,24.27142857142852,23130.93349817294,23164.35,23106.97,23109.625,23003.184999999998,23127.365000000005,-18057.267219374455,False,True,False
2025-07-21 14:10:00+00:00,2025-07-21,imbalance_up,imbalance_opening_range_breakout,1,23254.29,23262.92,23242.92,23261.79,5387,22.01714285714323,23211.245126007496,23258.79,23118.17,23058.645625,23041.504375,23081.500625,52.45238932363554,True,False,False
2025-08-08 14:00:00+00:00,2025-08-08,imbalance_up,imbalance_opening_range_breakout,1,23550.91,23559.66,23539.66,23557.03,11075,22.357857142857288,23506.12576852256,23556.41,23437.78,23527.419791666667,23328.57895833333,23527.419791666667,21297.416212231594,True,False,False
2025-08-08 14:15:00+00:00,2025-08-08,imbalance_up,imbalance_opening_range_breakout,1,23547.28,23568.28,23533.78,23564.03,10904,27.50071428571443,23521.10337251125,23556.41,23437.78,23527.419791666667,23328.57895833333,23527.419791666667,24939.23739077076,True,False,False
2025-08-12 14:10:00+00:00,2025-08-12,balance,balance_value_rejection,1,23607.86,23638.99,23585.61,23636.49,18970,45.75071428571443,23627.855599984203,23722.74,23564.74,23648.823750000003,23603.71958333334,23666.865416666667,49011.23807602629,True,False,False
2025-08-19 14:25:00+00:00,2025-08-19,imbalance_down,imbalance_opening_range_breakout,-1,23622.34,23629.210000000003,23553.59,23557.710000000003,15726,41.508571428571614,23619.51193371754,23700.84,23569.09,23701.637708333335,23666.554375,23714.793958333335,-12932.268364120422,False,True,False
2025-08-20 14:05:00+00:00,2025-08-20,imbalance_down,imbalance_opening_range_breakout,-1,23105.54,23112.42,23030.92,23045.92,33940,41.98857142857092,23186.00320976616,23366.54,23080.79,23392.449375,23363.761875,23564.574375,-100902.96864053777,False,True,False
2025-08-25 14:00:00+00:00,2025-08-25,balance,balance_value_rejection,1,23460.97,23485.09,23446.72,23484.34,17046,26.486428571428146,23432.89037207251,23460.97,23385.140000000003,23482.714583333334,23482.714583333334,23556.63125,47435.310582998376,True,False,False
2025-08-25 14:10:00+00:00,2025-08-25,balance,balance_value_rejection,1,23490.84,23499.47,23473.84,23493.59,13501,28.415714285714007,23441.211715922796,23460.97,23385.140000000003,23482.714583333334,23482.714583333334,23556.63125,49032.692433719974,True,False,False
2025-08-25 14:20:00+00:00,2025-08-25,balance,balance_value_rejection,1,23477.09,23491.09,23460.97,23486.84,12874,30.95142857142829,23446.454611339876,23460.97,23385.140000000003,23482.714583333334,23482.714583333334,23556.63125,26892.26190750238,True,False,False
2025-08-29 14:00:00+00:00,2025-08-29,imbalance_down,imbalance_opening_range_breakout,-1,23468.16,23502.11,23431.74,23432.11,23631,31.58214285714322,23523.68619772381,23618.61,23457.86,23661.498333333337,23575.248333333337,23690.248333333337,-63128.41394951551,False,True,False
2025-09-04 14:00:00+00:00,2025-09-04,balance,balance_value_rejection,-1,23439.17,23446.67,23391.120000000003,23396.370000000003,20594,32.67357142857093,23452.291557490273,23513.0,23422.370000000003,23373.573125000003,23321.885625000003,23408.03145833334,-24619.653308802488,False,True,False
2025-09-04 14:10:00+00:00,2025-09-04,balance,balance_value_rejection,-1,23406.0,23435.370000000003,23397.42,23401.620000000003,17706,35.875,23443.397317397008,23513.0,23422.370000000003,23373.573125000003,23321.885625000003,23408.03145833334,-37091.39735017222,False,True,False
2025-09-09 14:15:00+00:00,2025-09-09,balance,balance_value_rejection,-1,23807.43,23813.43,23781.93,23788.43,15051,27.187857142857215,23798.02620871184,23829.31,23772.81,23774.667291666665,23732.043958333335,23817.290625,-9542.7491737946,False,True,False
2025-09-22 14:20:00+00:00,2025-09-22,imbalance_up,imbalance_opening_range_breakout,1,24639.25,24660.25,24639.13,24656.75,5966,21.579999999999927,24623.89280196201,24647.0,24581.0,24508.332083333335,24500.857916666668,24575.599583333333,1706.5377230715867,True,False,False
2025-09-29 14:05:00+00:00,2025-09-29,imbalance_up,imbalance_opening_range_breakout,1,24742.53,24789.28,24737.28,24784.53,12376,28.43000000000029,24725.75907781962,24770.66,24663.53,24386.155625,24331.938125,24494.590625,24865.740089665447,True,False,False
2025-10-01 14:00:00+00:00,2025-10-01,balance,balance_value_rejection,1,24592.120000000003,24641.2,24568.120000000003,24639.82,19338,38.514999999999155,24611.950538282643,24659.07,24543.7,24598.985625,24575.079375,24638.829375,18421.577503810964,True,False,False
2025-10-03 14:15:00+00:00,2025-10-03,balance,balance_value_rejection,-1,24894.94,24919.31,24890.69,24893.44,12757,28.5114285714283,24933.006523733435,24985.94,24920.06,24890.093125000003,24839.124375000003,24904.655625000003,-9593.423827656607,False,True,False
2025-10-08 14:00:00+00:00,2025-10-08,imbalance_up,imbalance_opening_range_breakout,1,25007.460000000003,25044.33,25007.460000000003,25036.58,12166,24.58785714285685,24980.335310263792,25017.210000000003,24907.960000000003,24867.15625,24832.21875,24937.03125,31068.768963276772,True,False,False
2025-10-09 14:25:00+00:00,2025-10-09,balance,balance_value_rejection,-1,25105.82,25107.57,25080.95,25085.57,9484,30.278571428571013,25115.92198407492,25167.82,25085.370000000003,25048.324583333335,24913.574583333335,25093.241250000003,-5084.053622838577,False,True,False
2025-10-13 14:00:00+00:00,2025-10-13,imbalance_up,imbalance_opening_range_breakout,1,24739.82,24757.94,24717.57,24756.57,27545,49.74928571428557,24661.813371629058,24744.32,24576.94,24618.27875,24409.21625,24701.90375,110357.01671622905,True,False,False
2025-10-20 14:20:00+00:00,2025-10-20,imbalance_up,imbalance_opening_range_breakout,1,25092.74,25117.74,25085.99,25115.74,12438,32.191428571429114,25080.899304924114,25107.620000000003,24982.370000000003,24699.58875,24620.084583333333,24826.795416666668,25105.975250983094,True,False,False
2025-10-27 14:25:00+00:00,2025-10-27,imbalance_up,imbalance_opening_range_breakout,1,25720.41,25753.66,25715.04,25753.16,13472,28.95714285714244,25725.233351898878,25743.91,25680.91,25407.555,25373.055,25430.555,3265.257505620688,True,False,False
2025-10-31 14:00:00+00:00,2025-10-31,balance,balance_value_rejection,-1,25992.16,26002.53,25952.28,25954.53,24521,30.61357142857144,26014.484277591804,26088.91,25969.78,25956.824166666665,25853.1575,25956.824166666665,-24158.613088764196,False,True,False
2025-11-03 15:10:00+00:00,2025-11-03,balance,balance_value_rejection,-1,26020.57,26052.44,26018.32,26023.57,17795,31.72857142857122,26061.52447622781,26163.32,26016.49,25991.956875,25888.540208333332,26056.592291666668,-14304.037844870762,False,True,False
2025-11-18 15:00:00+00:00,2025-11-18,imbalance_down,imbalance_opening_range_breakout,-1,24456.83,24491.16,24369.41,24379.41,51235,68.08857142857129,24583.22627202508,24766.53,24456.53,25023.103125,24892.665625,25175.280208333337,-242450.73846240732,False,True,False
2025-11-19 15:00:00+00:00,2025-11-19,imbalance_up,imbalance_opening_range_breakout,1,24830.59,24868.47,24817.09,24860.59,32234,49.80928571428558,24683.344543460313,24838.22,24509.22,24681.7425,24493.325833333332,24700.584166666667,138057.57148318348,True,False,False
2025-12-02 15:00:00+00:00,2025-12-02,imbalance_up,imbalance_opening_range_breakout,1,25560.890000000003,25609.51,25558.76,25598.51,21085,33.785714285714285,25538.731781596263,25576.26,25434.890000000003,25318.55875,25282.74625,25414.05875,3925.689506850964,True,False,False
2025-12-03 15:00:00+00:00,2025-12-03,balance,balance_value_rejection,1,25459.15,25538.1,25451.65,25536.230000000003,28946,62.19285714285694,25451.709657502975,25502.730000000003,25394.85,25521.770625,25489.879375,25596.18354166667,27287.86155066073,True,False,False
2025-12-03 15:20:00+00:00,2025-12-03,balance,balance_value_rejection,1,25500.35,25516.6,25464.730000000003,25513.6,25734,54.40357142857101,25462.74701149932,25502.730000000003,25394.85,25521.770625,25489.879375,25596.18354166667,14895.026418273303,True,False,False
2025-12-05 15:00:00+00:00,2025-12-05,imbalance_up,imbalance_opening_range_breakout,1,25756.51,25783.88,25733.88,25778.13,18616,37.25999999999944,25715.3858892593,25769.38,25641.26,25571.64895833333,25534.33729166667,25571.64895833333,62700.3330329548,True,False,False
