signal_time,entry_time,exit_time,session_date,phase,day_regime,setup,side,entry_price,stop_price,target_price,exit_price,exit_reason,holding_bars,notional_fraction,risk_fraction_deployed,gross_return,one_way_turnover,execution_cost,net_return,gross_r_multiple,net_r_multiple
2024-01-05 15:00:00+00:00,2024-01-05 15:05:00+00:00,2024-01-05 15:20:00+00:00,2024-01-05,opening_followthrough_30m,balance,balance_value_rejection,long,16395.18,16367.925714285715,16449.68857142857,16367.925714285715,stop,4,6.015633714225789,0.01,-0.009999999999999884,12.031267428451578,0.0006015633714225789,-0.010601563371422464,-0.9999999999999883,-1.0601563371422464
2024-01-08 15:00:00+00:00,2024-01-08 15:05:00+00:00,2024-01-08 15:25:00+00:00,2024-01-08,opening_followthrough_30m,imbalance_up,imbalance_opening_range_breakout,long,16502.89,16481.78214285714,16545.105714285713,16502.76,phase_end,5,7.818363507157016,0.01,-6.15884403241655e-05,15.636727014314031,0.0007818363507157017,-0.0008434247910398671,-0.00615884403241655,-0.0843424791039867
2024-01-16 15:10:00+00:00,2024-01-16 15:15:00+00:00,2024-01-16 15:20:00+00:00,2024-01-16,opening_followthrough_30m,balance,balance_value_rejection,long,16817.91,16789.840714285714,16874.04857142857,16874.04857142857,target,2,5.991570348881631,0.01,0.01999999999999995,11.983140697763263,0.0005991570348881632,0.019400842965111784,1.999999999999995,1.9400842965111784
2024-02-01 15:00:00+00:00,2024-02-01 15:05:00+00:00,2024-02-01 15:25:00+00:00,2024-02-01,opening_followthrough_30m,balance,balance_value_rejection,long,17228.48,17203.86642857143,17277.707142857143,17277.707142857143,target,5,6.999585594474589,0.01,0.02000000000000054,13.999171188949179,0.0006999585594474589,0.019300041440553084,2.000000000000054,1.9300041440553084
2024-02-08 15:20:00+00:00,2024-02-08 15:25:00+00:00,2024-02-08 15:25:00+00:00,2024-02-08,opening_followthrough_30m,balance,balance_value_rejection,short,17761.49,17781.672857142858,17721.124285714286,17764.0,phase_end,1,8.800285249150468,0.009999999999999998,-0.0012436296715729375,17.600570498300936,0.0008800285249150468,-0.0021236581964879844,-0.12436296715729377,-0.21236581964879847
2024-02-09 15:05:00+00:00,2024-02-09 15:10:00+00:00,2024-02-09 15:25:00+00:00,2024-02-09,opening_followthrough_30m,imbalance_up,imbalance_opening_range_breakout,long,17868.960000000003,17850.63285714286,17905.614285714288,17896.83,phase_end,4,9.749997661547992,0.01,0.015206952997116174,19.499995323095984,0.0009749997661547993,0.014231953230961374,1.5206952997116174,1.4231953230961374
2024-02-21 15:00:00+00:00,2024-02-21 15:05:00+00:00,2024-02-21 15:05:00+00:00,2024-02-21,opening_followthrough_30m,balance,balance_value_rejection,long,17472.190000000002,17448.12785714286,17520.31428571429,17448.12785714286,stop,1,7.261277644195192,0.01,-0.010000000000000512,14.522555288390384,0.0007261277644195192,-0.010726127764420031,-1.000000000000051,-1.072612776442003
2024-02-23 15:05:00+00:00,2024-02-23 15:10:00+00:00,2024-02-23 15:25:00+00:00,2024-02-23,opening_followthrough_30m,balance,balance_value_rejection,short,18022.86,18047.45642857143,17973.667142857143,18001.38,phase_end,4,7.327429650065448,0.01,0.008732975170611144,14.654859300130896,0.0007327429650065448,0.008000232205604599,0.8732975170611144,0.8000232205604598
2024-02-27 15:05:00+00:00,2024-02-27 15:10:00+00:00,2024-02-27 15:25:00+00:00,2024-02-27,opening_followthrough_30m,balance,balance_value_rejection,long,17965.27,17943.733571428573,18008.342857142856,17974.010000000002,phase_end,4,8.341805578588122,0.01,0.004058240191039925,16.683611157176244,0.0008341805578588122,0.003224059633181112,0.40582401910399246,0.3224059633181112
2024-03-01 15:05:00+00:00,2024-03-01 15:10:00+00:00,2024-03-01 15:25:00+00:00,2024-03-01,opening_followthrough_30m,imbalance_up,imbalance_opening_range_breakout,long,18138.41,18113.690714285716,18187.84857142857,18145.390000000003,phase_end,4,7.337756523246903,0.01,0.002823706186611084,14.675513046493807,0.0007337756523246903,0.0020899305342863936,0.28237061866110835,0.20899305342863936
2024-03-05 15:05:00+00:00,2024-03-05 15:10:00+00:00,2024-03-05 15:25:00+00:00,2024-03-05,opening_followthrough_30m,imbalance_down,imbalance_opening_range_breakout,short,17977.210000000003,18006.93285714286,17917.764285714286,17936.710000000003,phase_end,4,6.048277900605452,0.01,0.013625877150821667,12.096555801210904,0.0006048277900605453,0.013021049360761122,1.3625877150821668,1.302104936076112
2024-03-26 14:00:00+00:00,2024-03-26 14:05:00+00:00,2024-03-26 14:10:00+00:00,2024-03-26,opening_followthrough_30m,imbalance_up,imbalance_opening_range_breakout,long,18405.91,18388.556428571428,18440.617142857143,18388.556428571428,stop,2,10.0,0.009428260503594486,-0.009428260503594466,20.0,0.001,-0.010428260503594466,-0.9999999999999978,-1.1060641037250438
2024-03-26 14:15:00+00:00,2024-03-26 14:20:00+00:00,2024-03-26 14:25:00+00:00,2024-03-26,opening_followthrough_30m,imbalance_up,imbalance_opening_range_breakout,long,18401.67,18382.13857142857,18440.732857142855,18382.13857142857,stop,2,9.421568899941532,0.01,-0.009999999999998796,18.843137799883063,0.0009421568899941532,-0.010942156889992949,-0.9999999999998797,-1.0942156889992949
2024-04-05 14:10:00+00:00,2024-04-05 14:15:00+00:00,2024-04-05 14:25:00+00:00,2024-04-05,opening_followthrough_30m,balance,balance_value_rejection,long,18065.22,18027.525714285715,18140.608571428573,18027.525714285715,stop,3,4.792561964678295,0.01,-0.010000000000000365,9.58512392935659,0.0004792561964678295,-0.010479256196468193,-1.0000000000000364,-1.0479256196468194
2024-04-15 14:05:00+00:00,2024-04-15 14:10:00+00:00,2024-04-15 14:25:00+00:00,2024-04-15,opening_followthrough_30m,balance,balance_value_rejection,short,18091.66,18120.294285714284,18034.391428571427,18078.78,phase_end,4,6.318181001795975,0.01,0.004498104170824757,12.63636200359195,0.0006318181001795975,0.00386628607064516,0.4498104170824757,0.38662860706451596
2024-04-19 14:10:00+00:00,2024-04-19 14:15:00+00:00,2024-04-19 14:25:00+00:00,2024-04-19,opening_followthrough_30m,imbalance_down,imbalance_opening_range_breakout,short,17278.16,17315.575714285715,17203.328571428574,17242.65,phase_end,3,4.617888587682859,0.01,0.009490664732159412,9.235777175365717,0.0004617888587682859,0.009028875873391127,0.9490664732159412,0.9028875873391127
2024-04-26 14:00:00+00:00,2024-04-26 14:05:00+00:00,2024-04-26 14:05:00+00:00,2024-04-26,opening_followthrough_30m,imbalance_up,imbalance_opening_range_breakout,long,17694.210000000003,17660.803571428572,17761.02285714286,17660.803571428572,stop,1,5.296648207145775,0.01,-0.010000000000000252,10.59329641429155,0.0005296648207145775,-0.010529664820714829,-1.000000000000025,-1.0529664820714828
2024-04-30 14:10:00+00:00,2024-04-30 14:15:00+00:00,2024-04-30 14:25:00+00:00,2024-04-30,opening_followthrough_30m,balance,balance_value_rejection,long,17761.41,17736.47857142857,17811.272857142856,17736.47857142857,stop,3,7.124104400641891,0.01,-0.009999999999999763,14.248208801283782,0.0007124104400641892,-0.010712410440063953,-0.9999999999999762,-1.0712410440063953
2024-05-01 14:00:00+00:00,2024-05-01 14:05:00+00:00,2024-05-01 14:05:00+00:00,2024-05-01,opening_followthrough_30m,imbalance_down,imbalance_opening_range_breakout,short,17346.56,17370.565714285716,17298.54857142857,17370.565714285716,stop,1,7.226012854082324,0.01,-0.010000000000000432,14.452025708164648,0.0007226012854082324,-0.010722601285408664,-1.0000000000000433,-1.0722601285408664
2024-05-01 14:20:00+00:00,2024-05-01 14:25:00+00:00,2024-05-01 14:25:00+00:00,2024-05-01,opening_followthrough_30m,imbalance_down,imbalance_opening_range_breakout,short,17347.56,17375.818571428572,17291.042857142857,17375.818571428572,stop,1,6.138866589151165,0.01,-0.009999999999999482,12.27773317830233,0.0006138866589151166,-0.010613886658914598,-0.9999999999999482,-1.0613886658914597
2024-05-08 14:20:00+00:00,2024-05-08 14:25:00+00:00,2024-05-08 14:25:00+00:00,2024-05-08,opening_followthrough_30m,balance,balance_value_rejection,long,18102.38,18082.04285714286,18143.054285714286,18112.63,phase_end,1,8.901142174768498,0.010000000000000002,0.005040039336892002,17.802284349536997,0.0008901142174768499,0.004149925119415152,0.5040039336892,0.4149925119415151
2024-05-16 14:20:00+00:00,2024-05-16 14:25:00+00:00,2024-05-16 14:25:00+00:00,2024-05-16,opening_followthrough_30m,imbalance_up,imbalance_opening_range_breakout,long,18633.74,18618.13142857143,18664.957142857143,18631.99,phase_end,1,10.0,0.008376510259653434,-0.000939156605168634,20.0,0.001,-0.001939156605168634,-0.11211788394651714,-0.2314993410213842
2024-05-31 14:10:00+00:00,2024-05-31 14:15:00+00:00,2024-05-31 14:20:00+00:00,2024-05-31,opening_followthrough_30m,imbalance_down,imbalance_opening_range_breakout,short,18442.56,18474.808571428573,18378.062857142857,18378.062857142857,target,2,5.718876583680347,0.01,0.02000000000000064,11.437753167360693,0.0005718876583680347,0.019428112341632605,2.000000000000064,1.9428112341632604
2024-06-05 14:20:00+00:00,2024-06-05 14:25:00+00:00,2024-06-05 14:25:00+00:00,2024-06-05,opening_followthrough_30m,imbalance_up,imbalance_opening_range_breakout,long,18840.86,18813.34642857143,18895.887142857144,18856.480000000003,phase_end,1,6.847842363508876,0.01,0.005677198265792002,13.695684727017753,0.0006847842363508877,0.004992414029441114,0.5677198265792002,0.4992414029441114
2024-06-10 14:05:00+00:00,2024-06-10 14:10:00+00:00,2024-06-10 14:10:00+00:00,2024-06-10,opening_followthrough_30m,balance,balance_value_rejection,long,18988.960000000003,18970.005,19026.870000000003,18970.005,stop,1,10.0,0.009982115924200265,-0.00998211592420084,20.0,0.001,-0.010982115924200841,-1.0000000000000577,-1.1001791611712517
2024-06-20 14:05:00+00:00,2024-06-20 14:10:00+00:00,2024-06-20 14:15:00+00:00,2024-06-20,opening_followthrough_30m,balance,balance_value_rejection,short,19912.61,19934.745,19868.34,19868.34,target,2,8.995983736164462,0.01,0.019999999999999785,17.991967472328923,0.0008995983736164462,0.01910040162638334,1.9999999999999785,1.910040162638334
2024-06-24 14:05:00+00:00,2024-06-24 14:10:00+00:00,2024-06-24 14:15:00+00:00,2024-06-24,opening_followthrough_30m,balance,balance_value_rejection,long,19767.22,19732.469285714287,19836.72142857143,19732.469285714287,stop,2,5.68829171034513,0.01,-0.009999999999999967,11.37658342069026,0.000568829171034513,-0.01056882917103448,-0.9999999999999967,-1.056882917103448
2024-06-25 14:00:00+00:00,2024-06-25 14:05:00+00:00,2024-06-25 14:25:00+00:00,2024-06-25,opening_followthrough_30m,balance,balance_value_rejection,long,19655.890000000003,19633.167142857146,19701.335714285717,19661.640000000003,phase_end,5,8.650272224317996,0.01,0.002530491638375334,17.300544448635993,0.0008650272224317996,0.0016654644159435346,0.2530491638375334,0.16654644159435344
2024-06-27 14:10:00+00:00,2024-06-27 14:15:00+00:00,2024-06-27 14:15:00+00:00,2024-06-27,opening_followthrough_30m,imbalance_up,imbalance_opening_range_breakout,long,19894.210000000003,19861.59285714286,19959.444285714286,19861.59285714286,stop,1,6.099311054660232,0.01,-0.010000000000000052,12.198622109320464,0.0006099311054660233,-0.010609931105466076,-1.000000000000005,-1.0609931105466077
2024-06-28 14:00:00+00:00,2024-06-28 14:05:00+00:00,2024-06-28 14:25:00+00:00,2024-06-28,opening_followthrough_30m,imbalance_up,imbalance_opening_range_breakout,long,20005.44,19977.425714285713,20061.46857142857,20001.69,phase_end,5,7.1411565527793135,0.01,-0.0013386027536972458,14.282313105558627,0.0007141156552779314,-0.0020527184089751773,-0.13386027536972459,-0.20527184089751774
2024-07-01 14:10:00+00:00,2024-07-01 14:15:00+00:00,2024-07-01 14:15:00+00:00,2024-07-01,opening_followthrough_30m,imbalance_down,imbalance_opening_range_breakout,short,19615.81,19653.288571428573,19540.852857142858,19653.288571428573,stop,1,5.233873451496122,0.01,-0.009999999999999851,10.467746902992245,0.0005233873451496123,-0.010523387345149463,-0.9999999999999851,-1.0523387345149462
2024-07-10 14:05:00+00:00,2024-07-10 14:10:00+00:00,2024-07-10 14:15:00+00:00,2024-07-10,opening_followthrough_30m,imbalance_up,imbalance_opening_range_breakout,long,20594.35,20577.19714285714,20628.655714285713,20577.19714285714,stop,2,10.0,0.008328914067623937,-0.008328914067623483,20.0,0.001,-0.009328914067623484,-0.9999999999999454,-1.1200636711917507
2024-07-11 14:05:00+00:00,2024-07-11 14:10:00+00:00,2024-07-11 14:10:00+00:00,2024-07-11,opening_followthrough_30m,balance,balance_value_rejection,short,20623.92,20653.570714285714,20564.618571428568,20564.618571428568,target,1,6.955623328756101,0.01,0.019999999999999966,13.911246657512201,0.0006955623328756102,0.019304437667124356,1.9999999999999964,1.9304437667124357
2024-07-17 14:00:00+00:00,2024-07-17 14:05:00+00:00,2024-07-17 14:25:00+00:00,2024-07-17,opening_followthrough_30m,imbalance_down,imbalance_opening_range_breakout,short,19985.88,20016.470714285715,19924.698571428573,19960.88,phase_end,5,6.5333158988490165,0.01,0.00817241459826779,13.066631797698033,0.0006533315898849017,0.007519083008382889,0.8172414598267791,0.7519083008382889
2024-07-24 14:10:00+00:00,2024-07-24 14:15:00+00:00,2024-07-24 14:25:00+00:00,2024-07-24,opening_followthrough_30m,imbalance_down,imbalance_opening_range_breakout,short,19333.22,19367.57285714286,19264.51428571429,19342.34,phase_end,3,5.627834657129846,0.01,-0.002654801014679254,11.255669314259691,0.0005627834657129846,-0.0032175844803922385,-0.2654801014679254,-0.3217584480392238
2024-07-25 14:00:00+00:00,2024-07-25 14:05:00+00:00,2024-07-25 14:10:00+00:00,2024-07-25,opening_followthrough_30m,imbalance_down,imbalance_opening_range_breakout,short,18852.44,18903.35857142857,18750.602857142854,18750.602857142854,target,2,3.7024683668602307,0.01,0.02000000000000029,7.4049367337204615,0.0003702468366860231,0.019629753163314265,2.000000000000029,1.9629753163314265
2024-07-31 14:05:00+00:00,2024-07-31 14:10:00+00:00,2024-07-31 14:25:00+00:00,2024-07-31,opening_followthrough_30m,imbalance_up,imbalance_opening_range_breakout,long,19328.44,19290.422142857144,19404.475714285712,19326.06,phase_end,4,5.084042461249482,0.01,-0.0006260216063870226,10.168084922498965,0.0005084042461249483,-0.0011344258525119708,-0.06260216063870225,-0.11344258525119708
2024-08-06 14:00:00+00:00,2024-08-06 14:05:00+00:00,2024-08-06 14:25:00+00:00,2024-08-06,opening_followthrough_30m,imbalance_up,imbalance_opening_range_breakout,long,18087.85,18017.319285714286,18228.911428571428,18068.18,phase_end,5,2.5645352075590155,0.01,-0.0027888559189002907,5.129070415118031,0.0002564535207559016,-0.0030453094396561925,-0.2788855918900291,-0.30453094396561925
2024-08-13 14:00:00+00:00,2024-08-13 14:05:00+00:00,2024-08-13 14:10:00+00:00,2024-08-13,opening_followthrough_30m,imbalance_up,imbalance_opening_range_breakout,long,18827.56,18796.087142857144,18890.505714285715,18796.087142857144,stop,2,5.9821578684580965,0.01,-0.009999999999999853,11.964315736916193,0.0005982157868458097,-0.010598215786845663,-0.9999999999999852,-1.0598215786845662
2024-08-14 14:05:00+00:00,2024-08-14 14:10:00+00:00,2024-08-14 14:25:00+00:00,2024-08-14,opening_followthrough_30m,balance,balance_value_rejection,short,18937.980000000003,18976.577142857146,18860.785714285717,18922.6,phase_end,4,4.906575616255891,0.01,0.003984750906804004,9.813151232511782,0.0004906575616255892,0.0034940933451784147,0.3984750906804004,0.34940933451784145
2024-08-21 14:15:00+00:00,2024-08-21 14:20:00+00:00,2024-08-21 14:25:00+00:00,2024-08-21,opening_followthrough_30m,imbalance_up,imbalance_opening_range_breakout,long,19821.7,19794.534285714286,19876.03142857143,19794.534285714286,stop,2,7.296587084560167,0.01,-0.009999999999999998,14.593174169120333,0.0007296587084560167,-0.010729658708456016,-0.9999999999999998,-1.0729658708456016
2024-09-03 14:10:00+00:00,2024-09-03 14:15:00+00:00,2024-09-03 14:25:00+00:00,2024-09-03,opening_followthrough_30m,imbalance_down,imbalance_opening_range_breakout,short,19250.800000000003,19295.20285714286,19161.99428571429,19295.20285714286,stop,3,4.335486776912662,0.01,-0.0100000000000001,8.670973553825323,0.0004335486776912662,-0.010433548677691367,-1.00000000000001,-1.0433548677691367
2024-09-05 14:20:00+00:00,2024-09-05 14:25:00+00:00,2024-09-05 14:25:00+00:00,2024-09-05,opening_followthrough_30m,imbalance_up,imbalance_opening_range_breakout,long,19093.27,19041.675,19196.46,19069.77,phase_end,1,3.7006047097586885,0.01,-0.004554704913266588,7.401209419517377,0.0003700604709758689,-0.004924765384242457,-0.4554704913266588,-0.49247653842424566
2024-09-10 14:20:00+00:00,2024-09-10 14:25:00+00:00,2024-09-10 14:25:00+00:00,2024-09-10,opening_followthrough_30m,balance,balance_value_rejection,short,18686.35,18736.068571428572,18586.912857142856,18736.068571428572,stop,1,3.758424561101047,0.01,-0.01000000000000049,7.516849122202094,0.00037584245611010475,-0.010375842456110593,-1.0000000000000488,-1.0375842456110593
2024-09-11 14:05:00+00:00,2024-09-11 14:10:00+00:00,2024-09-11 14:15:00+00:00,2024-09-11,opening_followthrough_30m,balance,balance_value_rejection,short,18750.81,18794.51142857143,18663.407142857144,18663.407142857144,target,2,4.290662940080418,0.01,0.019999999999999907,8.581325880160836,0.00042906629400804184,0.019570933705991864,1.9999999999999907,1.9570933705991864
2024-09-24 14:00:00+00:00,2024-09-24 14:05:00+00:00,2024-09-24 14:10:00+00:00,2024-09-24,opening_followthrough_30m,balance,balance_value_rejection,short,19815.28,19842.735714285714,19760.36857142857,19842.735714285714,stop,2,7.2171788334460505,0.01,-0.010000000000000031,14.434357666892101,0.0007217178833446051,-0.010721717883344636,-1.000000000000003,-1.0721717883344635
2024-10-01 14:05:00+00:00,2024-10-01 14:10:00+00:00,2024-10-01 14:25:00+00:00,2024-10-01,opening_followthrough_30m,imbalance_down,imbalance_opening_range_breakout,short,19787.76,19834.542142857143,19694.195714285714,19731.01,phase_end,4,4.229767768531945,0.01,0.012130696999770945,8.45953553706389,0.0004229767768531945,0.01170772022291775,1.2130696999770945,1.170772022291775
2024-10-11 14:05:00+00:00,2024-10-11 14:10:00+00:00,2024-10-11 14:25:00+00:00,2024-10-11,opening_followthrough_30m,balance,balance_value_rejection,long,20256.56,20231.804285714286,20306.07142857143,20306.07142857143,target,4,8.182579491026647,0.01,0.020000000000000257,16.365158982053295,0.0008182579491026648,0.019181742050897593,2.0000000000000258,1.9181742050897592
2024-10-15 14:05:00+00:00,2024-10-15 14:10:00+00:00,2024-10-15 14:10:00+00:00,2024-10-15,opening_followthrough_30m,balance,balance_value_rejection,short,20473.66,20495.007857142857,20430.964285714286,20430.964285714286,target,1,9.59049887911112,0.01,0.0199999999999992,19.18099775822224,0.000959049887911112,0.019040950112088086,1.9999999999999198,1.9040950112088086
2024-10-29 14:00:00+00:00,2024-10-29 14:05:00+00:00,2024-10-29 14:25:00+00:00,2024-10-29,opening_followthrough_30m,balance,balance_value_rejection,long,20422.92,20391.551428571427,20485.65714285714,20485.65714285714,target,5,6.510631205027836,0.01,0.020000000000000705,13.021262410055671,0.0006510631205027835,0.01934893687949792,2.0000000000000706,1.934893687949792
2024-11-04 15:15:00+00:00,2024-11-04 15:20:00+00:00,2024-11-04 15:25:00+00:00,2024-11-04,opening_followthrough_30m,balance,balance_value_rejection,long,20069.04,20030.205,20146.710000000003,20091.54,phase_end,2,5.167771340285768,0.01,0.005793742757821504,10.335542680571535,0.0005167771340285768,0.005276965623792927,0.5793742757821504,0.5276965623792926
2024-11-11 15:00:00+00:00,2024-11-11 15:05:00+00:00,2024-11-11 15:05:00+00:00,2024-11-11,opening_followthrough_30m,imbalance_down,imbalance_opening_range_breakout,short,21077.63,21100.174285714285,21032.54142857143,21100.174285714285,stop,1,9.349433495976312,0.01,-0.009999999999999084,18.698866991952624,0.0009349433495976313,-0.010934943349596715,-0.9999999999999084,-1.0934943349596715
2024-11-13 15:00:00+00:00,2024-11-13 15:05:00+00:00,2024-11-13 15:25:00+00:00,2024-11-13,opening_followthrough_30m,imbalance_down,imbalance_opening_range_breakout,short,21032.91,21062.562857142857,20973.604285714282,21022.54,phase_end,5,7.093046683046444,0.01,0.003497133497132895,14.186093366092887,0.0007093046683046444,0.002787828828828251,0.3497133497132895,0.2787828828828251
2024-11-15 15:00:00+00:00,2024-11-15 15:05:00+00:00,2024-11-15 15:15:00+00:00,2024-11-15,opening_followthrough_30m,imbalance_down,imbalance_opening_range_breakout,short,20596.7,20625.27142857143,20539.557142857142,20539.557142857142,target,3,7.208845,0.01,0.02000000000000056,14.41769,0.0007208845,0.019279115500000558,2.000000000000056,1.9279115500000557
2024-11-21 15:20:00+00:00,2024-11-21 15:25:00+00:00,2024-11-21 15:25:00+00:00,2024-11-21,opening_followthrough_30m,balance,balance_value_rejection,short,20542.77,20618.73142857143,20390.847142857143,20465.15,phase_end,1,2.704368570515104,0.01,0.010218343896338125,5.408737141030208,0.0002704368570515104,0.009947907039286615,1.0218343896338125,0.9947907039286614
2024-11-26 15:15:00+00:00,2024-11-26 15:20:00+00:00,2024-11-26 15:25:00+00:00,2024-11-26,opening_followthrough_30m,balance,balance_value_rejection,short,20872.81,20908.177142857145,20802.075714285715,20908.177142857145,stop,2,5.901751827765719,0.01,-0.009999999999999657,11.803503655531438,0.000590175182776572,-0.010590175182776228,-0.9999999999999657,-1.059017518277623
2024-11-27 15:10:00+00:00,2024-11-27 15:15:00+00:00,2024-11-27 15:25:00+00:00,2024-11-27,opening_followthrough_30m,imbalance_down,imbalance_opening_range_breakout,short,20759.460000000003,20787.465000000004,20703.450000000004,20724.33,phase_end,3,7.412769148366371,0.01,0.012544188537761354,14.825538296732741,0.0007412769148366371,0.011802911622924716,1.2544188537761354,1.1802911622924717
2024-11-29 15:05:00+00:00,2024-11-29 15:10:00+00:00,2024-11-29 15:25:00+00:00,2024-11-29,opening_followthrough_30m,imbalance_up,imbalance_opening_range_breakout,long,20902.61,20874.54642857143,20958.737142857142,20900.61,phase_end,4,7.4483071597648305,0.01,-0.0007126676677952044,14.896614319529661,0.0007448307159764831,-0.0014574983837716874,-0.07126676677952044,-0.14574983837716873
2024-12-02 15:00:00+00:00,2024-12-02 15:05:00+00:00,2024-12-02 15:25:00+00:00,2024-12-02,opening_followthrough_30m,imbalance_up,imbalance_opening_range_breakout,long,21136.58,21107.715714285718,21194.308571428573,21143.7,phase_end,5,7.32274486513242,0.01,0.0024667161593654027,14.64548973026484,0.000732274486513242,0.0017344416728521607,0.24667161593654027,0.17344416728521606
2024-12-11 15:05:00+00:00,2024-12-11 15:10:00+00:00,2024-12-11 15:20:00+00:00,2024-12-11,opening_followthrough_30m,imbalance_up,imbalance_opening_range_breakout,long,21701.07,21675.25642857143,21752.69714285714,21675.25642857143,stop,3,8.406845236448257,0.01,-0.009999999999999785,16.813690472896514,0.0008406845236448257,-0.01084068452364461,-0.9999999999999785,-1.084068452364461
2024-12-16 15:00:00+00:00,2024-12-16 15:05:00+00:00,2024-12-16 15:15:00+00:00,2024-12-16,opening_followthrough_30m,imbalance_up,imbalance_opening_range_breakout,long,21977.2,21952.39,22026.82,21952.39,stop,3,8.858202337767027,0.01,-0.010000000000000855,17.716404675534054,0.0008858202337767028,-0.010885820233777559,-1.0000000000000855,-1.088582023377756
2024-12-16 15:20:00+00:00,2024-12-16 15:25:00+00:00,2024-12-16 15:25:00+00:00,2024-12-16,opening_followthrough_30m,imbalance_up,imbalance_opening_range_breakout,long,21963.58,21933.52285714286,22023.69428571429,21982.95,phase_end,1,7.307274714828847,0.01,0.00644439163498109,14.614549429657695,0.0007307274714828848,0.005713664163498206,0.644439163498109,0.5713664163498205
2024-12-18 15:00:00+00:00,2024-12-18 15:05:00+00:00,2024-12-18 15:25:00+00:00,2024-12-18,opening_followthrough_30m,balance,balance_value_rejection,long,21993.56,21964.277142857143,22052.125714285714,22008.19,phase_end,5,7.510728851595294,0.01,0.00499609718021116,15.021457703190588,0.0007510728851595294,0.004245024295051631,0.499609718021116,0.42450242950516304
2024-12-19 15:00:00+00:00,2024-12-19 15:05:00+00:00,2024-12-19 15:10:00+00:00,2024-12-19,opening_followthrough_30m,imbalance_down,imbalance_opening_range_breakout,short,21273.27,21321.068571428572,21177.672857142858,21321.068571428572,stop,2,4.450607908186186,0.010000000000000002,-0.010000000000000488,8.901215816372371,0.0004450607908186186,-0.010445060790819105,-1.0000000000000486,-1.0445060790819103
2024-12-24 15:00:00+00:00,2024-12-24 15:05:00+00:00,2024-12-24 15:20:00+00:00,2024-12-24,opening_followthrough_30m,imbalance_up,imbalance_opening_range_breakout,long,21707.29,21683.274285714288,21755.321428571428,21683.274285714288,stop,4,9.038785913985153,0.01,-0.010000000000000193,18.077571827970306,0.0009038785913985153,-0.010903878591398708,-1.0000000000000193,-1.0903878591398708
2024-12-27 15:00:00+00:00,2024-12-27 15:05:00+00:00,2024-12-27 15:15:00+00:00,2024-12-27,opening_followthrough_30m,imbalance_down,imbalance_opening_range_breakout,short,21395.42,21438.606428571427,21309.04714285714,21309.04714285714,target,3,4.954199897454493,0.01,0.020000000000000146,9.908399794908986,0.0004954199897454493,0.019504580010254697,2.0000000000000147,1.9504580010254697
2024-12-30 15:20:00+00:00,2024-12-30 15:25:00+00:00,2024-12-30 15:25:00+00:00,2024-12-30,opening_followthrough_30m,imbalance_down,imbalance_opening_range_breakout,short,21070.04,21122.487142857142,20965.145714285714,21084.92,phase_end,1,4.017385667202382,0.01,-0.00283714215672867,8.034771334404764,0.00040173856672023824,-0.003238880723448908,-0.283714215672867,-0.3238880723448908
2025-01-06 15:10:00+00:00,2025-01-06 15:15:00+00:00,2025-01-06 15:25:00+00:00,2025-01-06,opening_followthrough_30m,imbalance_up,imbalance_opening_range_breakout,long,21694.63,21647.92428571429,21788.04142857143,21719.13,phase_end,3,4.6449626842847005,0.01,0.005245610815440101,9.289925368569401,0.00046449626842847005,0.004781114547011631,0.5245610815440102,0.47811145470116306
2025-01-07 15:00:00+00:00,2025-01-07 15:05:00+00:00,2025-01-07 15:25:00+00:00,2025-01-07,opening_followthrough_30m,imbalance_down,imbalance_opening_range_breakout,short,21445.140000000003,21484.742142857147,21365.935714285715,21419.52,phase_end,5,5.415146366538534,0.01,0.006469346896813704,10.830292733077068,0.0005415146366538534,0.00592783226015985,0.6469346896813704,0.592783226015985
2025-01-10 15:00:00+00:00,2025-01-10 15:05:00+00:00,2025-01-10 15:20:00+00:00,2025-01-10,opening_followthrough_30m,imbalance_down,imbalance_opening_range_breakout,short,20791.0,20851.937142857143,20669.125714285714,20851.937142857143,stop,4,3.41187640660164,0.01,-0.009999999999999665,6.82375281320328,0.000341187640660164,-0.010341187640659829,-0.9999999999999665,-1.0341187640659828
2025-01-15 15:00:00+00:00,2025-01-15 15:05:00+00:00,2025-01-15 15:25:00+00:00,2025-01-15,opening_followthrough_30m,imbalance_up,imbalance_opening_range_breakout,long,21230.67,21190.10214285714,21311.805714285714,21258.79,phase_end,5,5.233372303899984,0.01,0.0069315960912061875,10.466744607799969,0.0005233372303899984,0.006408258860816189,0.6931596091206187,0.640825886081619
2025-01-16 15:10:00+00:00,2025-01-16 15:15:00+00:00,2025-01-16 15:20:00+00:00,2025-01-16,opening_followthrough_30m,balance,balance_value_rejection,short,21229.53,21273.329999999998,21141.93,21273.329999999998,stop,2,4.846924657534298,0.01,-0.010000000000000406,9.693849315068595,0.0004846924657534298,-0.010484692465753835,-1.0000000000000406,-1.0484692465753835
2025-01-31 15:00:00+00:00,2025-01-31 15:05:00+00:00,2025-01-31 15:25:00+00:00,2025-01-31,opening_followthrough_30m,imbalance_up,imbalance_opening_range_breakout,long,21801.77,21767.032857142858,21871.24428571429,21798.640000000003,phase_end,5,6.2762127817073345,0.01,-0.0009010528047368764,12.552425563414669,0.0006276212781707335,-0.0015286740829076099,-0.09010528047368764,-0.15286740829076098
2025-02-03 15:10:00+00:00,2025-02-03 15:15:00+00:00,2025-02-03 15:20:00+00:00,2025-02-03,opening_followthrough_30m,imbalance_down,imbalance_opening_range_breakout,short,21036.52,21093.430714285714,20922.69857142857,21093.430714285714,stop,2,3.696407656102868,0.01,-0.009999999999999743,7.392815312205736,0.0003696407656102868,-0.01036964076561003,-0.9999999999999744,-1.0369640765610029
2025-02-04 15:00:00+00:00,2025-02-04 15:05:00+00:00,2025-02-04 15:25:00+00:00,2025-02-04,opening_followthrough_30m,imbalance_up,imbalance_opening_range_breakout,long,21514.78,21482.426428571427,21579.487142857142,21552.16,phase_end,5,6.649893365713751,0.01,0.011553593111822942,13.299786731427503,0.0006649893365713752,0.010888603775251568,1.1553593111822942,1.0888603775251569
2025-02-06 15:10:00+00:00,2025-02-06 15:15:00+00:00,2025-02-06 15:20:00+00:00,2025-02-06,opening_followthrough_30m,imbalance_up,imbalance_opening_range_breakout,long,21750.76,21724.332142857143,21803.615714285712,21724.332142857143,stop,2,8.230239736209214,0.01,-0.0099999999999989,16.460479472418427,0.0008230239736209214,-0.010823023973619821,-0.99999999999989,-1.082302397361982
2025-02-07 15:00:00+00:00,2025-02-07 15:05:00+00:00,2025-02-07 15:05:00+00:00,2025-02-07,opening_followthrough_30m,balance,balance_value_rejection,short,21668.33,21706.60428571429,21591.78142857143,21706.60428571429,stop,1,5.661328381606372,0.01,-0.01000000000000004,11.322656763212745,0.0005661328381606373,-0.010566132838160677,-1.000000000000004,-1.0566132838160676
2025-02-10 15:00:00+00:00,2025-02-10 15:05:00+00:00,2025-02-10 15:20:00+00:00,2025-02-10,opening_followthrough_30m,imbalance_up,imbalance_opening_range_breakout,long,21736.31,21711.722142857143,21785.485714285714,21785.485714285714,target,4,8.840262034105024,0.01,0.01999999999999859,17.680524068210048,0.0008840262034105024,0.019115973796588085,1.9999999999998588,1.9115973796588084
2025-02-13 15:15:00+00:00,2025-02-13 15:20:00+00:00,2025-02-13 15:25:00+00:00,2025-02-13,opening_followthrough_30m,imbalance_up,imbalance_opening_range_breakout,long,21901.17,21855.330714285712,21992.84857142857,21901.67,phase_end,2,4.77781659524737,0.01,0.00010907674328023899,9.55563319049474,0.00047778165952473705,-0.00036870491624449805,0.010907674328023899,-0.0368704916244498
2025-02-24 15:00:00+00:00,2025-02-24 15:05:00+00:00,2025-02-24 15:10:00+00:00,2025-02-24,opening_followthrough_30m,imbalance_down,imbalance_opening_range_breakout,short,21440.86,21482.462142857144,21357.655714285713,21482.462142857144,stop,2,5.153787407928655,0.01,-0.01000000000000016,10.30757481585731,0.0005153787407928655,-0.010515378740793025,-1.000000000000016,-1.0515378740793024
2025-02-24 15:15:00+00:00,2025-02-24 15:20:00+00:00,2025-02-24 15:25:00+00:00,2025-02-24,opening_followthrough_30m,imbalance_down,imbalance_opening_range_breakout,short,21476.980000000003,21531.481428571435,21367.977142857144,21454.730000000003,phase_end,2,3.94062698225461,0.01,0.0040824617965453825,7.88125396450922,0.00039406269822546105,0.0036883990983199214,0.40824617965453824,0.3688399098319921
2025-02-25 15:00:00+00:00,2025-02-25 15:05:00+00:00,2025-02-25 15:15:00+00:00,2025-02-25,opening_followthrough_30m,imbalance_down,imbalance_opening_range_breakout,short,21136.730000000003,21182.504285714287,21045.18142857143,21045.18142857143,target,3,4.617599088696139,0.01,0.020000000000000233,9.235198177392277,0.0004617599088696139,0.01953824009113062,2.000000000000023,1.9538240091130619
2025-02-26 15:10:00+00:00,2025-02-26 15:15:00+00:00,2025-02-26 15:25:00+00:00,2025-02-26,opening_followthrough_30m,imbalance_up,imbalance_opening_range_breakout,long,21283.050000000003,21237.19642857143,21374.757142857146,21237.19642857143,stop,3,4.641525040891004,0.01,-0.009999999999999976,9.283050081782008,0.00046415250408910044,-0.010464152504089077,-0.9999999999999976,-1.0464152504089077
2025-03-05 15:15:00+00:00,2025-03-05 15:20:00+00:00,2025-03-05 15:25:00+00:00,2025-03-05,opening_followthrough_30m,balance,balance_value_rejection,short,20345.34,20421.125,20193.77,20299.210000000003,phase_end,2,2.684613050075859,0.01,0.006086956521738798,5.369226100151718,0.0002684613050075859,0.005818495216731212,0.6086956521738798,0.5818495216731212
2025-03-10 14:00:00+00:00,2025-03-10 14:05:00+00:00,2025-03-10 14:25:00+00:00,2025-03-10,opening_followthrough_30m,imbalance_down,imbalance_opening_range_breakout,short,19685.2,19742.152142857143,19571.295714285716,19645.7,phase_end,5,3.4564458881516833,0.01,0.006935647724279675,6.912891776303367,0.0003456445888151683,0.0065900031354645065,0.6935647724279674,0.6590003135464506
2025-03-11 14:05:00+00:00,2025-03-11 14:10:00+00:00,2025-03-11 14:10:00+00:00,2025-03-11,opening_followthrough_30m,balance,balance_value_rejection,long,19506.550000000003,19426.74142857143,19666.167142857146,19426.74142857143,stop,1,2.4441672931657585,0.01,-0.010000000000000193,4.888334586331517,0.00024441672931657584,-0.01024441672931677,-1.0000000000000193,-1.024441672931677
2025-03-20 14:00:00+00:00,2025-03-20 14:05:00+00:00,2025-03-20 14:25:00+00:00,2025-03-20,opening_followthrough_30m,imbalance_up,imbalance_opening_range_breakout,long,19795.07,19752.647142857142,19879.91571428572,19842.65,phase_end,5,4.666133149245503,0.01,0.011215651939655303,9.332266298491007,0.00046661331492455036,0.010749038624730752,1.1215651939655302,1.0749038624730751
2025-03-21 14:20:00+00:00,2025-03-21 14:25:00+00:00,2025-03-21 14:25:00+00:00,2025-03-21,opening_followthrough_30m,balance,balance_value_rejection,long,19559.38,19503.24142857143,19671.657142857144,19544.0,phase_end,1,3.484124996819102,0.01,-0.0027396493370998904,6.968249993638204,0.0003484124996819102,-0.0030880618367818006,-0.27396493370998903,-0.30880618367818
2025-03-26 14:15:00+00:00,2025-03-26 14:20:00+00:00,2025-03-26 14:25:00+00:00,2025-03-26,opening_followthrough_30m,imbalance_down,imbalance_opening_range_breakout,short,20103.050000000003,20142.648571428574,20023.85285714286,20110.300000000003,phase_end,2,5.076710920307396,0.01,-0.0018308741296584419,10.153421840614792,0.0005076710920307396,-0.0023385452216891814,-0.1830874129658442,-0.23385452216891814
2025-03-27 14:10:00+00:00,2025-03-27 14:15:00+00:00,2025-03-27 14:25:00+00:00,2025-03-27,opening_followthrough_30m,balance,balance_value_rejection,long,19922.65,19878.40428571429,20011.14142857143,19952.9,phase_end,3,4.502729885057508,0.01,0.0068368203538675685,9.005459770115015,0.00045027298850575077,0.006386547365361817,0.6836820353867569,0.6386547365361818
2025-04-07 14:10:00+00:00,2025-04-07 14:15:00+00:00,2025-04-07 14:15:00+00:00,2025-04-07,opening_followthrough_30m,balance,balance_value_rejection,long,17835.140000000003,17639.12928571429,18227.161428571428,18227.161428571428,target,1,0.9099063826685929,0.01,0.01999999999999987,1.8198127653371858,9.09906382668593e-05,0.01990900936173301,1.999999999999987,1.990900936173301
2025-04-08 14:00:00+00:00,2025-04-08 14:05:00+00:00,2025-04-08 14:25:00+00:00,2025-04-08,opening_followthrough_30m,imbalance_up,imbalance_opening_range_breakout,long,18161.7,18078.374285714286,18328.35142857143,18162.58,phase_end,5,2.179603278013981,0.01,0.00010560965573994825,4.359206556027962,0.0002179603278013981,-0.00011235067206144985,0.010560965573994824,-0.011235067206144984
2025-05-13 14:00:00+00:00,2025-05-13 14:05:00+00:00,2025-05-13 14:10:00+00:00,2025-05-13,opening_followthrough_30m,imbalance_up,imbalance_opening_range_breakout,long,21068.59,21040.849285714285,21124.071428571428,21124.071428571428,target,2,7.594826067924866,0.01,0.01999999999999984,15.189652135849732,0.0007594826067924866,0.019240517393207354,1.999999999999984,1.9240517393207355
2025-05-15 14:15:00+00:00,2025-05-15 14:20:00+00:00,2025-05-15 14:25:00+00:00,2025-05-15,opening_followthrough_30m,balance,balance_value_rejection,long,21243.59,21206.149285714288,21318.47142857143,21213.09,phase_end,2,5.673927542591202,0.01,-0.008146212106759608,11.347855085182404,0.0005673927542591202,-0.008713604861018728,-0.8146212106759608,-0.8713604861018728
2025-05-19 14:05:00+00:00,2025-05-19 14:10:00+00:00,2025-05-19 14:25:00+00:00,2025-05-19,opening_followthrough_30m,balance,balance_value_rejection,long,21373.120000000003,21331.089285714286,21457.18142857143,21331.089285714286,stop,4,5.08511938548334,0.01,-0.01000000000000032,10.17023877096668,0.000508511938548334,-0.010508511938548654,-1.000000000000032,-1.0508511938548653
2025-05-21 14:05:00+00:00,2025-05-21 14:10:00+00:00,2025-05-21 14:10:00+00:00,2025-05-21,opening_followthrough_30m,balance,balance_value_rejection,long,21346.31,21313.655714285716,21411.61857142857,21313.655714285716,stop,1,6.53706229766384,0.01,-0.010000000000000002,13.07412459532768,0.0006537062297663841,-0.010653706229766385,-1.0000000000000002,-1.0653706229766384
2025-05-27 14:00:00+00:00,2025-05-27 14:05:00+00:00,2025-05-27 14:25:00+00:00,2025-05-27,opening_followthrough_30m,imbalance_up,imbalance_opening_range_breakout,long,21283.84,21253.23642857143,21345.047142857144,21320.09,phase_end,5,6.9546915626093355,0.01,0.011845022756447922,13.909383125218671,0.0006954691562609335,0.011149553600186988,1.1845022756447923,1.1149553600186988
2025-05-28 14:05:00+00:00,2025-05-28 14:10:00+00:00,2025-05-28 14:25:00+00:00,2025-05-28,opening_followthrough_30m,balance,balance_value_rejection,short,21418.75,21446.202142857142,21363.845714285715,21407.25,phase_end,4,7.8022142429682475,0.01,0.004189108318372484,15.604428485936495,0.0007802214242968248,0.0034088868940756593,0.4189108318372484,0.34088868940756595
2025-05-29 14:05:00+00:00,2025-05-29 14:10:00+00:00,2025-05-29 14:25:00+00:00,2025-05-29,opening_followthrough_30m,balance,balance_value_rejection,short,21369.76,21414.98,21279.32,21414.98,stop,4,4.725731977001313,0.01,-0.010000000000000092,9.451463954002627,0.00047257319770013133,-0.010472573197700223,-1.000000000000009,-1.0472573197700223
2025-06-04 14:00:00+00:00,2025-06-04 14:05:00+00:00,2025-06-04 14:10:00+00:00,2025-06-04,opening_followthrough_30m,balance,balance_value_rejection,short,21659.75,21686.934285714287,21605.38142857143,21686.934285714287,stop,2,7.967746597298823,0.01,-0.009999999999999743,15.935493194597646,0.0007967746597298824,-0.010796774659729625,-0.9999999999999744,-1.0796774659729624
2025-06-10 14:00:00+00:00,2025-06-10 14:05:00+00:00,2025-06-10 14:25:00+00:00,2025-06-10,opening_followthrough_30m,balance,balance_value_rejection,short,21832.480000000003,21859.037857142863,21779.364285714288,21850.61,phase_end,5,8.220723487802642,0.010000000000000002,-0.006826604986417109,16.441446975605285,0.0008220723487802643,-0.007648677335197373,-0.6826604986417107,-0.7648677335197371
2025-06-16 14:10:00+00:00,2025-06-16 14:15:00+00:00,2025-06-16 14:25:00+00:00,2025-06-16,opening_followthrough_30m,imbalance_up,imbalance_opening_range_breakout,long,21947.94,21914.440714285713,22014.93857142857,21962.44,phase_end,3,6.55176357704863,0.01,0.00432845050001042,13.10352715409726,0.0006551763577048631,0.0036732741423055573,0.432845050001042,0.3673274142305557
2025-06-23 14:00:00+00:00,2025-06-23 14:05:00+00:00,2025-06-23 14:25:00+00:00,2025-06-23,opening_followthrough_30m,imbalance_up,imbalance_opening_range_breakout,long,21745.88,21709.442857142858,21818.754285714287,21773.75,phase_end,5,5.968053007135589,0.01,0.007648788520348357,11.936106014271179,0.0005968053007135589,0.007051983219634799,0.7648788520348357,0.7051983219634799
2025-06-27 14:00:00+00:00,2025-06-27 14:05:00+00:00,2025-06-27 14:25:00+00:00,2025-06-27,opening_followthrough_30m,imbalance_up,imbalance_opening_range_breakout,long,22604.29,22583.382857142857,22646.104285714286,22583.382857142857,stop,5,10.0,0.009249192457335713,-0.009249192457336797,20.0,0.001,-0.010249192457336798,-1.0000000000001172,-1.1081175469765434
2025-07-03 14:00:00+00:00,2025-07-03 14:05:00+00:00,2025-07-03 14:25:00+00:00,2025-07-03,opening_followthrough_30m,imbalance_up,imbalance_opening_range_breakout,long,22858.710000000003,22833.187142857147,22909.75571428572,22879.710000000003,phase_end,5,8.956172058658732,0.01,0.008227918952199827,17.912344117317463,0.0008956172058658732,0.007332301746333953,0.8227918952199826,0.7332301746333953
2025-07-11 14:10:00+00:00,2025-07-11 14:15:00+00:00,2025-07-11 14:25:00+00:00,2025-07-11,opening_followthrough_30m,balance,balance_value_rejection,long,22816.25,22785.034285714286,22878.681428571428,22828.5,phase_end,3,7.309219257699992,0.01,0.003924305523774757,14.618438515399983,0.0007309219257699992,0.0031933835980047583,0.3924305523774757,0.3193383598004758
2025-07-17 14:00:00+00:00,2025-07-17 14:05:00+00:00,2025-07-17 14:10:00+00:00,2025-07-17,opening_followthrough_30m,imbalance_up,imbalance_opening_range_breakout,long,23025.42,23002.481428571427,23071.297142857144,23002.481428571427,stop,2,10.0,0.009962281438763085,-0.009962281438762322,20.0,0.001,-0.010962281438762322,-0.9999999999999234,-1.1003786136886529
2025-07-18 14:00:00+00:00,2025-07-18 14:05:00+00:00,2025-07-18 14:25:00+00:00,2025-07-18,opening_followthrough_30m,balance,balance_value_rejection,short,23102.22,23126.49142857143,23053.677142857145,23053.677142857145,target,5,9.518277810476773,0.01,0.020000000000000292,19.036555620953546,0.0009518277810476773,0.019048172218952615,2.0000000000000293,1.9048172218952615
2025-07-21 14:10:00+00:00,2025-07-21 14:15:00+00:00,2025-07-21 14:25:00+00:00,2025-07-21,opening_followthrough_30m,imbalance_up,imbalance_opening_range_breakout,long,23261.79,23239.772857142856,23305.824285714287,23279.29,phase_end,3,10.0,0.009464939223139419,0.007523066797525679,20.0,0.001,0.006523066797525679,0.7948351933558807,0.6891821113418675
2025-08-08 14:00:00+00:00,2025-08-08 14:05:00+00:00,2025-08-08 14:15:00+00:00,2025-08-08,opening_followthrough_30m,imbalance_up,imbalance_opening_range_breakout,long,23557.03,23534.67214285714,23601.745714285713,23534.67214285714,stop,3,10.0,0.009490949046996709,-0.009490949046997432,20.0,0.001,-0.010490949046997433,-1.0000000000000762,-1.105363541100999
2025-08-12 14:10:00+00:00,2025-08-12 14:15:00+00:00,2025-08-12 14:25:00+00:00,2025-08-12,opening_followthrough_30m,balance,balance_value_rejection,long,23636.49,23590.739285714288,23727.99142857143,23668.11,phase_end,3,5.166365240199201,0.01,0.00691136750401971,10.332730480398402,0.0005166365240199201,0.00639473097999979,0.691136750401971,0.639473097999979
2025-08-20 14:05:00+00:00,2025-08-20 14:10:00+00:00,2025-08-20 14:20:00+00:00,2025-08-20,opening_followthrough_30m,imbalance_down,imbalance_opening_range_breakout,short,23045.92,23087.90857142857,22961.942857142858,23087.90857142857,stop,3,5.488617310832946,0.01,-0.009999999999999305,10.977234621665891,0.0005488617310832946,-0.010548861731082599,-0.9999999999999304,-1.05488617310826
2025-08-25 14:00:00+00:00,2025-08-25 14:05:00+00:00,2025-08-25 14:25:00+00:00,2025-08-25,opening_followthrough_30m,balance,balance_value_rejection,long,23484.34,23457.85357142857,23537.312857142857,23482.34,phase_end,5,8.866555918125329,0.01,-0.0007551036919175879,17.733111836250657,0.0008866555918125329,-0.0016417592837301208,-0.0755103691917588,-0.16417592837301206
2025-08-29 14:00:00+00:00,2025-08-29 14:05:00+00:00,2025-08-29 14:25:00+00:00,2025-08-29,opening_followthrough_30m,imbalance_down,imbalance_opening_range_breakout,short,23432.11,23463.692142857144,23368.945714285714,23448.61,phase_end,5,7.419417392287601,0.01,-0.005224471333258126,14.838834784575202,0.0007419417392287601,-0.005966413072486886,-0.5224471333258125,-0.5966413072486886
2025-09-04 14:00:00+00:00,2025-09-04 14:05:00+00:00,2025-09-04 14:10:00+00:00,2025-09-04,opening_followthrough_30m,balance,balance_value_rejection,short,23396.370000000003,23429.043571428574,23331.02285714286,23429.043571428574,stop,2,7.16064053516396,0.01,-0.009999999999999854,14.32128107032792,0.000716064053516396,-0.010716064053516251,-0.9999999999999855,-1.0716064053516252
2025-09-09 14:15:00+00:00,2025-09-09 14:20:00+00:00,2025-09-09 14:25:00+00:00,2025-09-09,opening_followthrough_30m,balance,balance_value_rejection,short,23788.43,23815.617857142857,23734.054285714286,23782.43,phase_end,2,8.749652418359013,0.01,0.002206867561673682,17.499304836718025,0.0008749652418359012,0.0013319023198377807,0.2206867561673682,0.13319023198377805
2025-09-22 14:20:00+00:00,2025-09-22 14:25:00+00:00,2025-09-22 14:25:00+00:00,2025-09-22,opening_followthrough_30m,imbalance_up,imbalance_opening_range_breakout,long,24656.75,24635.17,24699.91,24670.0,phase_end,1,10.0,0.008752167256430765,0.005373782027233709,20.0,0.001,0.004373782027233709,0.6139944392956218,0.49973702502314693
2025-09-29 14:05:00+00:00,2025-09-29 14:10:00+00:00,2025-09-29 14:15:00+00:00,2025-09-29,opening_followthrough_30m,imbalance_up,imbalance_opening_range_breakout,long,24784.53,24756.1,24841.39,24756.1,stop,2,8.71773830460772,0.01,-0.010000000000000292,17.43547660921544,0.0008717738304607719,-0.010871773830461064,-1.000000000000029,-1.0871773830461064
2025-10-01 14:00:00+00:00,2025-10-01 14:05:00+00:00,2025-10-01 14:25:00+00:00,2025-10-01,opening_followthrough_30m,balance,balance_value_rejection,long,24639.82,24601.305,24716.85,24701.32,phase_end,5,6.397460729586016,0.01,0.015967804751396024,12.794921459172032,0.0006397460729586017,0.015328058678437423,1.5967804751396024,1.5328058678437422
2025-10-03 14:15:00+00:00,2025-10-03 14:20:00+00:00,2025-10-03 14:25:00+00:00,2025-10-03,opening_followthrough_30m,balance,balance_value_rejection,short,24893.44,24921.95142857143,24836.417142857143,24921.95142857143,stop,2,8.731039182282876,0.01,-0.010000000000001034,17.462078364565752,0.0008731039182282876,-0.010873103918229321,-1.0000000000001035,-1.087310391822932
2025-10-08 14:00:00+00:00,2025-10-08 14:05:00+00:00,2025-10-08 14:25:00+00:00,2025-10-08,opening_followthrough_30m,imbalance_up,imbalance_opening_range_breakout,long,25036.58,25011.992142857143,25085.755714285715,25050.460000000003,phase_end,5,10.0,0.009820773101939982,0.005543888182810708,20.0,0.001,0.004543888182810708,0.5645062893995154,0.46268131191353096
2025-10-13 14:00:00+00:00,2025-10-13 14:05:00+00:00,2025-10-13 14:20:00+00:00,2025-10-13,opening_followthrough_30m,imbalance_up,imbalance_opening_range_breakout,long,24756.57,24706.820714285714,24856.068571428572,24706.820714285714,stop,4,4.976266421628466,0.01,-0.010000000000000226,9.952532843256932,0.0004976266421628467,-0.010497626642163072,-1.0000000000000226,-1.0497626642163072
2025-10-20 14:20:00+00:00,2025-10-20 14:25:00+00:00,2025-10-20 14:25:00+00:00,2025-10-20,opening_followthrough_30m,imbalance_up,imbalance_opening_range_breakout,long,25115.74,25083.54857142857,25180.12285714286,25149.49,phase_end,1,7.801996094789965,0.01,0.01048415727345251,15.60399218957993,0.0007801996094789965,0.009703957663973512,1.048415727345251,0.9703957663973513
2025-10-31 14:00:00+00:00,2025-10-31 14:05:00+00:00,2025-10-31 14:05:00+00:00,2025-10-31,opening_followthrough_30m,balance,balance_value_rejection,short,25954.53,25985.14357142857,25893.302857142855,25985.14357142857,stop,1,8.478112415128676,0.01,-0.010000000000000453,16.95622483025735,0.0008478112415128676,-0.01084781124151332,-1.0000000000000453,-1.084781124151332
2025-11-03 15:10:00+00:00,2025-11-03 15:15:00+00:00,2025-11-03 15:25:00+00:00,2025-11-03,opening_followthrough_30m,balance,balance_value_rejection,short,26023.57,26055.29857142857,25960.112857142856,25960.112857142856,target,3,8.201935614588077,0.01,0.020000000000000514,16.403871229176154,0.0008201935614588077,0.019179806438541707,2.0000000000000515,1.9179806438541707
2025-11-18 15:00:00+00:00,2025-11-18 15:05:00+00:00,2025-11-18 15:05:00+00:00,2025-11-18,opening_followthrough_30m,imbalance_down,imbalance_opening_range_breakout,short,24379.41,24447.498571428572,24243.23285714286,24447.498571428572,stop,1,3.5805436196550784,0.01,-0.009999999999999995,7.161087239310157,0.00035805436196550787,-0.010358054361965503,-0.9999999999999994,-1.0358054361965503
2025-11-19 15:00:00+00:00,2025-11-19 15:05:00+00:00,2025-11-19 15:25:00+00:00,2025-11-19,opening_followthrough_30m,imbalance_up,imbalance_opening_range_breakout,long,24860.59,24810.780714285713,24960.20857142857,24891.09,phase_end,5,4.9911556938608825,0.01,0.006123356230192115,9.982311387721765,0.0004991155693860883,0.005624240660806027,0.6123356230192115,0.5624240660806027
2025-12-02 15:00:00+00:00,2025-12-02 15:05:00+00:00,2025-12-02 15:25:00+00:00,2025-12-02,opening_followthrough_30m,imbalance_up,imbalance_opening_range_breakout,long,25598.51,25564.724285714285,25666.081428571426,25564.724285714285,stop,5,7.57672600422833,0.01,-0.009999999999999995,15.15345200845666,0.0007576726004228331,-0.010757672600422829,-0.9999999999999994,-1.075767260042283
2025-12-03 15:00:00+00:00,2025-12-03 15:05:00+00:00,2025-12-03 15:10:00+00:00,2025-12-03,opening_followthrough_30m,balance,balance_value_rejection,long,25536.230000000003,25474.037142857145,25660.615714285716,25474.037142857145,stop,2,4.1059747329734835,0.01,-0.010000000000000198,8.211949465946967,0.0004105974732973484,-0.010410597473297546,-1.0000000000000198,-1.0410597473297545
2025-12-03 15:20:00+00:00,2025-12-03 15:25:00+00:00,2025-12-03 15:25:00+00:00,2025-12-03,opening_followthrough_30m,balance,balance_value_rejection,long,25513.6,25459.196428571428,25622.40714285714,25492.480000000003,phase_end,1,4.6896921158012566,0.01,-0.003882098076543412,9.379384231602513,0.00046896921158012567,-0.004351067288123537,-0.38820980765434115,-0.43510672881235374
2025-12-05 15:00:00+00:00,2025-12-05 15:05:00+00:00,2025-12-05 15:25:00+00:00,2025-12-05,opening_followthrough_30m,imbalance_up,imbalance_opening_range_breakout,long,25778.13,25740.870000000003,25852.65,25803.63,phase_end,5,6.918446054750508,0.01,0.006843800322062056,13.836892109501015,0.0006918446054750508,0.006151955716587006,0.6843800322062056,0.6151955716587005
