variant,signal_time,entry_time,exit_time,session_date,phase,day_regime,setup,side,trend_bias,trend_model,trend_risk_multiplier,entry_price,initial_stop_price,final_stop_price,target_price,exit_price,exit_reason,holding_bars,holding_minutes,notional_fraction,base_notional_fraction,added_notional_fraction,scale_count,scale_signal_time,scale_signal_poc,scale_entry_time,scale_entry_price,scale_poc,locked_net_profit_at_scale,stop_was_raised,poc_cross_count,aligned_poc_cross_count,qualified_scale_signal_count,scale_rejection_reason,scale_trigger,chart_acceptance_count,risk_fraction_deployed,gross_return,one_way_turnover,execution_cost,net_return,gross_r_multiple,net_r_multiple
reserved_3d_10d_trail_30m,2024-01-05 15:00:00+00:00,2024-01-05 15:02:00+00:00,2024-01-05 15:06:00+00:00,2024-01-05,opening_followthrough_30m,balance,balance_value_rejection,long,neutral,3_10,0.5625,16368.2,16348.934285714287,16373.016428571429,16406.73142857143,16406.73142857143,target,3,6,4.779014348212973,4.779014348212973,0.0,0,,,,,,0.0,True,0,0,0,not_signaled,none,0,0.005625,0.011250000000000189,9.558028696425946,0.0004779014348212973,0.01077209856517889,2.0000000000000338,1.9150397449206917
reserved_3d_10d_trail_30m,2024-01-16 15:12:00+00:00,2024-01-16 15:14:00+00:00,2024-01-16 15:22:00+00:00,2024-01-16,opening_followthrough_30m,balance,balance_value_rejection,long,neutral,3_10,0.5625,16817.15,16792.912142857145,16823.209464285716,16865.625714285718,16865.625714285718,target,5,10,3.9028396030412673,3.9028396030412673,0.0,0,,,,,,0.0,True,1,0,0,not_signaled,none,0,0.005625,0.011250000000000733,7.805679206082535,0.00039028396030412675,0.010859716039696607,2.0000000000001306,1.9306161848349526
reserved_3d_10d_trail_30m,2024-02-14 15:18:00+00:00,2024-02-14 15:20:00+00:00,2024-02-14 15:28:00+00:00,2024-02-14,opening_followthrough_30m,imbalance_up,imbalance_opening_range_breakout,long,neutral,3_10,0.5625,17760.780000000002,17741.47785714286,17741.47785714286,17799.384285714288,17772.27,window_end,5,10,5.175818469452027,5.175818469452027,0.0,0,,,,,,0.0,False,1,0,0,not_signaled,none,0,0.005625,0.003348397661251467,10.351636938904054,0.0005175818469452027,0.0028308158143062643,0.5952706953335942,0.5032561447655581
reserved_3d_10d_trail_30m,2024-02-15 15:02:00+00:00,2024-02-15 15:04:00+00:00,2024-02-15 15:06:00+00:00,2024-02-15,opening_followthrough_30m,balance,balance_value_rejection,short,neutral,3_10,0.5625,17735.72,17756.842142857146,17756.842142857146,17693.475714285716,17756.842142857146,stop,2,4,4.723167799533225,4.723167799533225,0.0,0,,,,,,0.0,False,0,0,0,not_signaled,none,0,0.005624999999999999,-0.005625000000000224,9.44633559906645,0.0004723167799533225,-0.006097316779953546,-1.00000000000004,-1.0839674275472972
reserved_3d_10d_trail_30m,2024-02-16 15:00:00+00:00,2024-02-16 15:02:00+00:00,2024-02-16 15:04:00+00:00,2024-02-16,opening_followthrough_30m,imbalance_down,imbalance_opening_range_breakout,short,neutral,3_10,0.5625,17667.33,17693.915,17693.915,17614.160000000003,17693.915,stop,2,4,3.7381505078051664,3.7381505078051664,0.0,0,,,,,,0.0,False,0,0,0,not_signaled,none,0,0.005625,-0.005625000000000146,7.476301015610333,0.00037381505078051667,-0.005998815050780663,-1.000000000000026,-1.0664560090276733
reserved_3d_10d_trail_30m,2024-02-16 15:26:00+00:00,2024-02-16 15:28:00+00:00,2024-02-16 15:28:00+00:00,2024-02-16,opening_followthrough_30m,imbalance_down,imbalance_opening_range_breakout,short,neutral,3_10,0.5625,17685.850000000002,17708.84285714286,17708.84285714286,17639.864285714288,17704.72,window_end,1,2,4.3266874417519805,4.3266874417519805,0.0,0,,,,,,0.0,False,0,0,0,not_signaled,none,0,0.005625,-0.004616379310344386,8.653374883503961,0.00043266874417519807,-0.005049048054519584,-0.8206896551723353,-0.8976085430257038
reserved_3d_10d_trail_30m,2024-02-20 15:08:00+00:00,2024-02-20 15:10:00+00:00,2024-02-20 15:26:00+00:00,2024-02-20,opening_followthrough_30m,imbalance_down,imbalance_opening_range_breakout,short,neutral,3_10,0.5625,17483.260000000002,17505.257142857146,17477.760714285716,17439.265714285717,17477.760714285716,trailing_stop,9,18,4.470732319132368,4.470732319132368,0.0,0,,,,,,0.0,True,0,0,0,not_signaled,none,2,0.005625,0.0014062500000002313,8.941464638264735,0.0004470732319132368,0.0009591767680869946,0.25000000000004113,0.17052031432657683
reserved_3d_10d_trail_30m,2024-02-27 15:00:00+00:00,2024-02-27 15:02:00+00:00,2024-02-27 15:04:00+00:00,2024-02-27,opening_followthrough_30m,balance,balance_value_rejection,long,long,3_10,0.75,17974.010000000002,17954.652142857147,17954.652142857147,18012.725714285716,17954.652142857147,stop,2,4,6.963842847127734,6.963842847127734,0.0,0,,,,,,0.0,False,0,0,0,not_signaled,none,0,0.0075,-0.007499999999999812,13.927685694255468,0.0006963842847127734,-0.008196384284712586,-0.999999999999975,-1.0928512379616782
reserved_3d_10d_trail_30m,2024-02-27 15:18:00+00:00,2024-02-27 15:20:00+00:00,2024-02-27 15:24:00+00:00,2024-02-27,opening_followthrough_30m,balance,balance_value_rejection,long,long,3_10,0.75,17992.260000000002,17973.963571428572,17973.963571428572,18028.852857142858,17973.963571428572,stop,3,6,7.375316416162469,7.375316416162469,0.0,0,,,,,,0.0,False,0,0,0,not_signaled,none,0,0.0075,-0.0075000000000003154,14.750632832324937,0.0007375316416162469,-0.008237531641616563,-1.0000000000000422,-1.0983375522155419
reserved_3d_10d_trail_30m,2024-03-05 15:08:00+00:00,2024-03-05 15:10:00+00:00,2024-03-05 15:24:00+00:00,2024-03-05,opening_followthrough_30m,imbalance_down,imbalance_opening_range_breakout,short,neutral,3_10,0.5625,17977.210000000003,18001.128571428573,17971.23035714286,17929.372857142862,17929.372857142862,target,8,16,4.227752754882677,4.227752754882677,0.0,0,,,,,,0.0,True,1,0,0,not_signaled,none,0,0.005625,0.011249999999999628,8.455505509765354,0.00042277527548826774,0.01082722472451136,1.999999999999934,1.924839951024242
reserved_3d_10d_trail_30m,2024-03-07 15:14:00+00:00,2024-03-07 15:16:00+00:00,2024-03-07 15:28:00+00:00,2024-03-07,opening_followthrough_30m,imbalance_up,imbalance_opening_range_breakout,long,long,3_10,0.75,18206.710000000003,18186.64142857143,18186.64142857143,18246.847142857147,18215.7,window_end,7,14,6.8041876067767,6.8041876067767,0.0,0,,,,,,0.0,False,0,0,0,not_signaled,none,0,0.0075,0.0033597309225506153,13.6083752135534,0.00068041876067767,0.0026793121618729453,0.4479641230067487,0.3572416215830594
reserved_3d_10d_trail_30m,2024-03-15 14:00:00+00:00,2024-03-15 14:02:00+00:00,2024-03-15 14:10:00+00:00,2024-03-15,opening_followthrough_30m,imbalance_down,imbalance_opening_range_breakout,short,neutral,3_10,0.5625,17845.370000000003,17874.023571428574,17874.023571428574,17788.06285714286,17874.023571428574,stop,5,10,3.503235416926356,3.503235416926356,0.0,0,,,,,,0.0,False,0,0,0,not_signaled,none,0,0.005625,-0.005625000000000212,7.006470833852712,0.0003503235416926356,-0.005975323541692848,-1.0000000000000377,-1.0622797407453952
reserved_3d_10d_trail_30m,2024-03-27 14:00:00+00:00,2024-03-27 14:02:00+00:00,2024-03-27 14:02:00+00:00,2024-03-27,opening_followthrough_30m,imbalance_down,imbalance_opening_range_breakout,short,neutral,3_10,0.5625,18229.800000000003,18248.767142857145,18248.767142857145,18191.865714285716,18191.865714285716,target,1,2,5.406329554869231,5.406329554869231,0.0,0,,,,,,0.0,False,0,0,0,not_signaled,none,0,0.005625,0.0112500000000006,10.812659109738462,0.0005406329554869231,0.010709367044513677,2.0000000000001066,1.9038874745802092
reserved_3d_10d_trail_30m,2024-04-05 14:08:00+00:00,2024-04-05 14:10:00+00:00,2024-04-05 14:20:00+00:00,2024-04-05,opening_followthrough_30m,balance,balance_value_rejection,long,short,3_10,0.375,18035.97,18010.710714285717,18042.284821428573,18086.48857142857,18042.284821428573,trailing_stop,6,12,2.6776247066143055,2.6776247066143055,0.0,0,,,,,,0.0,True,1,0,0,not_signaled,none,0,0.00375,0.0009374999999998175,5.355249413228611,0.00026776247066143057,0.0006697375293383869,0.24999999999995134,0.17859667449023653
reserved_3d_10d_trail_30m,2024-04-09 14:26:00+00:00,2024-04-09 14:28:00+00:00,2024-04-09 14:28:00+00:00,2024-04-09,opening_followthrough_30m,balance,balance_value_rejection,short,neutral,3_10,0.5625,18144.140000000003,18161.180714285718,18161.180714285718,18110.058571428573,18110.058571428573,target,1,2,5.989231776837086,5.989231776837086,0.0,0,,,,,,0.0,False,0,0,0,not_signaled,none,0,0.005625,0.011250000000000617,11.978463553674173,0.0005989231776837087,0.010651076822316908,2.0000000000001097,1.8935247684118948
reserved_3d_10d_trail_30m,2024-04-15 14:08:00+00:00,2024-04-15 14:10:00+00:00,2024-04-15 14:10:00+00:00,2024-04-15,opening_followthrough_30m,balance,balance_value_rejection,short,short,3_10,0.75,18091.66,18112.99357142857,18112.99357142857,18048.992857142857,18048.992857142857,target,1,2,6.360278233501663,6.360278233501663,0.0,0,,,,,,0.0,False,0,0,0,not_signaled,none,0,0.0075,0.014999999999999748,12.720556467003327,0.0006360278233501664,0.014363972176649581,1.9999999999999665,1.9151962902199442
reserved_3d_10d_trail_30m,2024-04-18 14:08:00+00:00,2024-04-18 14:10:00+00:00,2024-04-18 14:28:00+00:00,2024-04-18,opening_followthrough_30m,balance,balance_value_rejection,long,short,3_10,0.375,17504.81,17478.955714285716,17478.955714285716,17556.518571428573,17514.81,window_end,10,20,2.538961556525589,2.538961556525589,0.0,0,,,,,,0.0,False,0,0,0,not_signaled,none,0,0.00375,0.0014504365123219473,5.077923113051178,0.0002538961556525589,0.0011965403566693883,0.38678306995251927,0.31907742844517023
reserved_3d_10d_trail_30m,2024-04-26 14:02:00+00:00,2024-04-26 14:04:00+00:00,2024-04-26 14:06:00+00:00,2024-04-26,opening_followthrough_30m,imbalance_up,imbalance_opening_range_breakout,long,neutral,3_10,0.5625,17695.95,17668.63142857143,17668.63142857143,17750.587142857144,17668.63142857143,stop,2,4,3.6436648603774606,3.6436648603774606,0.0,0,,,,,,0.0,False,0,0,0,not_signaled,none,0,0.005625,-0.005625000000000025,7.287329720754921,0.0003643664860377461,-0.005989366486037771,-1.0000000000000044,-1.0647762641844927
reserved_3d_10d_trail_30m,2024-04-30 14:12:00+00:00,2024-04-30 14:14:00+00:00,2024-04-30 14:26:00+00:00,2024-04-30,opening_followthrough_30m,balance,balance_value_rejection,long,long,3_10,0.75,17757.29,17738.009285714288,17738.009285714288,17795.851428571426,17738.009285714288,stop,7,14,6.907403586115191,6.907403586115191,0.0,0,,,,,,0.0,False,0,0,0,not_signaled,none,0,0.0075,-0.007499999999999997,13.814807172230381,0.0006907403586115191,-0.008190740358611516,-0.9999999999999997,-1.0920987144815355
reserved_3d_10d_trail_30m,2024-05-09 14:22:00+00:00,2024-05-09 14:24:00+00:00,2024-05-09 14:28:00+00:00,2024-05-09,opening_followthrough_30m,balance,balance_value_rejection,long,neutral,3_10,0.5625,18070.4,18053.89285714286,18053.89285714286,18103.41428571429,18060.78,window_end,3,6,6.157697966248028,6.157697966248028,0.0,0,,,,,,0.0,False,0,0,0,not_signaled,none,0,0.005625,-0.003278126352229303,12.315395932496056,0.0006157697966248029,-0.003893896148854106,-0.5827780181740984,-0.69224820424073
reserved_3d_10d_trail_30m,2024-06-05 14:22:00+00:00,2024-06-05 14:24:00+00:00,2024-06-05 14:28:00+00:00,2024-06-05,opening_followthrough_30m,imbalance_up,imbalance_opening_range_breakout,long,neutral,3_10,0.5625,18832.980000000003,18811.92142857143,18838.244642857146,18875.097142857147,18856.480000000003,window_end,3,6,5.030517519164118,5.030517519164118,0.0,0,,,,,,0.0,True,0,0,0,not_signaled,none,0,0.005625,0.006277135201139589,10.061035038328235,0.0005030517519164117,0.005774083449223177,1.1159351468692602,1.0265037243063426
reserved_3d_10d_trail_30m,2024-06-10 14:08:00+00:00,2024-06-10 14:10:00+00:00,2024-06-10 14:12:00+00:00,2024-06-10,opening_followthrough_30m,balance,balance_value_rejection,long,neutral,3_10,0.5625,18988.960000000003,18973.505,18973.505,19019.870000000003,18973.505,stop,2,4,6.911219670009623,6.911219670009623,0.0,0,,,,,,0.0,False,0,0,0,not_signaled,none,0,0.005625,-0.005625000000000934,13.822439340019246,0.0006911219670009623,-0.006316121967001896,-1.000000000000166,-1.1228661274670038
reserved_3d_10d_trail_30m,2024-06-20 14:08:00+00:00,2024-06-20 14:10:00+00:00,2024-06-20 14:12:00+00:00,2024-06-20,opening_followthrough_30m,balance,balance_value_rejection,short,long,3_10,0.375,19912.61,19928.29,19908.690000000002,19881.25,19881.25,target,2,4,4.762263233418279,4.762263233418279,0.0,0,,,,,,0.0,True,1,0,0,not_signaled,none,0,0.00375,0.0074999999999997655,9.524526466836559,0.0004762263233418279,0.007023773676657938,1.9999999999999376,1.87300631377545
reserved_3d_10d_trail_30m,2024-06-24 14:00:00+00:00,2024-06-24 14:02:00+00:00,2024-06-24 14:14:00+00:00,2024-06-24,opening_followthrough_30m,balance,balance_value_rejection,long,neutral,3_10,0.5625,19761.22,19733.275,19733.275,19817.110000000004,19733.275,stop,7,14,3.97770128824466,3.97770128824466,0.0,0,,,,,,0.0,False,1,0,0,not_signaled,none,0,0.005625,-0.005624999999999662,7.95540257648932,0.000397770128824466,-0.006022770128824129,-0.99999999999994,-1.070714689568734
reserved_3d_10d_trail_30m,2024-06-27 14:14:00+00:00,2024-06-27 14:16:00+00:00,2024-06-27 14:18:00+00:00,2024-06-27,opening_followthrough_30m,imbalance_up,imbalance_opening_range_breakout,long,neutral,3_10,0.5625,19892.210000000003,19868.405000000002,19868.405000000002,19939.82,19868.405000000002,stop,2,4,4.700427693761963,4.700427693761963,0.0,0,,,,,,0.0,False,0,0,0,not_signaled,none,0,0.005625,-0.00562500000000049,9.400855387523926,0.0004700427693761963,-0.006095042769376686,-1.000000000000087,-1.0835631590002996
reserved_3d_10d_trail_30m,2024-06-28 14:00:00+00:00,2024-06-28 14:02:00+00:00,2024-06-28 14:04:00+00:00,2024-06-28,opening_followthrough_30m,imbalance_up,imbalance_opening_range_breakout,long,long,3_10,0.75,19968.94,19948.809999999998,19973.9725,20009.199999999997,20009.199999999997,target,2,4,7.439992548435274,7.439992548435274,0.0,0,,,,,,0.0,True,0,0,0,not_signaled,none,0,0.0075,0.01499999999999998,14.879985096870548,0.0007439992548435274,0.014256000745156453,1.9999999999999976,1.9008000993541938
reserved_3d_10d_trail_30m,2024-07-01 14:12:00+00:00,2024-07-01 14:14:00+00:00,2024-07-01 14:16:00+00:00,2024-07-01,opening_followthrough_30m,imbalance_down,imbalance_opening_range_breakout,short,neutral,3_10,0.5625,19629.06,19657.072142857145,19657.072142857145,19573.035714285717,19657.072142857145,stop,2,4,3.941628566693107,3.941628566693107,0.0,0,,,,,,0.0,False,0,0,0,not_signaled,none,0,0.005625,-0.005625000000000397,7.883257133386214,0.0003941628566693107,-0.006019162856669708,-1.0000000000000706,-1.0700733967412814
reserved_3d_10d_trail_30m,2024-07-05 14:00:00+00:00,2024-07-05 14:02:00+00:00,2024-07-05 14:06:00+00:00,2024-07-05,opening_followthrough_30m,imbalance_up,imbalance_opening_range_breakout,long,long,3_10,0.75,20337.65,20313.944285714286,20313.944285714286,20385.06142857143,20313.944285714286,stop,3,6,6.434413794142513,6.434413794142513,0.0,0,,,,,,0.0,False,0,0,0,not_signaled,none,0,0.0075,-0.007500000000000787,12.868827588285026,0.0006434413794142513,-0.008143441379415039,-1.000000000000105,-1.0857921839220053
reserved_3d_10d_trail_30m,2024-07-10 14:04:00+00:00,2024-07-10 14:06:00+00:00,2024-07-10 14:18:00+00:00,2024-07-10,opening_followthrough_30m,imbalance_up,imbalance_opening_range_breakout,long,long,3_10,0.75,20587.47,20571.685714285715,20571.685714285715,20619.038571428573,20571.685714285715,stop,7,14,9.782262421938173,9.782262421938173,0.0,0,,,,,,0.0,False,0,0,0,not_signaled,none,0,0.0075,-0.007499999999999252,19.564524843876345,0.0009782262421938173,-0.00847822624219307,-0.9999999999999003,-1.1304301656257427
reserved_3d_10d_trail_30m,2024-07-11 14:08:00+00:00,2024-07-11 14:10:00+00:00,2024-07-11 14:12:00+00:00,2024-07-11,opening_followthrough_30m,balance,balance_value_rejection,short,long,3_10,0.375,20623.92,20647.072857142855,20647.072857142855,20577.61428571428,20577.61428571428,target,2,4,3.3403955081136334,3.3403955081136334,0.0,0,,,,,,0.0,False,0,0,0,not_signaled,none,0,0.00375,0.007500000000000143,6.680791016227267,0.0003340395508113634,0.00716596044918878,2.000000000000038,1.9109227864503413
reserved_3d_10d_trail_30m,2024-07-24 14:00:00+00:00,2024-07-24 14:02:00+00:00,2024-07-24 14:28:00+00:00,2024-07-24,opening_followthrough_30m,imbalance_down,imbalance_opening_range_breakout,short,short,3_10,0.75,19350.84,19380.470714285715,19380.470714285715,19291.57857142857,19342.34,window_end,14,28,4.898002073138416,4.898002073138416,0.0,0,,,,,,0.0,False,0,0,0,not_signaled,none,0,0.0075,0.002151483740327221,9.796004146276832,0.0004898002073138416,0.0016616835330133793,0.2868644987102961,0.2215578044017839
reserved_3d_10d_trail_30m,2024-07-25 14:02:00+00:00,2024-07-25 14:04:00+00:00,2024-07-25 14:04:00+00:00,2024-07-25,opening_followthrough_30m,imbalance_down,imbalance_opening_range_breakout,short,short,3_10,0.75,18839.44,18882.821428571428,18882.821428571428,18752.67714285714,18882.821428571428,stop,1,2,3.2570573319722445,3.2570573319722445,0.0,0,,,,,,0.0,False,0,0,0,not_signaled,none,0,0.0075,-0.007500000000000077,6.514114663944489,0.0003257057331972245,-0.007825705733197302,-1.0000000000000102,-1.0434274310929736
reserved_3d_10d_trail_30m,2024-07-31 14:00:00+00:00,2024-07-31 14:02:00+00:00,2024-07-31 14:24:00+00:00,2024-07-31,opening_followthrough_30m,imbalance_up,imbalance_opening_range_breakout,long,neutral,3_10,0.5625,19304.94,19268.019285714287,19314.17017857143,19378.781428571427,19314.17017857143,trailing_stop,12,24,2.9411751533208674,2.9411751533208674,0.0,0,,,,,,0.0,True,0,0,0,not_signaled,none,0,0.005625,0.001406249999999992,5.882350306641735,0.0002941175153320868,0.0011121324846679053,0.24999999999999858,0.19771244171873872
reserved_3d_10d_trail_30m,2024-08-02 14:04:00+00:00,2024-08-02 14:06:00+00:00,2024-08-02 14:24:00+00:00,2024-08-02,opening_followthrough_30m,imbalance_down,imbalance_opening_range_breakout,short,short,3_10,0.75,18384.01,18445.512857142858,18368.634285714284,18261.004285714283,18368.634285714284,trailing_stop,10,20,2.2418482881166746,2.2418482881166746,0.0,0,,,,,,0.0,True,0,0,0,not_signaled,none,0,0.0075,0.0018749999999999357,4.483696576233349,0.00022418482881166746,0.0016508151711882683,0.24999999999999145,0.22010868949176912
reserved_3d_10d_trail_30m,2024-08-06 14:06:00+00:00,2024-08-06 14:08:00+00:00,2024-08-06 14:28:00+00:00,2024-08-06,opening_followthrough_30m,imbalance_up,imbalance_opening_range_breakout,long,short,3_10,0.375,18102.050000000003,18044.347142857143,18044.347142857143,18217.45571428572,18068.18,window_end,11,22,1.1764181335412636,1.1764181335412636,0.0,0,,,,,,0.0,False,0,0,0,not_signaled,none,0,0.00375,-0.002201147504456421,2.352836267082527,0.00011764181335412637,-0.0023187893178105473,-0.5869726678550456,-0.6183438180828127
reserved_3d_10d_trail_30m,2024-08-15 14:00:00+00:00,2024-08-15 14:02:00+00:00,2024-08-15 14:04:00+00:00,2024-08-15,opening_followthrough_30m,imbalance_up,imbalance_opening_range_breakout,long,long,3_10,0.75,19388.69,19362.017857142855,19362.017857142855,19442.034285714282,19362.017857142855,stop,2,4,5.45194946573477,5.45194946573477,0.0,0,,,,,,0.0,False,0,0,0,not_signaled,none,0,0.007499999999999999,-0.007500000000000255,10.90389893146954,0.000545194946573477,-0.008045194946573731,-1.0000000000000342,-1.0726926595431643
reserved_3d_10d_trail_30m,2024-08-21 14:02:00+00:00,2024-08-21 14:04:00+00:00,2024-08-21 14:14:00+00:00,2024-08-21,opening_followthrough_30m,imbalance_up,imbalance_opening_range_breakout,long,long,3_10,0.75,19823.7,19803.08785714286,19803.08785714286,19864.924285714285,19803.08785714286,stop,6,12,7.213114668884508,7.213114668884508,0.0,0,,,,,,0.0,False,0,0,0,not_signaled,none,0,0.0075,-0.007500000000000175,14.426229337769016,0.0007213114668884508,-0.008221311466888625,-1.0000000000000233,-1.0961748622518168
reserved_3d_10d_trail_30m,2024-08-21 14:18:00+00:00,2024-08-21 14:20:00+00:00,2024-08-21 14:24:00+00:00,2024-08-21,opening_followthrough_30m,imbalance_up,imbalance_opening_range_breakout,long,long,3_10,0.75,19821.7,19797.847142857143,19797.847142857143,19869.405714285716,19797.847142857143,stop,3,6,6.23249236389773,6.23249236389773,0.0,0,,,,,,0.0,False,0,0,0,not_signaled,none,0,0.0075,-0.007499999999999909,12.46498472779546,0.0006232492363897731,-0.008123249236389681,-0.9999999999999879,-1.0830998981852908
reserved_3d_10d_trail_30m,2024-08-22 14:08:00+00:00,2024-08-22 14:10:00+00:00,2024-08-22 14:28:00+00:00,2024-08-22,opening_followthrough_30m,balance,balance_value_rejection,short,long,3_10,0.375,19834.08,19861.17285714286,19861.17285714286,19779.894285714287,19841.83,window_end,10,20,2.745291853414137,2.745291853414137,0.0,0,,,,,,0.0,False,0,0,0,not_signaled,none,0,0.00375,-0.0010726997099920097,5.490583706828274,0.00027452918534141374,-0.0013472288953334235,-0.2860532559978693,-0.35926103875557963
reserved_3d_10d_trail_30m,2024-09-03 14:12:00+00:00,2024-09-03 14:14:00+00:00,2024-09-03 14:28:00+00:00,2024-09-03,opening_followthrough_30m,imbalance_down,imbalance_opening_range_breakout,short,short,3_10,0.75,19263.050000000003,19300.282142857144,19300.282142857144,19188.585714285717,19274.67,window_end,8,16,3.8803266187050367,3.8803266187050367,0.0,0,,,,,,0.0,False,0,0,0,not_signaled,none,0,0.0075,-0.0023407194244591143,7.760653237410073,0.0003880326618705037,-0.002728752086329618,-0.31209592326121527,-0.3638336115106158
reserved_3d_10d_trail_30m,2024-09-06 14:10:00+00:00,2024-09-06 14:12:00+00:00,2024-09-06 14:24:00+00:00,2024-09-06,opening_followthrough_30m,imbalance_down,imbalance_opening_range_breakout,short,short,3_10,0.75,18704.44,18745.995,18745.995,18621.329999999998,18621.329999999998,target,7,14,3.3758464685356517,3.3758464685356517,0.0,0,,,,,,0.0,False,0,0,0,not_signaled,none,0,0.0075,0.014999999999999993,6.7516929370713035,0.00033758464685356516,0.014662415353146427,1.9999999999999991,1.954988713752857
reserved_3d_10d_trail_30m,2024-09-09 14:10:00+00:00,2024-09-09 14:12:00+00:00,2024-09-09 14:14:00+00:00,2024-09-09,opening_followthrough_30m,imbalance_up,imbalance_opening_range_breakout,long,short,3_10,0.375,18690.32,18665.13,18665.13,18740.7,18665.13,stop,2,4,2.7824017467249207,2.7824017467249207,0.0,0,,,,,,0.0,False,0,0,0,not_signaled,none,0,0.00375,-0.0037499999999998234,5.564803493449841,0.0002782401746724921,-0.0040282401746723154,-0.9999999999999529,-1.0741973799126174
reserved_3d_10d_trail_30m,2024-09-13 14:06:00+00:00,2024-09-13 14:08:00+00:00,2024-09-13 14:12:00+00:00,2024-09-13,opening_followthrough_30m,imbalance_up,imbalance_opening_range_breakout,long,long,3_10,0.75,19486.22,19456.308571428573,19456.308571428573,19546.04285714286,19456.308571428573,stop,3,6,4.885980275097884,4.885980275097884,0.0,0,,,,,,0.0,False,0,0,0,not_signaled,none,0,0.0075,-0.007499999999999654,9.771960550195768,0.0004885980275097884,-0.007988598027509442,-0.9999999999999538,-1.0651464036679257
reserved_3d_10d_trail_30m,2024-09-20 14:10:00+00:00,2024-09-20 14:12:00+00:00,2024-09-20 14:24:00+00:00,2024-09-20,opening_followthrough_30m,imbalance_down,imbalance_opening_range_breakout,short,long,3_10,0.375,19788.63,19813.363571428574,19813.363571428574,19739.16285714286,19813.363571428574,stop,7,14,3.000268793138267,3.000268793138267,0.0,0,,,,,,0.0,False,0,0,0,not_signaled,none,0,0.00375,-0.0037499999999999587,6.000537586276534,0.0003000268793138267,-0.004050026879313785,-0.999999999999989,-1.0800071678170093
reserved_3d_10d_trail_30m,2024-09-24 14:00:00+00:00,2024-09-24 14:02:00+00:00,2024-09-24 14:02:00+00:00,2024-09-24,opening_followthrough_30m,balance,balance_value_rejection,short,long,3_10,0.375,19853.53,19875.495,19875.495,19809.6,19809.6,target,1,2,3.3895168449807085,3.3895168449807085,0.0,0,,,,,,0.0,False,0,0,0,not_signaled,none,0,0.00375,0.007499999999999994,6.779033689961417,0.00033895168449807084,0.007161048315501923,1.9999999999999984,1.9096128841338462
reserved_3d_10d_trail_30m,2024-09-25 14:04:00+00:00,2024-09-25 14:06:00+00:00,2024-09-25 14:22:00+00:00,2024-09-25,opening_followthrough_30m,imbalance_up,imbalance_opening_range_breakout,long,long,3_10,0.75,20053.47,20033.308571428573,20058.51035714286,20093.792857142857,20058.51035714286,trailing_stop,9,18,7.459839686813716,7.459839686813716,0.0,0,,,,,,0.0,True,0,0,0,not_signaled,none,0,0.0075,0.0018749999999998891,14.919679373627432,0.0007459839686813716,0.0011290160313185175,0.24999999999998523,0.15053547084246902
reserved_3d_10d_trail_30m,2024-10-01 14:08:00+00:00,2024-10-01 14:10:00+00:00,2024-10-01 14:20:00+00:00,2024-10-01,opening_followthrough_30m,imbalance_down,imbalance_opening_range_breakout,short,neutral,3_10,0.5625,19787.76,19828.41357142857,19777.596607142856,19706.452857142856,19777.596607142856,trailing_stop,6,12,2.737918123517519,2.737918123517519,0.0,0,,,,,,0.0,True,0,0,0,not_signaled,none,0,0.005625,0.0014062499999999416,5.475836247035038,0.0002737918123517519,0.0011324581876481898,0.24999999999998962,0.20132590002634485
reserved_3d_10d_trail_30m,2024-10-11 14:04:00+00:00,2024-10-11 14:06:00+00:00,2024-10-11 14:06:00+00:00,2024-10-11,opening_followthrough_30m,balance,balance_value_rejection,long,neutral,3_10,0.5625,20210.31,20190.29642857143,20190.29642857143,20250.337142857144,20250.337142857144,target,1,2,5.680295201470311,5.680295201470311,0.0,0,,,,,,0.0,False,0,0,0,not_signaled,none,0,0.005625,0.01124999999999993,11.360590402940622,0.0005680295201470311,0.0106819704798529,1.9999999999999876,1.8990169741960712
reserved_3d_10d_trail_30m,2024-10-25 14:00:00+00:00,2024-10-25 14:02:00+00:00,2024-10-25 14:04:00+00:00,2024-10-25,opening_followthrough_30m,imbalance_up,imbalance_opening_range_breakout,long,neutral,3_10,0.5625,20563.42,20540.914999999997,20540.914999999997,20608.43,20540.914999999997,stop,2,4,5.139712841590406,5.139712841590406,0.0,0,,,,,,0.0,False,0,0,0,not_signaled,none,0,0.005625,-0.005625000000000028,10.279425683180811,0.0005139712841590406,-0.006138971284159069,-1.000000000000005,-1.09137267273939
reserved_3d_10d_trail_30m,2024-10-25 14:18:00+00:00,2024-10-25 14:20:00+00:00,2024-10-25 14:22:00+00:00,2024-10-25,opening_followthrough_30m,imbalance_up,imbalance_opening_range_breakout,long,neutral,3_10,0.5625,20546.67,20525.588571428572,20525.588571428572,20588.832857142854,20588.832857142854,target,2,4,5.482314367757955,5.482314367757955,0.0,0,,,,,,0.0,False,0,0,0,not_signaled,none,0,0.005625,0.011249999999999977,10.96462873551591,0.0005482314367757956,0.010701768563224181,1.999999999999996,1.9025366334620768
reserved_3d_10d_trail_30m,2024-10-29 14:02:00+00:00,2024-10-29 14:04:00+00:00,2024-10-29 14:24:00+00:00,2024-10-29,opening_followthrough_30m,balance,balance_value_rejection,long,long,3_10,0.75,20423.17,20396.66857142857,20429.795357142855,20476.172857142854,20476.172857142854,target,11,22,5.779830871651287,5.779830871651287,0.0,0,,,,,,0.0,True,0,0,0,not_signaled,none,0,0.0075,0.0150000000000001,11.559661743302573,0.0005779830871651288,0.014422016912834972,2.0000000000000133,1.9229355883779964
reserved_3d_10d_trail_30m,2024-10-31 14:00:00+00:00,2024-10-31 14:02:00+00:00,2024-10-31 14:06:00+00:00,2024-10-31,opening_followthrough_30m,imbalance_down,imbalance_opening_range_breakout,short,neutral,3_10,0.5625,20039.51,20074.35,20074.35,19969.83,20074.35,stop,3,6,3.2354260548221743,3.2354260548221743,0.0,0,,,,,,0.0,False,0,0,0,not_signaled,none,0,0.005625,-0.005624999999999932,6.4708521096443485,0.00032354260548221744,-0.00594854260548215,-0.999999999999988,-1.0575186854190488
reserved_3d_10d_trail_30m,2024-10-31 14:10:00+00:00,2024-10-31 14:12:00+00:00,2024-10-31 14:14:00+00:00,2024-10-31,opening_followthrough_30m,imbalance_down,imbalance_opening_range_breakout,short,neutral,3_10,0.5625,20023.640000000003,20055.283571428572,20055.283571428572,19960.35285714286,20055.283571428572,stop,2,4,3.5594267623757263,3.5594267623757263,0.0,0,,,,,,0.0,False,0,0,0,not_signaled,none,0,0.005625,-0.005624999999999668,7.118853524751453,0.00035594267623757265,-0.00598094267623724,-0.9999999999999409,-1.0632786979977316
reserved_3d_10d_trail_30m,2024-11-01 14:06:00+00:00,2024-11-01 14:08:00+00:00,2024-11-01 14:14:00+00:00,2024-11-01,opening_followthrough_30m,imbalance_up,imbalance_opening_range_breakout,long,short,3_10,0.375,20083.29,20059.272142857142,20089.294464285715,20131.325714285715,20131.325714285715,target,4,8,3.1356809665427505,3.1356809665427505,0.0,0,,,,,,0.0,True,0,0,0,not_signaled,none,0,0.0037499999999999994,0.0075000000000000075,6.271361933085501,0.00031356809665427504,0.0071864319033457325,2.000000000000002,1.9163818408921955
reserved_3d_10d_trail_30m,2024-11-04 15:00:00+00:00,2024-11-04 15:02:00+00:00,2024-11-04 15:28:00+00:00,2024-11-04,opening_followthrough_30m,balance,balance_value_rejection,long,short,3_10,0.375,20053.79,20024.232142857145,20065.29535714286,20112.905714285716,20091.54,window_end,14,28,2.5442207172373266,2.5442207172373266,0.0,0,,,,,,0.0,True,0,0,0,not_signaled,none,0,0.0037499999999999994,0.004789335685459418,5.088441434474653,0.00025442207172373266,0.004534913613735685,1.2771561827891784,1.2093102969961829
reserved_3d_10d_trail_30m,2024-11-05 15:22:00+00:00,2024-11-05 15:24:00+00:00,2024-11-05 15:28:00+00:00,2024-11-05,opening_followthrough_30m,imbalance_up,imbalance_opening_range_breakout,long,neutral,3_10,0.5625,20212.6,20190.461428571427,20190.461428571427,20256.877142857138,20190.461428571427,stop,3,6,5.135646415435448,5.135646415435448,0.0,0,,,,,,0.0,False,0,0,0,not_signaled,none,0,0.005625,-0.005625000000000252,10.271292830870896,0.0005135646415435448,-0.006138564641543797,-1.0000000000000449,-1.0913003807188972
reserved_3d_10d_trail_30m,2024-11-07 15:04:00+00:00,2024-11-07 15:06:00+00:00,2024-11-07 15:16:00+00:00,2024-11-07,opening_followthrough_30m,imbalance_up,imbalance_opening_range_breakout,long,long,3_10,0.75,21033.33,21014.114285714288,21014.114285714288,21071.76142857143,21014.114285714288,stop,6,12,8.209425507397096,8.209425507397096,0.0,0,,,,,,0.0,False,0,0,0,not_signaled,none,0,0.0075,-0.007499999999999514,16.418851014794193,0.0008209425507397097,-0.008320942550739223,-0.9999999999999353,-1.1094590067652297
reserved_3d_10d_trail_30m,2024-11-11 15:04:00+00:00,2024-11-11 15:06:00+00:00,2024-11-11 15:08:00+00:00,2024-11-11,opening_followthrough_30m,imbalance_down,imbalance_opening_range_breakout,short,long,3_10,0.375,21073.0,21096.284285714286,21096.284285714286,21026.431428571428,21096.284285714286,stop,2,4,3.393866188109742,3.393866188109742,0.0,0,,,,,,0.0,False,0,0,0,not_signaled,none,0,0.00375,-0.0037499999999997704,6.787732376219484,0.0003393866188109742,-0.004089386618810744,-0.9999999999999388,-1.0905030983495319
reserved_3d_10d_trail_30m,2024-11-13 15:00:00+00:00,2024-11-13 15:02:00+00:00,2024-11-13 15:06:00+00:00,2024-11-13,opening_followthrough_30m,imbalance_down,imbalance_opening_range_breakout,short,neutral,3_10,0.5625,21036.66,21062.23285714286,21062.23285714286,20985.514285714286,20985.514285714286,target,3,6,4.627219079939616,4.627219079939616,0.0,0,,,,,,0.0,False,0,0,0,not_signaled,none,0,0.005625,0.01124999999999991,9.254438159879232,0.0004627219079939616,0.010787278092005947,1.999999999999984,1.917738327467724
reserved_3d_10d_trail_30m,2024-11-14 15:18:00+00:00,2024-11-14 15:20:00+00:00,2024-11-14 15:20:00+00:00,2024-11-14,opening_followthrough_30m,imbalance_down,imbalance_opening_range_breakout,short,neutral,3_10,0.5625,20966.43,20990.27,20990.27,20918.75,20990.27,stop,1,2,4.946986944211379,4.946986944211379,0.0,0,,,,,,0.0,False,0,0,0,not_signaled,none,0,0.005625,-0.005625000000000303,9.893973888422758,0.0004946986944211379,-0.006119698694421441,-1.000000000000054,-1.087946434563812
reserved_3d_10d_trail_30m,2024-11-15 15:00:00+00:00,2024-11-15 15:02:00+00:00,2024-11-15 15:14:00+00:00,2024-11-15,opening_followthrough_30m,imbalance_down,imbalance_opening_range_breakout,short,neutral,3_10,0.5625,20599.2,20625.155,20589.457857142857,20547.29,20547.29,target,7,14,4.464284338277801,4.464284338277801,0.0,0,,,,,,0.0,True,0,0,0,not_signaled,none,1,0.005625,0.011250000000000074,8.928568676555601,0.0004464284338277801,0.010803571566172294,2.0000000000000133,1.9206349450972968
reserved_3d_10d_trail_30m,2024-11-21 15:00:00+00:00,2024-11-21 15:02:00+00:00,2024-11-21 15:12:00+00:00,2024-11-21,opening_followthrough_30m,balance,balance_value_rejection,short,short,3_10,0.75,20554.4,20610.819285714286,20610.819285714286,20441.56142857143,20610.819285714286,stop,6,12,2.7323635534961483,2.7323635534961483,0.0,0,,,,,,0.0,False,0,0,0,not_signaled,none,0,0.0075,-0.0074999999999998766,5.464727106992297,0.00027323635534961486,-0.007773236355349491,-0.9999999999999836,-1.036431514046599
reserved_3d_10d_trail_30m,2024-11-21 15:22:00+00:00,2024-11-21 15:24:00+00:00,2024-11-21 15:28:00+00:00,2024-11-21,opening_followthrough_30m,balance,balance_value_rejection,short,short,3_10,0.75,20554.9,20600.21785714286,20600.21785714286,20464.264285714286,20464.264285714286,target,3,6,3.401788162975802,3.401788162975802,0.0,0,,,,,,0.0,False,0,0,0,not_signaled,none,0,0.0075,0.0150000000000002,6.803576325951604,0.0003401788162975802,0.01465982118370262,2.0000000000000266,1.9546428244936829
reserved_3d_10d_trail_30m,2024-11-22 15:06:00+00:00,2024-11-22 15:08:00+00:00,2024-11-22 15:22:00+00:00,2024-11-22,opening_followthrough_30m,balance,balance_value_rejection,short,neutral,3_10,0.5625,20741.620000000003,20770.91571428572,20734.296071428573,20683.02857142857,20683.02857142857,target,8,16,3.9825488247913996,3.9825488247913996,0.0,0,,,,,,0.0,True,0,0,0,not_signaled,none,0,0.005625,0.011250000000000256,7.965097649582799,0.00039825488247913996,0.010851745117521116,2.0000000000000457,1.929199132003754
reserved_3d_10d_trail_30m,2024-11-26 15:16:00+00:00,2024-11-26 15:18:00+00:00,2024-11-26 15:28:00+00:00,2024-11-26,opening_followthrough_30m,balance,balance_value_rejection,short,long,3_10,0.375,20881.06,20908.09142857143,20908.09142857143,20826.997142857144,20908.09142857143,stop,6,12,2.8967753144487447,2.8967753144487447,0.0,0,,,,,,0.0,False,0,0,0,not_signaled,none,0,0.0037500000000000003,-0.0037500000000004236,5.793550628897489,0.0002896775314448745,-0.004039677531445298,-1.0000000000001128,-1.077247341718746
reserved_3d_10d_trail_30m,2024-11-29 15:04:00+00:00,2024-11-29 15:06:00+00:00,2024-11-29 15:14:00+00:00,2024-11-29,opening_followthrough_30m,imbalance_up,imbalance_opening_range_breakout,long,long,3_10,0.75,20881.24,20863.007142857143,20887.768571428573,20917.705714285716,20917.705714285716,target,5,10,8.589399827626666,8.589399827626666,0.0,0,,,,,,0.0,True,1,1,0,not_signaled,none,1,0.0075,0.014999999999998957,17.178799655253332,0.0008589399827626667,0.014141060017236291,1.999999999999861,1.885474668964839
reserved_3d_10d_trail_30m,2024-12-02 15:10:00+00:00,2024-12-02 15:12:00+00:00,2024-12-02 15:20:00+00:00,2024-12-02,opening_followthrough_30m,imbalance_up,imbalance_opening_range_breakout,long,long,3_10,0.75,21142.7,21121.167142857143,21121.167142857143,21185.765714285717,21121.167142857143,stop,5,10,7.3641063491009735,7.3641063491009735,0.0,0,,,,,,0.0,False,0,0,0,not_signaled,none,0,0.0075,-0.007500000000000624,14.728212698201947,0.0007364106349100974,-0.00823641063491072,-1.0000000000000833,-1.098188084654763
reserved_3d_10d_trail_30m,2024-12-06 15:00:00+00:00,2024-12-06 15:02:00+00:00,2024-12-06 15:06:00+00:00,2024-12-06,opening_followthrough_30m,imbalance_up,imbalance_opening_range_breakout,long,long,3_10,0.75,21581.24,21562.534285714286,21562.534285714286,21618.65142857143,21562.534285714286,stop,3,6,8.652933404612767,8.652933404612767,0.0,0,,,,,,0.0,False,0,0,0,not_signaled,none,0,0.0075,-0.007500000000000671,17.305866809225535,0.0008652933404612767,-0.008365293340461948,-1.0000000000000895,-1.1153724453949265
reserved_3d_10d_trail_30m,2024-12-06 15:10:00+00:00,2024-12-06 15:12:00+00:00,2024-12-06 15:28:00+00:00,2024-12-06,opening_followthrough_30m,imbalance_up,imbalance_opening_range_breakout,long,long,3_10,0.75,21592.120000000003,21573.96785714286,21573.96785714286,21628.42428571429,21599.99,window_end,9,18,8.921310352968918,8.921310352968918,0.0,0,,,,,,0.0,False,0,0,0,not_signaled,none,0,0.0075,0.0032516822098927105,17.842620705937836,0.0008921310352968918,0.002359551174595819,0.43355762798569475,0.3146068232794425
reserved_3d_10d_trail_30m,2024-12-11 15:04:00+00:00,2024-12-11 15:06:00+00:00,2024-12-11 15:16:00+00:00,2024-12-11,opening_followthrough_30m,imbalance_up,imbalance_opening_range_breakout,long,long,3_10,0.75,21682.69,21662.975,21687.618749999998,21722.12,21687.618749999998,trailing_stop,6,12,8.248550595992837,8.248550595992837,0.0,0,,,,,,0.0,True,0,0,0,not_signaled,none,0,0.0075,0.0018750000000001313,16.497101191985674,0.0008248550595992837,0.0010501449404008477,0.25000000000001754,0.1400193253867797
reserved_3d_10d_trail_30m,2024-12-16 15:00:00+00:00,2024-12-16 15:02:00+00:00,2024-12-16 15:14:00+00:00,2024-12-16,opening_followthrough_30m,imbalance_up,imbalance_opening_range_breakout,long,long,3_10,0.75,21971.95,21947.751428571428,21947.751428571428,22020.347142857143,21947.751428571428,stop,7,14,6.809890636991508,6.809890636991508,0.0,0,,,,,,0.0,False,0,0,0,not_signaled,none,0,0.0075,-0.0075000000000002105,13.619781273983016,0.0006809890636991508,-0.008180989063699361,-1.0000000000000282,-1.0907985418265815
reserved_3d_10d_trail_30m,2024-12-16 15:24:00+00:00,2024-12-16 15:26:00+00:00,2024-12-16 15:28:00+00:00,2024-12-16,opening_followthrough_30m,imbalance_up,imbalance_opening_range_breakout,long,long,3_10,0.75,21970.2,21949.658571428572,21949.658571428572,22011.282857142858,21982.95,window_end,2,4,8.021667014395947,8.021667014395947,0.0,0,,,,,,0.0,False,0,0,0,not_signaled,none,0,0.007500000000000001,0.0046552263717918,16.043334028791893,0.0008021667014395947,0.003853059670352205,0.6206968495722399,0.513741289380294
reserved_3d_10d_trail_30m,2024-12-27 15:00:00+00:00,2024-12-27 15:02:00+00:00,2024-12-27 15:08:00+00:00,2024-12-27,opening_followthrough_30m,imbalance_down,imbalance_opening_range_breakout,short,neutral,3_10,0.5625,21413.42,21450.032857142854,21404.266785714284,21340.194285714286,21404.266785714284,trailing_stop,4,8,3.2898412442935854,3.2898412442935854,0.0,0,,,,,,0.0,True,0,0,0,not_signaled,none,0,0.005625,0.0014062499999999162,6.579682488587171,0.0003289841244293586,0.0010772658755705577,0.24999999999998512,0.1915139334347658
reserved_3d_10d_trail_30m,2025-01-07 15:00:00+00:00,2025-01-07 15:02:00+00:00,2025-01-07 15:16:00+00:00,2025-01-07,opening_followthrough_30m,imbalance_down,imbalance_opening_range_breakout,short,neutral,3_10,0.5625,21464.52,21504.249285714286,21454.587678571428,21385.06142857143,21385.06142857143,target,8,16,3.039015749447156,3.039015749447156,0.0,0,,,,,,0.0,True,0,0,0,not_signaled,none,0,0.005625,0.011249999999999968,6.078031498894312,0.0003039015749447156,0.010946098425055253,1.9999999999999944,1.945973053343156
reserved_3d_10d_trail_30m,2025-01-08 15:02:00+00:00,2025-01-08 15:04:00+00:00,2025-01-08 15:06:00+00:00,2025-01-08,opening_followthrough_30m,balance,balance_value_rejection,long,short,3_10,0.375,21244.120000000003,21197.492142857147,21197.492142857147,21337.375714285718,21197.492142857147,stop,2,4,1.7085376614225074,1.7085376614225074,0.0,0,,,,,,0.0,False,0,0,0,not_signaled,none,0,0.00375,-0.003749999999999925,3.417075322845015,0.00017085376614225074,-0.003920853766142176,-0.99999999999998,-1.0455610043045802
reserved_3d_10d_trail_30m,2025-01-10 15:00:00+00:00,2025-01-10 15:02:00+00:00,2025-01-10 15:18:00+00:00,2025-01-10,opening_followthrough_30m,imbalance_down,imbalance_opening_range_breakout,short,short,3_10,0.75,20813.25,20866.33357142857,20798.985357142858,20707.082857142857,20798.985357142858,trailing_stop,9,18,2.940634377060437,2.940634377060437,0.0,0,,,,,,0.0,True,0,0,0,not_signaled,none,0,0.0075,0.0020154036088647007,5.881268754120874,0.00029406343770604367,0.001721340171158657,0.2687204811819601,0.22951202282115427
reserved_3d_10d_trail_30m,2025-01-15 15:00:00+00:00,2025-01-15 15:02:00+00:00,2025-01-15 15:28:00+00:00,2025-01-15,opening_followthrough_30m,imbalance_up,imbalance_opening_range_breakout,long,neutral,3_10,0.5625,21228.79,21192.55642857143,21240.465,21301.257142857143,21258.79,window_end,14,28,3.295616165947197,3.295616165947197,0.0,0,,,,,,0.0,True,0,0,0,not_signaled,none,0,0.005625,0.004657283103673007,6.591232331894394,0.00032956161659471975,0.004327721487078287,0.827961440652979,0.7693727088139177
reserved_3d_10d_trail_30m,2025-01-16 15:10:00+00:00,2025-01-16 15:12:00+00:00,2025-01-16 15:28:00+00:00,2025-01-16,opening_followthrough_30m,balance,balance_value_rejection,short,neutral,3_10,0.5625,21249.28,21283.562857142857,21283.562857142857,21180.714285714286,21241.4,window_end,9,18,3.486500541711842,3.486500541711842,0.0,0,,,,,,0.0,False,0,0,0,not_signaled,none,0,0.005625,0.0012929202433531954,6.973001083423684,0.00034865005417118424,0.0009442701891820111,0.22985248770723474,0.16787025585457976
reserved_3d_10d_trail_30m,2025-01-31 15:00:00+00:00,2025-01-31 15:02:00+00:00,2025-01-31 15:28:00+00:00,2025-01-31,opening_followthrough_30m,imbalance_up,imbalance_opening_range_breakout,long,neutral,3_10,0.5625,21794.52,21766.622142857144,21766.622142857144,21850.315714285716,21798.640000000003,window_end,14,28,4.394393962669866,4.394393962669866,0.0,0,,,,,,0.0,False,0,0,0,not_signaled,none,0,0.005625,0.0008307089638226045,8.788787925339731,0.0004394393962669866,0.0003912695675556179,0.14768159356846303,0.06955903423210985
reserved_3d_10d_trail_30m,2025-02-10 15:00:00+00:00,2025-02-10 15:02:00+00:00,2025-02-10 15:22:00+00:00,2025-02-10,opening_followthrough_30m,imbalance_up,imbalance_opening_range_breakout,long,long,3_10,0.75,21735.56,21712.720714285715,21741.269821428574,21781.238571428574,21781.238571428574,target,11,22,7.137556841282252,7.137556841282252,0.0,0,,,,,,0.0,True,0,0,0,not_signaled,none,1,0.0075,0.015000000000000829,14.275113682564504,0.0007137556841282253,0.014286244315872604,2.0000000000001106,1.9048325754496807
reserved_3d_10d_trail_30m,2025-02-18 15:26:00+00:00,2025-02-18 15:28:00+00:00,2025-02-18 15:28:00+00:00,2025-02-18,opening_followthrough_30m,balance,balance_value_rejection,short,long,3_10,0.375,22075.300000000003,22101.90642857143,22101.90642857143,22022.087142857148,22075.42,window_end,1,2,3.1113674192596554,3.1113674192596554,0.0,0,,,,,,0.0,False,0,0,0,not_signaled,none,0,0.00375,-1.691320572308267e-05,6.222734838519311,0.00031113674192596554,-0.0003280499476490482,-0.004510188192822045,-0.0874799860397462
reserved_3d_10d_trail_30m,2025-02-21 15:12:00+00:00,2025-02-21 15:14:00+00:00,2025-02-21 15:26:00+00:00,2025-02-21,opening_followthrough_30m,balance,balance_value_rejection,short,neutral,3_10,0.5625,22009.640000000003,22042.870000000003,22001.332500000004,21943.180000000004,21943.180000000004,target,7,14,3.7256763466747986,3.7256763466747986,0.0,0,,,,,,0.0,True,0,0,0,not_signaled,none,0,0.005625,0.011250000000000012,7.451352693349597,0.0003725676346674799,0.010877432365332531,2.000000000000002,1.9337657538368944
reserved_3d_10d_trail_30m,2025-02-24 15:00:00+00:00,2025-02-24 15:02:00+00:00,2025-02-24 15:06:00+00:00,2025-02-24,opening_followthrough_30m,imbalance_down,imbalance_opening_range_breakout,short,neutral,3_10,0.5625,21465.86,21501.883571428574,21456.85410714286,21393.812857142853,21393.812857142853,target,3,6,3.3518459639520177,3.3518459639520177,0.0,0,,,,,,0.0,True,0,0,0,not_signaled,none,0,0.005625,0.01124999999999998,6.7036919279040355,0.0003351845963952018,0.01091481540360478,1.9999999999999967,1.9404116273075165
reserved_3d_10d_trail_30m,2025-02-25 15:00:00+00:00,2025-02-25 15:02:00+00:00,2025-02-25 15:18:00+00:00,2025-02-25,opening_followthrough_30m,imbalance_down,imbalance_opening_range_breakout,short,short,3_10,0.75,21147.85,21194.840714285714,21134.240000000005,21053.86857142857,21053.86857142857,target,9,18,3.375323772173857,3.375323772173857,0.0,0,,,,,,0.0,True,0,0,0,not_signaled,none,0,0.0075,0.014999999999999927,6.750647544347714,0.0003375323772173857,0.014662467622782541,1.9999999999999902,1.9549956830376722
reserved_3d_10d_trail_30m,2025-02-26 15:02:00+00:00,2025-02-26 15:04:00+00:00,2025-02-26 15:06:00+00:00,2025-02-26,opening_followthrough_30m,imbalance_up,imbalance_opening_range_breakout,long,short,3_10,0.375,21267.550000000003,21232.94642857143,21232.94642857143,21336.757142857146,21232.94642857143,stop,2,4,2.304771132211766,2.304771132211766,0.0,0,,,,,,0.0,False,0,0,0,not_signaled,none,0,0.00375,-0.0037499999999999036,4.609542264423532,0.0002304771132211766,-0.003980477113221081,-0.9999999999999744,-1.0614605635256216
reserved_3d_10d_trail_30m,2025-03-27 14:12:00+00:00,2025-03-27 14:14:00+00:00,2025-03-27 14:22:00+00:00,2025-03-27,opening_followthrough_30m,balance,balance_value_rejection,long,neutral,3_10,0.5625,19918.52,19882.65,19882.65,19990.26,19882.65,stop,5,10,3.1235482297184483,3.1235482297184483,0.0,0,,,,,,0.0,False,0,0,0,not_signaled,none,0,0.005625,-0.005624999999999745,6.2470964594368965,0.00031235482297184484,-0.00593735482297159,-0.9999999999999547,-1.0555297463060604
reserved_3d_10d_trail_30m,2025-03-28 14:02:00+00:00,2025-03-28 14:04:00+00:00,2025-03-28 14:08:00+00:00,2025-03-28,opening_followthrough_30m,imbalance_down,imbalance_opening_range_breakout,short,neutral,3_10,0.5625,19674.75,19712.185,19665.39125,19599.88,19599.88,target,3,6,2.9563368171497455,2.9563368171497455,0.0,0,,,,,,0.0,True,0,0,0,not_signaled,none,0,0.005625,0.011250000000000013,5.912673634299491,0.00029563368171497457,0.010954366318285039,2.0000000000000027,1.9474429010284515
reserved_3d_10d_trail_30m,2025-04-07 14:10:00+00:00,2025-04-07 14:12:00+00:00,2025-04-07 14:12:00+00:00,2025-04-07,opening_followthrough_30m,balance,balance_value_rejection,long,short,3_10,0.375,17594.890000000003,17455.640714285717,17455.640714285717,17873.38857142857,17873.38857142857,target,1,2,0.47383250234677177,0.47383250234677177,0.0,0,,,,,,0.0,False,0,0,0,not_signaled,none,0,0.00375,0.007500000000000003,0.9476650046935435,4.738325023467718e-05,0.007452616749765326,2.000000000000001,1.987364466604087
reserved_3d_10d_trail_30m,2025-04-09 14:00:00+00:00,2025-04-09 14:02:00+00:00,2025-04-09 14:04:00+00:00,2025-04-09,opening_followthrough_30m,balance,balance_value_rejection,long,neutral,3_10,0.5625,17433.41,17335.23,17335.23,17629.77,17335.23,stop,2,4,0.9988076110205661,0.9988076110205661,0.0,0,,,,,,0.0,False,0,0,0,not_signaled,none,0,0.005625,-0.005624999999999958,1.9976152220411323,9.988076110205662e-05,-0.005724880761102015,-0.9999999999999926,-1.0177565797514694
reserved_3d_10d_trail_30m,2025-04-09 14:22:00+00:00,2025-04-09 14:24:00+00:00,2025-04-09 14:28:00+00:00,2025-04-09,opening_followthrough_30m,balance,balance_value_rejection,long,neutral,3_10,0.5625,17356.74,17273.968571428573,17273.968571428573,17522.28285714286,17273.968571428573,stop,3,6,1.1795333750431343,1.1795333750431343,0.0,0,,,,,,0.0,False,0,0,0,not_signaled,none,0,0.005625,-0.0056249999999998905,2.3590667500862685,0.00011795333750431344,-0.005742953337504204,-0.9999999999999806,-1.0209694822229696
reserved_3d_10d_trail_30m,2025-04-21 14:00:00+00:00,2025-04-21 14:02:00+00:00,2025-04-21 14:18:00+00:00,2025-04-21,opening_followthrough_30m,imbalance_down,imbalance_opening_range_breakout,short,neutral,3_10,0.5625,17871.81,17907.234285714287,17862.95392857143,17800.96142857143,17800.96142857143,target,9,18,2.8378534449732102,2.8378534449732102,0.0,0,,,,,,0.0,True,0,0,0,not_signaled,none,0,0.005625,0.01125000000000007,5.6757068899464205,0.000283785344497321,0.01096621465550275,2.0000000000000124,1.9495492720893777
reserved_3d_10d_trail_30m,2025-04-25 14:20:00+00:00,2025-04-25 14:22:00+00:00,2025-04-25 14:28:00+00:00,2025-04-25,opening_followthrough_30m,balance,balance_value_rejection,short,long,3_10,0.375,19204.74,19244.878571428573,19244.878571428573,19124.46285714286,19170.620000000003,window_end,4,8,1.794228654304711,1.794228654304711,0.0,0,,,,,,0.0,False,0,0,0,not_signaled,none,0,0.00375,0.003187706872619817,3.588457308609422,0.00017942286543047112,0.003008284007189346,0.8500551660319512,0.8022090685838256
reserved_3d_10d_trail_30m,2025-05-14 14:08:00+00:00,2025-05-14 14:10:00+00:00,2025-05-14 14:28:00+00:00,2025-05-14,opening_followthrough_30m,balance,balance_value_rejection,short,long,3_10,0.375,21258.35,21290.285,21290.285,21194.48,21269.35,window_end,10,20,2.4962834664161364,2.4962834664161364,0.0,0,,,,,,0.0,False,0,0,0,not_signaled,none,0,0.0037499999999999994,-0.0012916862376702175,4.992566932832273,0.00024962834664161364,-0.0015413145843118311,-0.34444966337872474,-0.41101722248315503
reserved_3d_10d_trail_30m,2025-05-15 14:00:00+00:00,2025-05-15 14:02:00+00:00,2025-05-15 14:08:00+00:00,2025-05-15,opening_followthrough_30m,balance,balance_value_rejection,long,long,3_10,0.75,21264.09,21233.745,21233.745,21324.78,21233.745,stop,4,8,5.255583292140408,5.255583292140408,0.0,0,,,,,,0.0,False,0,0,0,not_signaled,none,0,0.007499999999999999,-0.007500000000000466,10.511166584280817,0.0005255583292140409,-0.008025558329214507,-1.0000000000000624,-1.0700744438952676
reserved_3d_10d_trail_30m,2025-05-19 14:00:00+00:00,2025-05-19 14:02:00+00:00,2025-05-19 14:06:00+00:00,2025-05-19,opening_followthrough_30m,balance,balance_value_rejection,long,neutral,3_10,0.5625,21316.99,21289.033571428572,21289.033571428572,21372.90285714286,21372.90285714286,target,3,6,4.289105399984637,4.289105399984637,0.0,0,,,,,,0.0,False,0,0,0,not_signaled,none,0,0.005625,0.011249999999999866,8.578210799969273,0.0004289105399984637,0.010821089460001402,1.9999999999999762,1.9237492373335827
reserved_3d_10d_trail_30m,2025-05-27 14:00:00+00:00,2025-05-27 14:02:00+00:00,2025-05-27 14:26:00+00:00,2025-05-27,opening_followthrough_30m,imbalance_up,imbalance_opening_range_breakout,long,neutral,3_10,0.5625,21277.09,21251.565714285716,21300.968214285716,21328.13857142857,21328.13857142857,target,13,26,4.689010011473712,4.689010011473712,0.0,0,,,,,,0.0,True,0,0,0,not_signaled,none,1,0.005625,0.011250000000000236,9.378020022947425,0.00046890100114737124,0.010781098998852864,2.0000000000000417,1.916639822018287
reserved_3d_10d_trail_30m,2025-05-29 14:04:00+00:00,2025-05-29 14:06:00+00:00,2025-05-29 14:14:00+00:00,2025-05-29,opening_followthrough_30m,balance,balance_value_rejection,short,neutral,3_10,0.5625,21409.390000000003,21442.870714285717,21401.019821428574,21342.428571428576,21401.019821428574,trailing_stop,5,10,3.5969309890556764,3.5969309890556764,0.0,0,,,,,,0.0,True,0,0,0,not_signaled,none,0,0.005625,0.0014062500000002506,7.193861978111353,0.00035969309890556767,0.001046556901094683,0.2500000000000446,0.1860545601946103
reserved_3d_10d_trail_30m,2025-06-03 14:00:00+00:00,2025-06-03 14:02:00+00:00,2025-06-03 14:06:00+00:00,2025-06-03,opening_followthrough_30m,imbalance_up,imbalance_opening_range_breakout,long,long,3_10,0.75,21578.16,21552.81,21552.81,21628.859999999997,21552.81,stop,3,6,6.38407100591746,6.38407100591746,0.0,0,,,,,,0.0,False,0,0,0,not_signaled,none,0,0.0075,-0.00749999999999975,12.76814201183492,0.000638407100591746,-0.008138407100591495,-0.9999999999999667,-1.0851209467455327
reserved_3d_10d_trail_30m,2025-06-03 14:12:00+00:00,2025-06-03 14:14:00+00:00,2025-06-03 14:28:00+00:00,2025-06-03,opening_followthrough_30m,imbalance_up,imbalance_opening_range_breakout,long,long,3_10,0.75,21572.16,21546.535714285714,21546.535714285714,21623.40857142857,21586.28,window_end,8,16,6.313978926242075,6.313978926242075,0.0,0,,,,,,0.0,False,0,0,0,not_signaled,none,0,0.0075,0.004132798126776471,12.62795785248415,0.0006313978926242075,0.0035014002341522635,0.5510397502368629,0.46685336455363513
reserved_3d_10d_trail_30m,2025-06-16 14:00:00+00:00,2025-06-16 14:02:00+00:00,2025-06-16 14:28:00+00:00,2025-06-16,opening_followthrough_30m,imbalance_up,imbalance_opening_range_breakout,long,long,3_10,0.75,21938.57,21910.748571428572,21910.748571428572,21994.21285714286,21962.44,window_end,14,28,5.91412028241335,5.91412028241335,0.0,0,,,,,,0.0,False,1,1,0,not_signaled,none,0,0.0075,0.006434788189986627,11.8282405648267,0.0005914120282413351,0.005843376161745292,0.8579717586648836,0.7791168215660389
reserved_3d_10d_trail_30m,2025-06-23 14:00:00+00:00,2025-06-23 14:02:00+00:00,2025-06-23 14:18:00+00:00,2025-06-23,opening_followthrough_30m,imbalance_up,imbalance_opening_range_breakout,long,neutral,3_10,0.5625,21736.63,21709.585714285717,21743.391071428574,21790.718571428573,21790.718571428573,target,9,18,4.521049105963775,4.521049105963775,0.0,0,,,,,,0.0,True,0,0,0,not_signaled,none,0,0.005625,0.011250000000000695,9.04209821192755,0.00045210491059637754,0.010797895089404317,2.0000000000001235,1.9196257936718788
reserved_3d_10d_trail_30m,2025-06-27 14:00:00+00:00,2025-06-27 14:02:00+00:00,2025-06-27 14:12:00+00:00,2025-06-27,opening_followthrough_30m,imbalance_up,imbalance_opening_range_breakout,long,long,3_10,0.75,22598.79,22582.51357142857,22602.859107142856,22631.34285714286,22631.34285714286,target,6,12,10.0,10.0,0.0,0,,,,,,0.0,True,0,0,0,not_signaled,none,0,0.007202345157164945,0.014404690314331337,20.0,0.001,0.013404690314331336,2.0000000000002007,1.8611563347524733
reserved_3d_10d_trail_30m,2025-07-01 14:12:00+00:00,2025-07-01 14:14:00+00:00,2025-07-01 14:20:00+00:00,2025-07-01,opening_followthrough_30m,balance,balance_value_rejection,long,long,3_10,0.75,22646.47,22628.378571428573,22628.378571428573,22682.652857142857,22628.378571428573,stop,4,8,9.388342348389179,9.388342348389179,0.0,0,,,,,,0.0,False,0,0,0,not_signaled,none,0,0.0075,-0.007499999999999864,18.776684696778357,0.0009388342348389179,-0.008438834234838783,-0.9999999999999819,-1.1251778979785045
reserved_3d_10d_trail_30m,2025-07-03 14:00:00+00:00,2025-07-03 14:02:00+00:00,2025-07-03 14:20:00+00:00,2025-07-03,opening_followthrough_30m,imbalance_up,imbalance_opening_range_breakout,long,long,3_10,0.75,22844.210000000003,22823.650714285715,22860.611071428575,22885.328571428574,22885.328571428574,target,10,20,8.333537331063425,8.333537331063425,0.0,0,,,,,,0.0,True,0,0,0,not_signaled,none,0,0.0075,0.015000000000000418,16.66707466212685,0.0008333537331063426,0.014166646266894074,2.000000000000056,1.88888616891921
reserved_3d_10d_trail_30m,2025-07-09 14:10:00+00:00,2025-07-09 14:12:00+00:00,2025-07-09 14:16:00+00:00,2025-07-09,opening_followthrough_30m,imbalance_up,imbalance_opening_range_breakout,long,long,3_10,0.75,22933.68,22917.777142857143,22917.777142857143,22965.485714285714,22917.777142857143,stop,3,6,10.0,10.0,0.0,0,,,,,,0.0,False,0,0,0,not_signaled,none,0,0.006934280561539779,-0.006934280561540218,20.0,0.001,-0.007934280561540219,-1.0000000000000633,-1.1442110671937373
reserved_3d_10d_trail_30m,2025-07-11 14:06:00+00:00,2025-07-11 14:08:00+00:00,2025-07-11 14:08:00+00:00,2025-07-11,opening_followthrough_30m,balance,balance_value_rejection,long,neutral,3_10,0.5625,22808.0,22786.437857142857,22786.437857142857,22851.124285714286,22786.437857142857,stop,1,2,5.950011594394957,5.950011594394957,0.0,0,,,,,,0.0,False,0,0,0,not_signaled,none,0,0.005625,-0.00562500000000038,11.900023188789914,0.0005950011594394957,-0.0062200011594398755,-1.0000000000000675,-1.1057779839004223
reserved_3d_10d_trail_30m,2025-07-11 14:10:00+00:00,2025-07-11 14:12:00+00:00,2025-07-11 14:28:00+00:00,2025-07-11,opening_followthrough_30m,balance,balance_value_rejection,long,neutral,3_10,0.5625,22799.0,22777.712142857144,22811.660357142857,22841.575714285715,22841.575714285715,target,9,18,6.024297050632583,6.024297050632583,0.0,0,,,,,,0.0,True,0,0,0,not_signaled,none,0,0.005625,0.011250000000000746,12.048594101265167,0.0006024297050632583,0.010647570294937488,2.000000000000133,1.8929013857666646
reserved_3d_10d_trail_30m,2025-07-16 14:06:00+00:00,2025-07-16 14:08:00+00:00,2025-07-16 14:08:00+00:00,2025-07-16,opening_followthrough_30m,imbalance_down,imbalance_opening_range_breakout,short,neutral,3_10,0.5625,22802.02,22826.090714285714,22826.090714285714,22753.87857142857,22826.090714285714,stop,1,2,5.328523324134164,5.328523324134164,0.0,0,,,,,,0.0,False,0,0,0,not_signaled,none,0,0.005625,-0.005624999999999899,10.657046648268327,0.0005328523324134163,-0.006157852332413316,-0.9999999999999821,-1.094729303540145
reserved_3d_10d_trail_30m,2025-07-17 14:00:00+00:00,2025-07-17 14:02:00+00:00,2025-07-17 14:10:00+00:00,2025-07-17,opening_followthrough_30m,imbalance_up,imbalance_opening_range_breakout,long,long,3_10,0.75,23023.92,23005.044285714284,23005.044285714284,23061.67142857143,23005.044285714284,stop,5,10,9.148231287368176,9.148231287368176,0.0,0,,,,,,0.0,False,0,0,0,not_signaled,none,0,0.0075,-0.007499999999999823,18.296462574736353,0.0009148231287368177,-0.008414823128736641,-0.9999999999999764,-1.1219764171648856
reserved_3d_10d_trail_30m,2025-07-18 14:02:00+00:00,2025-07-18 14:04:00+00:00,2025-07-18 14:14:00+00:00,2025-07-18,opening_followthrough_30m,balance,balance_value_rejection,short,long,3_10,0.375,23110.1,23126.876428571428,23126.876428571428,23076.54714285714,23076.54714285714,target,6,12,5.165752331076708,5.165752331076708,0.0,0,,,,,,0.0,False,0,0,0,not_signaled,none,0,0.0037500000000000003,0.007500000000000486,10.331504662153415,0.0005165752331076708,0.006983424766892815,2.0000000000001297,1.8622466045047505
reserved_3d_10d_trail_30m,2025-07-21 14:20:00+00:00,2025-07-21 14:22:00+00:00,2025-07-21 14:24:00+00:00,2025-07-21,opening_followthrough_30m,imbalance_up,imbalance_opening_range_breakout,long,long,3_10,0.75,23277.79,23263.90642857143,23263.90642857143,23305.557142857146,23263.90642857143,stop,2,4,10.0,10.0,0.0,0,,,,,,0.0,False,0,0,0,not_signaled,none,0,0.005964299630064373,-0.005964299630063508,20.0,0.001,-0.006964299630063508,-0.9999999999998549,-1.1676642794668486
reserved_3d_10d_trail_30m,2025-07-23 14:06:00+00:00,2025-07-23 14:08:00+00:00,2025-07-23 14:08:00+00:00,2025-07-23,opening_followthrough_30m,imbalance_down,imbalance_opening_range_breakout,short,neutral,3_10,0.5625,23028.57,23051.76714285714,23051.76714285714,22982.175714285713,23051.76714285714,stop,1,2,5.584123314139637,5.584123314139637,0.0,0,,,,,,0.0,False,0,0,0,not_signaled,none,0,0.005625,-0.005624999999999978,11.168246628279274,0.0005584123314139638,-0.0061834123314139415,-0.9999999999999961,-1.0992733033624786
reserved_3d_10d_trail_30m,2025-07-23 14:12:00+00:00,2025-07-23 14:14:00+00:00,2025-07-23 14:14:00+00:00,2025-07-23,opening_followthrough_30m,imbalance_down,imbalance_opening_range_breakout,short,neutral,3_10,0.5625,23017.32,23039.277857142857,23039.277857142857,22973.404285714285,23039.277857142857,stop,1,2,5.896405289353053,5.896405289353053,0.0,0,,,,,,0.0,False,0,0,0,not_signaled,none,0,0.005625,-0.005625000000000305,11.792810578706106,0.0005896405289353054,-0.00621464052893561,-1.0000000000000542,-1.1048249829218864
reserved_3d_10d_trail_30m,2025-08-01 14:00:00+00:00,2025-08-01 14:02:00+00:00,2025-08-01 14:04:00+00:00,2025-08-01,opening_followthrough_30m,imbalance_down,imbalance_opening_range_breakout,short,neutral,3_10,0.5625,22704.02,22746.370714285717,22746.370714285717,22619.318571428572,22746.370714285717,stop,2,4,3.0155362112293425,3.0155362112293425,0.0,0,,,,,,0.0,False,0,0,0,not_signaled,none,0,0.005625,-0.005625000000000001,6.031072422458685,0.00030155362112293426,-0.0059265536211229345,-1.0000000000000002,-1.0536095326440773
reserved_3d_10d_trail_30m,2025-08-04 14:14:00+00:00,2025-08-04 14:16:00+00:00,2025-08-04 14:24:00+00:00,2025-08-04,opening_followthrough_30m,imbalance_up,imbalance_opening_range_breakout,long,neutral,3_10,0.5625,23159.91,23140.805714285714,23140.805714285714,23198.11857142857,23140.805714285714,stop,5,10,6.819124027892043,6.819124027892043,0.0,0,,,,,,0.0,False,0,0,0,not_signaled,none,0,0.005625,-0.005624999999999656,13.638248055784086,0.0006819124027892043,-0.006306912402788861,-0.9999999999999389,-1.1212288716069085
reserved_3d_10d_trail_30m,2025-08-08 14:00:00+00:00,2025-08-08 14:02:00+00:00,2025-08-08 14:14:00+00:00,2025-08-08,opening_followthrough_30m,imbalance_up,imbalance_opening_range_breakout,long,long,3_10,0.75,23557.78,23536.324285714283,23536.324285714283,23600.691428571427,23536.324285714283,stop,7,14,8.234792263133336,8.234792263133336,0.0,0,,,,,,0.0,False,0,0,0,not_signaled,none,0,0.0075,-0.007500000000000473,16.469584526266672,0.0008234792263133336,-0.008323479226313806,-1.000000000000063,-1.1097972301751742
reserved_3d_10d_trail_30m,2025-08-20 14:04:00+00:00,2025-08-20 14:06:00+00:00,2025-08-20 14:28:00+00:00,2025-08-20,opening_followthrough_30m,imbalance_down,imbalance_opening_range_breakout,short,short,3_10,0.75,23077.92,23119.51214285714,23067.521964285712,22994.735714285714,23030.17,window_end,12,24,4.161468683989123,4.161468683989123,0.0,0,,,,,,0.0,True,0,0,0,not_signaled,none,0,0.0075,0.008610400315993718,8.322937367978247,0.00041614686839891235,0.008194253447594805,1.148053375465829,1.092567126345974
reserved_3d_10d_trail_30m,2025-08-25 14:14:00+00:00,2025-08-25 14:16:00+00:00,2025-08-25 14:18:00+00:00,2025-08-25,opening_followthrough_30m,balance,balance_value_rejection,long,neutral,3_10,0.5625,23497.84,23477.213571428572,23477.213571428572,23539.09285714286,23477.213571428572,stop,2,4,6.408057970010645,6.408057970010645,0.0,0,,,,,,0.0,False,0,0,0,not_signaled,none,0,0.005625,-0.005624999999999512,12.81611594002129,0.0006408057970010645,-0.006265805797000577,-0.9999999999999133,-1.1139210305778804
reserved_3d_10d_trail_30m,2025-08-27 14:02:00+00:00,2025-08-27 14:04:00+00:00,2025-08-27 14:08:00+00:00,2025-08-27,opening_followthrough_30m,balance,balance_value_rejection,short,short,3_10,0.75,23477.49,23501.230714285717,23501.230714285717,23430.008571428574,23501.230714285717,stop,3,6,7.41684402924454,7.41684402924454,0.0,0,,,,,,0.0,False,0,0,0,not_signaled,none,0,0.0075,-0.007499999999999945,14.83368805848908,0.000741684402924454,-0.0082416844029244,-0.9999999999999927,-1.0988912537232534
reserved_3d_10d_trail_30m,2025-08-28 14:16:00+00:00,2025-08-28 14:18:00+00:00,2025-08-28 14:28:00+00:00,2025-08-28,opening_followthrough_30m,balance,balance_value_rejection,short,neutral,3_10,0.5625,23597.54,23629.72,23629.72,23533.180000000004,23579.79,window_end,6,12,4.1248030609074915,4.1248030609074915,0.0,0,,,,,,0.0,False,0,0,0,not_signaled,none,0,0.005625,0.0031026646985707067,8.249606121814983,0.00041248030609074916,0.0026901843924799574,0.551584835301459,0.478255003107548
reserved_3d_10d_trail_30m,2025-08-29 14:02:00+00:00,2025-08-29 14:04:00+00:00,2025-08-29 14:14:00+00:00,2025-08-29,opening_followthrough_30m,imbalance_down,imbalance_opening_range_breakout,short,neutral,3_10,0.5625,23448.49,23481.635714285716,23440.203571428574,23382.198571428573,23382.198571428573,target,6,12,3.979330634212529,3.979330634212529,0.0,0,,,,,,0.0,True,0,0,0,not_signaled,none,0,0.005625,0.01124999999999981,7.958661268425058,0.00039793306342125295,0.010852066936578558,1.9999999999999665,1.9292563442806328
reserved_3d_10d_trail_30m,2025-09-04 14:02:00+00:00,2025-09-04 14:04:00+00:00,2025-09-04 14:12:00+00:00,2025-09-04,opening_followthrough_30m,balance,balance_value_rejection,short,neutral,3_10,0.5625,23404.25,23434.870714285717,23434.870714285717,23343.00857142857,23434.870714285717,stop,5,10,4.299341453031232,4.299341453031232,0.0,0,,,,,,0.0,False,0,0,0,not_signaled,none,0,0.005625000000000001,-0.005624999999999909,8.598682906062464,0.00042993414530312325,-0.006054934145303032,-0.9999999999999837,-1.076432736942761
reserved_3d_10d_trail_30m,2025-09-17 14:00:00+00:00,2025-09-17 14:02:00+00:00,2025-09-17 14:14:00+00:00,2025-09-17,opening_followthrough_30m,imbalance_down,imbalance_opening_range_breakout,short,neutral,3_10,0.5625,24209.92,24230.094999999998,24230.094999999998,24169.57,24230.094999999998,stop,7,14,6.749977695167355,6.749977695167355,0.0,0,,,,,,0.0,False,0,0,0,not_signaled,none,0,0.005625,-0.005624999999999524,13.49995539033471,0.0006749977695167356,-0.00629999776951626,-0.9999999999999153,-1.1199996034695574
reserved_3d_10d_trail_30m,2025-09-17 14:16:00+00:00,2025-09-17 14:18:00+00:00,2025-09-17 14:28:00+00:00,2025-09-17,opening_followthrough_30m,imbalance_down,imbalance_opening_range_breakout,short,neutral,3_10,0.5625,24211.800000000003,24230.127142857145,24207.218214285716,24175.145714285718,24191.42,window_end,6,12,7.43112966716029,7.43112966716029,0.0,0,,,,,,0.0,True,0,0,0,not_signaled,none,0,0.005625,0.006255066645882121,14.86225933432058,0.000743112966716029,0.005511953679166092,1.1120118481568215,0.9799028762961942
reserved_3d_10d_trail_30m,2025-09-18 14:02:00+00:00,2025-09-18 14:04:00+00:00,2025-09-18 14:24:00+00:00,2025-09-18,opening_followthrough_30m,imbalance_up,imbalance_opening_range_breakout,long,long,3_10,0.75,24466.32,24434.332857142857,24490.471785714286,24530.294285714284,24530.294285714284,target,11,22,5.736598633379533,5.736598633379533,0.0,0,,,,,,0.0,True,0,0,0,not_signaled,none,1,0.0075,0.014999999999999472,11.473197266759065,0.0005736598633379533,0.014426340136661518,1.9999999999999296,1.9235120182215357
reserved_3d_10d_trail_30m,2025-09-26 14:06:00+00:00,2025-09-26 14:08:00+00:00,2025-09-26 14:24:00+00:00,2025-09-26,opening_followthrough_30m,balance,balance_value_rejection,short,neutral,3_10,0.5625,24425.54,24460.889285714286,24460.889285714286,24354.841428571428,24354.841428571428,target,9,18,3.8867450847662592,3.8867450847662592,0.0,0,,,,,,0.0,False,1,0,0,not_signaled,none,0,0.005625,0.011249999999999897,7.7734901695325185,0.0003886745084766259,0.010861325491523272,1.9999999999999818,1.9309023096041373
reserved_3d_10d_trail_30m,2025-09-29 14:06:00+00:00,2025-09-29 14:08:00+00:00,2025-09-29 14:18:00+00:00,2025-09-29,opening_followthrough_30m,imbalance_up,imbalance_opening_range_breakout,long,long,3_10,0.75,24771.28,24748.127857142856,24748.127857142856,24817.584285714285,24748.127857142856,stop,6,12,8.02450991885969,8.02450991885969,0.0,0,,,,,,0.0,False,0,0,0,not_signaled,none,0,0.0075,-0.007500000000000174,16.04901983771938,0.0008024509918859691,-0.008302450991886144,-1.0000000000000233,-1.1069934655848193
reserved_3d_10d_trail_30m,2025-10-03 14:18:00+00:00,2025-10-03 14:20:00+00:00,2025-10-03 14:26:00+00:00,2025-10-03,opening_followthrough_30m,balance,balance_value_rejection,short,long,3_10,0.375,24893.44,24916.047857142854,24916.047857142854,24848.224285714285,24916.047857142854,stop,4,8,4.129113140185212,4.129113140185212,0.0,0,,,,,,0.0,False,0,0,0,not_signaled,none,0,0.00375,-0.0037499999999995124,8.258226280370424,0.0004129113140185212,-0.004162911314018034,-0.99999999999987,-1.1101096837381423
reserved_3d_10d_trail_30m,2025-10-08 14:00:00+00:00,2025-10-08 14:02:00+00:00,2025-10-08 14:22:00+00:00,2025-10-08,opening_followthrough_30m,imbalance_up,imbalance_opening_range_breakout,long,long,3_10,0.75,25040.08,25019.705,25019.705,25080.83,25019.705,stop,11,22,9.21720736196319,9.21720736196319,0.0,0,,,,,,0.0,False,0,0,0,not_signaled,none,0,0.007499999999999999,-0.007500000000000305,18.43441472392638,0.0009217207361963191,-0.008421720736196623,-1.0000000000000409,-1.12289609815955
reserved_3d_10d_trail_30m,2025-10-13 14:04:00+00:00,2025-10-13 14:06:00+00:00,2025-10-13 14:18:00+00:00,2025-10-13,opening_followthrough_30m,imbalance_up,imbalance_opening_range_breakout,long,neutral,3_10,0.5625,24761.19,24724.109285714283,24724.109285714283,24835.351428571426,24724.109285714283,stop,7,14,3.7561761264037834,3.7561761264037834,0.0,0,,,,,,0.0,False,0,0,0,not_signaled,none,0,0.005625,-0.005625000000000041,7.512352252807567,0.00037561761264037833,-0.00600061761264042,-1.0000000000000073,-1.066776464469408
reserved_3d_10d_trail_30m,2025-10-16 14:10:00+00:00,2025-10-16 14:12:00+00:00,2025-10-16 14:16:00+00:00,2025-10-16,opening_followthrough_30m,balance,balance_value_rejection,short,neutral,3_10,0.5625,24887.13,24923.51642857143,24923.51642857143,24814.357142857145,24923.51642857143,stop,3,6,3.847316478867738,3.847316478867738,0.0,0,,,,,,0.0,False,0,0,0,not_signaled,none,0,0.005625,-0.005625000000000372,7.694632957735476,0.0003847316478867738,-0.006009731647887146,-1.0000000000000662,-1.0683967374021592
reserved_3d_10d_trail_30m,2025-10-20 14:06:00+00:00,2025-10-20 14:08:00+00:00,2025-10-20 14:14:00+00:00,2025-10-20,opening_followthrough_30m,imbalance_up,imbalance_opening_range_breakout,long,neutral,3_10,0.5625,25116.99,25095.65642857143,25095.65642857143,25159.657142857144,25095.65642857143,stop,4,8,6.622569935045246,6.622569935045246,0.0,0,,,,,,0.0,False,0,0,0,not_signaled,none,0,0.005625,-0.00562500000000021,13.245139870090492,0.0006622569935045246,-0.006287256993504734,-1.0000000000000373,-1.1177345766230637
reserved_3d_10d_trail_30m,2025-10-27 14:00:00+00:00,2025-10-27 14:02:00+00:00,2025-10-27 14:18:00+00:00,2025-10-27,opening_followthrough_30m,imbalance_up,imbalance_opening_range_breakout,long,long,3_10,0.75,25744.41,25721.04357142857,25721.04357142857,25791.14285714286,25721.04357142857,stop,9,18,8.263268578241039,8.263268578241039,0.0,0,,,,,,0.0,False,0,0,0,not_signaled,none,0,0.0075,-0.007500000000000453,16.526537156482078,0.0008263268578241039,-0.008326326857824556,-1.0000000000000604,-1.1101769143766076
reserved_3d_10d_trail_30m,2025-10-31 14:20:00+00:00,2025-10-31 14:22:00+00:00,2025-10-31 14:22:00+00:00,2025-10-31,opening_followthrough_30m,balance,balance_value_rejection,short,neutral,3_10,0.5625,25957.53,25984.11,25984.11,25904.37,25984.11,stop,1,2,5.493269610609495,5.493269610609495,0.0,0,,,,,,0.0,False,0,0,0,not_signaled,none,0,0.005625,-0.0056250000000004985,10.98653922121899,0.0005493269610609495,-0.006174326961061448,-1.0000000000000886,-1.0976581264109242
reserved_3d_10d_trail_30m,2025-11-06 15:00:00+00:00,2025-11-06 15:02:00+00:00,2025-11-06 15:20:00+00:00,2025-11-06,opening_followthrough_30m,imbalance_down,imbalance_opening_range_breakout,short,short,3_10,0.75,25375.32,25416.87857142857,25416.87857142857,25292.202857142856,25416.87857142857,stop,10,20,4.579437970506373,4.579437970506373,0.0,0,,,,,,0.0,False,0,0,0,not_signaled,none,0,0.007499999999999999,-0.007500000000000216,9.158875941012745,0.0004579437970506373,-0.007957943797050853,-1.0000000000000289,-1.0610591729401138
reserved_3d_10d_trail_30m,2025-11-18 15:00:00+00:00,2025-11-18 15:02:00+00:00,2025-11-18 15:10:00+00:00,2025-11-18,opening_followthrough_30m,imbalance_down,imbalance_opening_range_breakout,short,short,3_10,0.75,24432.28,24497.805714285714,24497.805714285714,24301.22857142857,24497.805714285714,stop,5,10,2.7964914537368304,2.7964914537368304,0.0,0,,,,,,0.0,False,0,0,0,not_signaled,none,0,0.0075,-0.007500000000000321,5.592982907473661,0.00027964914537368307,-0.007779649145374004,-1.0000000000000429,-1.037286552716534
reserved_3d_10d_trail_30m,2025-11-19 15:02:00+00:00,2025-11-19 15:04:00+00:00,2025-11-19 15:22:00+00:00,2025-11-19,opening_followthrough_30m,imbalance_up,imbalance_opening_range_breakout,long,neutral,3_10,0.5625,24862.09,24823.890714285713,24871.639821428573,24938.48857142857,24871.639821428573,trailing_stop,10,20,3.6610437508180973,3.6610437508180973,0.0,0,,,,,,0.0,True,0,0,0,not_signaled,none,2,0.005625,0.0014062499999999494,7.322087501636195,0.00036610437508180976,0.0010401456249181397,0.249999999999991,0.18491477776322485
reserved_3d_10d_trail_30m,2025-11-24 15:20:00+00:00,2025-11-24 15:22:00+00:00,2025-11-24 15:24:00+00:00,2025-11-24,opening_followthrough_30m,imbalance_up,imbalance_opening_range_breakout,long,neutral,3_10,0.5625,24677.620000000003,24633.637142857147,24633.637142857147,24765.585714285717,24633.637142857147,stop,2,4,3.1560390005846704,3.1560390005846704,0.0,0,,,,,,0.0,False,0,0,0,not_signaled,none,0,0.005625,-0.005624999999999894,6.312078001169341,0.00031560390005846707,-0.005940603900058361,-0.9999999999999812,-1.0561073600103754
reserved_3d_10d_trail_30m,2025-11-24 15:26:00+00:00,2025-11-24 15:28:00+00:00,2025-11-24 15:28:00+00:00,2025-11-24,opening_followthrough_30m,imbalance_up,imbalance_opening_range_breakout,long,neutral,3_10,0.5625,24680.0,24636.321428571428,24636.321428571428,24767.35714285714,24685.870000000003,window_end,1,2,3.178331970564186,3.178331970564186,0.0,0,,,,,,0.0,False,0,0,0,not_signaled,none,0,0.005625,0.0007559484873262877,6.356663941128372,0.0003178331970564186,0.0004381152902698691,0.13439084219134004,0.0778871627146434
reserved_3d_10d_trail_30m,2025-12-01 15:12:00+00:00,2025-12-01 15:14:00+00:00,2025-12-01 15:14:00+00:00,2025-12-01,opening_followthrough_30m,balance,balance_value_rejection,long,long,3_10,0.75,25340.72,25308.71142857143,25308.71142857143,25404.737142857142,25308.71142857143,stop,1,2,5.937640810497201,5.937640810497201,0.0,0,,,,,,0.0,False,0,0,0,not_signaled,none,0,0.0075,-0.007499999999999589,11.875281620994402,0.0005937640810497201,-0.00809376408104931,-0.9999999999999452,-1.079168544139908
reserved_3d_10d_trail_30m,2025-12-02 15:00:00+00:00,2025-12-02 15:02:00+00:00,2025-12-02 15:10:00+00:00,2025-12-02,opening_followthrough_30m,imbalance_up,imbalance_opening_range_breakout,long,long,3_10,0.75,25605.51,25571.465714285714,25571.465714285714,25673.59857142857,25571.465714285714,stop,5,10,5.640926838991285,5.640926838991285,0.0,0,,,,,,0.0,False,0,0,0,not_signaled,none,0,0.0075,-0.007500000000000015,11.28185367798257,0.0005640926838991285,-0.008064092683899144,-1.000000000000002,-1.0752123578532193
reserved_3d_10d_trail_30m,2025-12-03 15:02:00+00:00,2025-12-03 15:04:00+00:00,2025-12-03 15:06:00+00:00,2025-12-03,opening_followthrough_30m,balance,balance_value_rejection,long,long,3_10,0.75,25530.980000000003,25490.417142857146,25490.417142857146,25612.105714285713,25490.417142857146,stop,2,4,4.720632704092617,4.720632704092617,0.0,0,,,,,,0.0,False,0,0,0,not_signaled,none,0,0.0075,-0.007500000000000062,9.441265408185235,0.00047206327040926176,-0.007972063270409323,-1.0000000000000084,-1.0629417693879097
