variant,signal_time,entry_time,exit_time,session_date,phase,day_regime,setup,side,trend_bias,trend_model,trend_risk_multiplier,entry_price,initial_stop_price,final_stop_price,target_price,exit_price,exit_reason,holding_bars,holding_minutes,notional_fraction,base_notional_fraction,added_notional_fraction,scale_count,scale_signal_time,scale_signal_poc,scale_entry_time,scale_entry_price,scale_poc,locked_net_profit_at_scale,stop_was_raised,poc_cross_count,aligned_poc_cross_count,qualified_scale_signal_count,scale_rejection_reason,risk_fraction_deployed,gross_return,one_way_turnover,execution_cost,net_return,gross_r_multiple,net_r_multiple
trend_trail_poc_scale_16m,2024-01-05 15:00:00+00:00,2024-01-05 15:02:00+00:00,2024-01-05 15:06:00+00:00,2024-01-05,opening_followthrough_30m,balance,balance_value_rejection,long,neutral,10_30,0.75,16368.2,16348.934285714287,16373.016428571429,16406.73142857143,16406.73142857143,target,3,6,6.372019130950631,6.372019130950631,0.0,0,,,,,,0.0,True,0,0,0,not_signaled,0.0075,0.015000000000000251,12.744038261901261,0.0006372019130950631,0.014362798086905187,2.0000000000000338,1.9150397449206917
trend_trail_poc_scale_16m,2024-01-16 15:12:00+00:00,2024-01-16 15:14:00+00:00,2024-01-16 15:14:00+00:00,2024-01-16,opening_followthrough_30m,balance,balance_value_rejection,long,neutral,10_30,0.75,16817.15,16792.912142857145,16792.912142857145,16865.625714285718,16814.9,window_end,1,2,5.203786137388356,5.203786137388356,0.0,0,,,,,,0.0,False,0,0,0,not_signaled,0.007499999999999999,-0.0006962249138006345,10.407572274776712,0.0005203786137388356,-0.0012166035275394701,-0.09282998850675128,-0.16221380367192936
trend_trail_poc_scale_16m,2024-02-15 15:02:00+00:00,2024-02-15 15:04:00+00:00,2024-02-15 15:06:00+00:00,2024-02-15,opening_followthrough_30m,balance,balance_value_rejection,short,neutral,10_30,0.75,17735.72,17756.842142857146,17756.842142857146,17693.475714285716,17756.842142857146,stop,2,4,6.2975570660443,6.2975570660443,0.0,0,,,,,,0.0,False,0,0,0,not_signaled,0.0075,-0.007500000000000299,12.5951141320886,0.00062975570660443,-0.008129755706604729,-1.00000000000004,-1.0839674275472972
trend_trail_poc_scale_16m,2024-02-16 15:00:00+00:00,2024-02-16 15:02:00+00:00,2024-02-16 15:04:00+00:00,2024-02-16,opening_followthrough_30m,imbalance_down,imbalance_opening_range_breakout,short,neutral,10_30,0.75,17667.33,17693.915,17693.915,17614.160000000003,17693.915,stop,2,4,4.984200677073556,4.984200677073556,0.0,0,,,,,,0.0,False,0,0,0,not_signaled,0.007500000000000001,-0.007500000000000196,9.968401354147112,0.0004984200677073556,-0.00799842006770755,-1.000000000000026,-1.0664560090276733
trend_trail_poc_scale_16m,2024-02-20 15:08:00+00:00,2024-02-20 15:10:00+00:00,2024-02-20 15:14:00+00:00,2024-02-20,opening_followthrough_30m,imbalance_down,imbalance_opening_range_breakout,short,neutral,10_30,0.75,17483.260000000002,17505.257142857146,17505.257142857146,17439.265714285717,17467.38,window_end,3,6,5.960976425509823,5.960976425509823,0.0,0,,,,,,0.0,False,0,0,0,not_signaled,0.0075,0.005414339524614265,11.921952851019647,0.0005960976425509823,0.004818241882063283,0.7219119366152353,0.642432250941771
trend_trail_poc_scale_16m,2024-02-27 15:00:00+00:00,2024-02-27 15:02:00+00:00,2024-02-27 15:04:00+00:00,2024-02-27,opening_followthrough_30m,balance,balance_value_rejection,long,long,10_30,1.0,17974.010000000002,17954.652142857147,17954.652142857147,18012.725714285716,17954.652142857147,stop,2,4,9.285123796170312,9.285123796170312,0.0,0,,,,,,0.0,False,0,0,0,not_signaled,0.01,-0.00999999999999975,18.570247592340625,0.0009285123796170313,-0.010928512379616782,-0.999999999999975,-1.0928512379616782
trend_trail_poc_scale_16m,2024-03-05 15:08:00+00:00,2024-03-05 15:10:00+00:00,2024-03-05 15:14:00+00:00,2024-03-05,opening_followthrough_30m,imbalance_down,imbalance_opening_range_breakout,short,long,10_30,0.5,17977.210000000003,18001.128571428573,18001.128571428573,17929.372857142862,17981.36,window_end,3,6,3.7580024487846018,3.7580024487846018,0.0,0,,,,,,0.0,False,0,0,0,not_signaled,0.005,-0.000867526727587537,7.5160048975692035,0.0003758002448784602,-0.0012433269724659972,-0.17350534551750738,-0.24866539449319944
trend_trail_poc_scale_16m,2024-03-15 14:00:00+00:00,2024-03-15 14:02:00+00:00,2024-03-15 14:10:00+00:00,2024-03-15,opening_followthrough_30m,imbalance_down,imbalance_opening_range_breakout,short,neutral,10_30,0.75,17845.370000000003,17874.023571428574,17874.023571428574,17788.06285714286,17874.023571428574,stop,5,10,4.670980555901808,4.670980555901808,0.0,0,,,,,,0.0,False,0,0,0,not_signaled,0.0075,-0.007500000000000283,9.341961111803617,0.00046709805559018083,-0.007967098055590463,-1.0000000000000377,-1.0622797407453952
trend_trail_poc_scale_16m,2024-03-27 14:00:00+00:00,2024-03-27 14:02:00+00:00,2024-03-27 14:02:00+00:00,2024-03-27,opening_followthrough_30m,imbalance_down,imbalance_opening_range_breakout,short,long,10_30,0.5,18229.800000000003,18248.767142857145,18248.767142857145,18191.865714285716,18191.865714285716,target,1,2,4.805626270994872,4.805626270994872,0.0,0,,,,,,0.0,False,0,0,0,not_signaled,0.005,0.010000000000000533,9.611252541989744,0.0004805626270994872,0.009519437372901045,2.0000000000001066,1.903887474580209
trend_trail_poc_scale_16m,2024-04-05 14:08:00+00:00,2024-04-05 14:10:00+00:00,2024-04-05 14:14:00+00:00,2024-04-05,opening_followthrough_30m,balance,balance_value_rejection,long,neutral,10_30,0.75,18035.97,18010.710714285717,18042.284821428573,18086.48857142857,18070.47,window_end,3,6,5.355249413228611,5.355249413228611,0.0,0,,,,,,0.0,True,1,0,0,not_signaled,0.0075,0.01024375759975077,10.710498826457222,0.0005355249413228611,0.00970823265842791,1.3658343466334362,1.2944310211237213
trend_trail_poc_scale_16m,2024-04-15 14:08:00+00:00,2024-04-15 14:10:00+00:00,2024-04-15 14:10:00+00:00,2024-04-15,opening_followthrough_30m,balance,balance_value_rejection,short,short,10_30,1.0,18091.66,18112.99357142857,18112.99357142857,18048.992857142857,18048.992857142857,target,1,2,8.480370978002219,8.480370978002219,0.0,0,,,,,,0.0,False,0,0,0,not_signaled,0.01,0.019999999999999667,16.960741956004437,0.0008480370978002219,0.019151962902199445,1.9999999999999667,1.9151962902199444
trend_trail_poc_scale_16m,2024-04-18 14:08:00+00:00,2024-04-18 14:10:00+00:00,2024-04-18 14:14:00+00:00,2024-04-18,opening_followthrough_30m,balance,balance_value_rejection,long,short,10_30,0.5,17504.81,17478.955714285716,17478.955714285716,17556.518571428573,17503.07,window_end,3,6,3.3852820753674524,3.3852820753674524,0.0,0,,,,,,0.0,False,0,0,0,not_signaled,0.005,-0.0003365012708587835,6.770564150734905,0.00033852820753674527,-0.0006750294783955288,-0.0673002541717567,-0.13500589567910576
trend_trail_poc_scale_16m,2024-04-26 14:02:00+00:00,2024-04-26 14:04:00+00:00,2024-04-26 14:06:00+00:00,2024-04-26,opening_followthrough_30m,imbalance_up,imbalance_opening_range_breakout,long,neutral,10_30,0.75,17695.95,17668.63142857143,17668.63142857143,17750.587142857144,17668.63142857143,stop,2,4,4.858219813836614,4.858219813836614,0.0,0,,,,,,0.0,False,0,0,0,not_signaled,0.0075,-0.007500000000000033,9.716439627673228,0.00048582198138366145,-0.007985821981383694,-1.0000000000000044,-1.0647762641844924
trend_trail_poc_scale_16m,2024-04-30 14:12:00+00:00,2024-04-30 14:14:00+00:00,2024-04-30 14:14:00+00:00,2024-04-30,opening_followthrough_30m,balance,balance_value_rejection,long,neutral,10_30,0.75,17757.29,17738.009285714288,17738.009285714288,17795.851428571426,17765.640000000003,window_end,1,2,6.907403586115191,6.907403586115191,0.0,0,,,,,,0.0,False,0,0,0,not_signaled,0.0075,0.0032480643129712476,13.814807172230381,0.0006907403586115191,0.0025573239543597286,0.4330752417294997,0.34097652724796385
trend_trail_poc_scale_16m,2024-06-10 14:08:00+00:00,2024-06-10 14:10:00+00:00,2024-06-10 14:12:00+00:00,2024-06-10,opening_followthrough_30m,balance,balance_value_rejection,long,long,10_30,1.0,18988.960000000003,18973.505,18973.505,19019.870000000003,18973.505,stop,2,4,10.0,10.0,0.0,0,,,,,,0.0,False,0,0,0,not_signaled,0.008138939678634419,-0.00813893967863577,20.0,0.001,-0.009138939678635771,-1.000000000000166,-1.122866127467004
trend_trail_poc_scale_16m,2024-06-20 14:08:00+00:00,2024-06-20 14:10:00+00:00,2024-06-20 14:12:00+00:00,2024-06-20,opening_followthrough_30m,balance,balance_value_rejection,short,long,10_30,0.5,19912.61,19928.29,19908.690000000002,19881.25,19881.25,target,2,4,6.349684311224372,6.349684311224372,0.0,0,,,,,,0.0,True,1,0,0,not_signaled,0.005,0.009999999999999688,12.699368622448745,0.0006349684311224373,0.00936503156887725,1.9999999999999376,1.87300631377545
trend_trail_poc_scale_16m,2024-06-24 14:00:00+00:00,2024-06-24 14:02:00+00:00,2024-06-24 14:14:00+00:00,2024-06-24,opening_followthrough_30m,balance,balance_value_rejection,long,long,10_30,1.0,19761.22,19733.275,19733.275,19817.110000000004,19733.275,stop,7,14,7.071468956879396,7.071468956879396,0.0,0,,,,,,0.0,False,1,1,0,not_signaled,0.01,-0.0099999999999994,14.142937913758791,0.0007071468956879396,-0.01070714689568734,-0.9999999999999399,-1.0707146895687338
trend_trail_poc_scale_16m,2024-06-28 14:00:00+00:00,2024-06-28 14:02:00+00:00,2024-06-28 14:04:00+00:00,2024-06-28,opening_followthrough_30m,imbalance_up,imbalance_opening_range_breakout,long,long,10_30,1.0,19968.94,19948.809999999998,19973.9725,20009.199999999997,20009.199999999997,target,2,4,9.919990064580366,9.919990064580366,0.0,0,,,,,,0.0,True,0,0,0,not_signaled,0.01,0.019999999999999973,19.839980129160733,0.0009919990064580367,0.019008000993541937,1.9999999999999973,1.9008000993541936
trend_trail_poc_scale_16m,2024-07-01 14:12:00+00:00,2024-07-01 14:14:00+00:00,2024-07-01 14:14:00+00:00,2024-07-01,opening_followthrough_30m,imbalance_down,imbalance_opening_range_breakout,short,neutral,10_30,0.75,19629.06,19657.072142857145,19657.072142857145,19573.035714285717,19627.56,window_end,1,2,5.255504755590809,5.255504755590809,0.0,0,,,,,,0.0,False,0,0,0,not_signaled,0.0075,0.0004016115460129837,10.511009511181618,0.0005255504755590809,-0.0001239389295460972,0.053548206135064495,-0.01652519060614629
trend_trail_poc_scale_16m,2024-07-05 14:00:00+00:00,2024-07-05 14:02:00+00:00,2024-07-05 14:06:00+00:00,2024-07-05,opening_followthrough_30m,imbalance_up,imbalance_opening_range_breakout,long,long,10_30,1.0,20337.65,20313.944285714286,20313.944285714286,20385.06142857143,20313.944285714286,stop,3,6,8.579218392190016,8.579218392190016,0.0,0,,,,,,0.0,False,0,0,0,not_signaled,0.01,-0.010000000000001048,17.158436784380033,0.0008579218392190017,-0.010857921839220049,-1.0000000000001048,-1.0857921839220048
trend_trail_poc_scale_16m,2024-07-10 14:04:00+00:00,2024-07-10 14:06:00+00:00,2024-07-10 14:14:00+00:00,2024-07-10,opening_followthrough_30m,imbalance_up,imbalance_opening_range_breakout,long,long,10_30,1.0,20587.47,20571.685714285715,20571.685714285715,20619.038571428573,20600.47,window_end,5,10,10.0,10.0,0.0,0,,,,,,0.0,False,0,0,0,not_signaled,0.007666938052265025,0.006314520434032023,20.0,0.001,0.005314520434032023,0.8236039460585624,0.69317378043272
trend_trail_poc_scale_16m,2024-07-11 14:08:00+00:00,2024-07-11 14:10:00+00:00,2024-07-11 14:12:00+00:00,2024-07-11,opening_followthrough_30m,balance,balance_value_rejection,short,long,10_30,0.5,20623.92,20647.072857142855,20647.072857142855,20577.61428571428,20577.61428571428,target,2,4,4.453860677484845,4.453860677484845,0.0,0,,,,,,0.0,False,0,0,0,not_signaled,0.005,0.010000000000000191,8.90772135496969,0.0004453860677484845,0.009554613932251706,2.000000000000038,1.9109227864503413
trend_trail_poc_scale_16m,2024-07-24 14:00:00+00:00,2024-07-24 14:02:00+00:00,2024-07-24 14:14:00+00:00,2024-07-24,opening_followthrough_30m,imbalance_down,imbalance_opening_range_breakout,short,neutral,10_30,0.75,19350.84,19380.470714285715,19380.470714285715,19291.57857142857,19329.72,window_end,7,14,4.898002073138416,4.898002073138416,0.0,0,,,,,,0.0,False,0,0,0,not_signaled,0.0075,0.005345804305377645,9.796004146276832,0.0004898002073138416,0.004856004098063803,0.7127739073836861,0.6474672130751739
trend_trail_poc_scale_16m,2024-07-25 14:02:00+00:00,2024-07-25 14:04:00+00:00,2024-07-25 14:04:00+00:00,2024-07-25,opening_followthrough_30m,imbalance_down,imbalance_opening_range_breakout,short,neutral,10_30,0.75,18839.44,18882.821428571428,18882.821428571428,18752.67714285714,18882.821428571428,stop,1,2,3.2570573319722445,3.2570573319722445,0.0,0,,,,,,0.0,False,0,0,0,not_signaled,0.0075,-0.007500000000000077,6.514114663944489,0.0003257057331972245,-0.007825705733197302,-1.0000000000000102,-1.0434274310929736
trend_trail_poc_scale_16m,2024-07-31 14:00:00+00:00,2024-07-31 14:02:00+00:00,2024-07-31 14:14:00+00:00,2024-07-31,opening_followthrough_30m,imbalance_up,imbalance_opening_range_breakout,long,short,10_30,0.5,19304.94,19268.019285714287,19268.019285714287,19378.781428571427,19307.69,window_end,7,14,2.6143779140629935,2.6143779140629935,0.0,0,,,,,,0.0,False,0,0,0,not_signaled,0.005,0.00037241966375831017,5.228755828125987,0.0002614377914062994,0.00011098187235201079,0.07448393275166203,0.022196374470402156
trend_trail_poc_scale_16m,2024-08-02 14:04:00+00:00,2024-08-02 14:06:00+00:00,2024-08-02 14:14:00+00:00,2024-08-02,opening_followthrough_30m,imbalance_down,imbalance_opening_range_breakout,short,short,10_30,1.0,18384.01,18445.512857142858,18368.634285714284,18261.004285714283,18316.890000000003,window_end,5,10,2.989131050822233,2.989131050822233,0.0,0,,,,,,0.0,True,0,0,0,not_signaled,0.01,0.010913314131746663,5.978262101644466,0.00029891310508222335,0.010614401026664439,1.0913314131746663,1.061440102666444
trend_trail_poc_scale_16m,2024-08-06 14:06:00+00:00,2024-08-06 14:08:00+00:00,2024-08-06 14:14:00+00:00,2024-08-06,opening_followthrough_30m,imbalance_up,imbalance_opening_range_breakout,long,short,10_30,0.5,18102.050000000003,18044.347142857143,18044.347142857143,18217.45571428572,18060.93,window_end,4,8,1.5685575113883514,1.5685575113883514,0.0,0,,,,,,0.0,False,0,0,0,not_signaled,0.005,-0.0035630817983761227,3.137115022776703,0.00015685575113883515,-0.003719937549514958,-0.7126163596752245,-0.7439875099029916
trend_trail_poc_scale_16m,2024-08-15 14:00:00+00:00,2024-08-15 14:02:00+00:00,2024-08-15 14:04:00+00:00,2024-08-15,opening_followthrough_30m,imbalance_up,imbalance_opening_range_breakout,long,neutral,10_30,0.75,19388.69,19362.017857142855,19362.017857142855,19442.034285714282,19362.017857142855,stop,2,4,5.45194946573477,5.45194946573477,0.0,0,,,,,,0.0,False,0,0,0,not_signaled,0.007499999999999999,-0.007500000000000255,10.90389893146954,0.000545194946573477,-0.008045194946573731,-1.0000000000000342,-1.0726926595431643
trend_trail_poc_scale_16m,2024-08-21 14:02:00+00:00,2024-08-21 14:04:00+00:00,2024-08-21 14:14:00+00:00,2024-08-21,opening_followthrough_30m,imbalance_up,imbalance_opening_range_breakout,long,neutral,10_30,0.75,19823.7,19803.08785714286,19803.08785714286,19864.924285714285,19803.08785714286,stop,6,12,7.213114668884508,7.213114668884508,0.0,0,,,,,,0.0,False,0,0,0,not_signaled,0.0075,-0.007500000000000175,14.426229337769016,0.0007213114668884508,-0.008221311466888625,-1.0000000000000233,-1.0961748622518168
trend_trail_poc_scale_16m,2024-08-22 14:08:00+00:00,2024-08-22 14:10:00+00:00,2024-08-22 14:14:00+00:00,2024-08-22,opening_followthrough_30m,balance,balance_value_rejection,short,neutral,10_30,0.75,19834.08,19861.17285714286,19861.17285714286,19779.894285714287,19816.83,window_end,3,6,5.490583706828274,5.490583706828274,0.0,0,,,,,,0.0,False,0,0,0,not_signaled,0.0075,0.004775243870287385,10.981167413656548,0.0005490583706828275,0.004226185499604558,0.6366991827049847,0.5634913999472744
trend_trail_poc_scale_16m,2024-09-03 14:12:00+00:00,2024-09-03 14:14:00+00:00,2024-09-03 14:14:00+00:00,2024-09-03,opening_followthrough_30m,imbalance_down,imbalance_opening_range_breakout,short,neutral,10_30,0.75,19263.050000000003,19300.282142857144,19300.282142857144,19188.585714285717,19259.050000000003,window_end,1,2,3.8803266187050367,3.8803266187050367,0.0,0,,,,,,0.0,False,0,0,0,not_signaled,0.0075,0.0008057553956836664,7.760653237410073,0.0003880326618705037,0.0004177227338131627,0.1074340527578222,0.0556963645084217
trend_trail_poc_scale_16m,2024-09-06 14:10:00+00:00,2024-09-06 14:12:00+00:00,2024-09-06 14:14:00+00:00,2024-09-06,opening_followthrough_30m,imbalance_down,imbalance_opening_range_breakout,short,neutral,10_30,0.75,18704.44,18745.995,18745.995,18621.329999999998,18699.44,window_end,2,4,3.3758464685356517,3.3758464685356517,0.0,0,,,,,,0.0,False,0,0,0,not_signaled,0.0075,0.0009024184815303519,6.7516929370713035,0.00033758464685356516,0.0005648338346767867,0.12032246420404692,0.0753111779569049
trend_trail_poc_scale_16m,2024-09-09 14:10:00+00:00,2024-09-09 14:12:00+00:00,2024-09-09 14:14:00+00:00,2024-09-09,opening_followthrough_30m,imbalance_up,imbalance_opening_range_breakout,long,neutral,10_30,0.75,18690.32,18665.13,18665.13,18740.7,18665.13,stop,2,4,5.564803493449841,5.564803493449841,0.0,0,,,,,,0.0,False,0,0,0,not_signaled,0.0075,-0.007499999999999647,11.129606986899683,0.0005564803493449842,-0.008056480349344631,-0.9999999999999529,-1.0741973799126174
trend_trail_poc_scale_16m,2024-09-13 14:06:00+00:00,2024-09-13 14:08:00+00:00,2024-09-13 14:12:00+00:00,2024-09-13,opening_followthrough_30m,imbalance_up,imbalance_opening_range_breakout,long,neutral,10_30,0.75,19486.22,19456.308571428573,19456.308571428573,19546.04285714286,19456.308571428573,stop,3,6,4.885980275097884,4.885980275097884,0.0,0,,,,,,0.0,False,0,0,0,not_signaled,0.0075,-0.007499999999999654,9.771960550195768,0.0004885980275097884,-0.007988598027509442,-0.9999999999999538,-1.0651464036679257
trend_trail_poc_scale_16m,2024-09-20 14:10:00+00:00,2024-09-20 14:12:00+00:00,2024-09-20 14:14:00+00:00,2024-09-20,opening_followthrough_30m,imbalance_down,imbalance_opening_range_breakout,short,long,10_30,0.5,19788.63,19813.363571428574,19813.363571428574,19739.16285714286,19779.75,window_end,2,4,4.000358390851023,4.000358390851023,0.0,0,,,,,,0.0,False,0,0,0,not_signaled,0.005,0.0017951309671644787,8.000716781702046,0.0004000358390851023,0.0013950951280793764,0.35902619343289577,0.27901902561587527
trend_trail_poc_scale_16m,2024-09-24 14:00:00+00:00,2024-09-24 14:02:00+00:00,2024-09-24 14:02:00+00:00,2024-09-24,opening_followthrough_30m,balance,balance_value_rejection,short,long,10_30,0.5,19853.53,19875.495,19875.495,19809.6,19809.6,target,1,2,4.519355793307612,4.519355793307612,0.0,0,,,,,,0.0,False,0,0,0,not_signaled,0.005,0.009999999999999992,9.038711586615223,0.0004519355793307612,0.00954806442066923,1.9999999999999982,1.909612884133846
trend_trail_poc_scale_16m,2024-09-25 14:04:00+00:00,2024-09-25 14:06:00+00:00,2024-09-25 14:14:00+00:00,2024-09-25,opening_followthrough_30m,imbalance_up,imbalance_opening_range_breakout,long,long,10_30,1.0,20053.47,20033.308571428573,20033.308571428573,20093.792857142857,20071.22,window_end,5,10,9.946452915751621,9.946452915751621,0.0,0,,,,,,0.0,False,0,0,0,not_signaled,0.01,0.008803939630127853,19.892905831503242,0.0009946452915751622,0.007809294338552691,0.8803939630127853,0.780929433855269
trend_trail_poc_scale_16m,2024-10-01 14:08:00+00:00,2024-10-01 14:10:00+00:00,2024-10-01 14:14:00+00:00,2024-10-01,opening_followthrough_30m,imbalance_down,imbalance_opening_range_breakout,short,neutral,10_30,0.75,19787.76,19828.41357142857,19828.41357142857,19706.452857142856,19754.38,window_end,3,6,3.650557498023359,3.650557498023359,0.0,0,,,,,,0.0,False,0,0,0,not_signaled,0.0075,0.006158130545549762,7.301114996046718,0.0003650557498023359,0.005793074795747426,0.8210840727399683,0.7724099727663235
trend_trail_poc_scale_16m,2024-10-11 14:04:00+00:00,2024-10-11 14:06:00+00:00,2024-10-11 14:06:00+00:00,2024-10-11,opening_followthrough_30m,balance,balance_value_rejection,long,long,10_30,1.0,20210.31,20190.29642857143,20190.29642857143,20250.337142857144,20250.337142857144,target,1,2,10.0,10.0,0.0,0,,,,,,0.0,False,0,0,0,not_signaled,0.009902654352442813,0.019805308704885505,20.0,0.001,0.018805308704885504,1.9999999999999878,1.899016974196071
trend_trail_poc_scale_16m,2024-10-25 14:00:00+00:00,2024-10-25 14:02:00+00:00,2024-10-25 14:04:00+00:00,2024-10-25,opening_followthrough_30m,imbalance_up,imbalance_opening_range_breakout,long,long,10_30,1.0,20563.42,20540.914999999997,20540.914999999997,20608.43,20540.914999999997,stop,2,4,9.1372672739385,9.1372672739385,0.0,0,,,,,,0.0,False,0,0,0,not_signaled,0.01,-0.010000000000000052,18.274534547877,0.00091372672739385,-0.010913726727393902,-1.000000000000005,-1.0913726727393902
trend_trail_poc_scale_16m,2024-10-29 14:02:00+00:00,2024-10-29 14:04:00+00:00,2024-10-29 14:14:00+00:00,2024-10-29,opening_followthrough_30m,balance,balance_value_rejection,long,long,10_30,1.0,20423.17,20396.66857142857,20396.66857142857,20476.172857142854,20433.17,window_end,6,12,7.706441162201716,7.706441162201716,0.0,0,,,,,,0.0,False,0,0,0,not_signaled,0.01,0.0037733814888692386,15.412882324403432,0.0007706441162201716,0.003002737372649067,0.37733814888692385,0.3002737372649067
trend_trail_poc_scale_16m,2024-10-31 14:00:00+00:00,2024-10-31 14:02:00+00:00,2024-10-31 14:06:00+00:00,2024-10-31,opening_followthrough_30m,imbalance_down,imbalance_opening_range_breakout,short,neutral,10_30,0.75,20039.51,20074.35,20074.35,19969.83,20074.35,stop,3,6,4.313901406429565,4.313901406429565,0.0,0,,,,,,0.0,False,0,0,0,not_signaled,0.007499999999999999,-0.007499999999999909,8.62780281285913,0.0004313901406429565,-0.007931390140642865,-0.999999999999988,-1.0575186854190488
trend_trail_poc_scale_16m,2024-10-31 14:10:00+00:00,2024-10-31 14:12:00+00:00,2024-10-31 14:14:00+00:00,2024-10-31,opening_followthrough_30m,imbalance_down,imbalance_opening_range_breakout,short,neutral,10_30,0.75,20023.640000000003,20055.283571428572,20055.283571428572,19960.35285714286,20055.283571428572,stop,2,4,4.745902349834301,4.745902349834301,0.0,0,,,,,,0.0,False,0,0,0,not_signaled,0.007499999999999999,-0.007499999999999556,9.491804699668602,0.0004745902349834301,-0.007974590234982986,-0.9999999999999409,-1.0632786979977318
trend_trail_poc_scale_16m,2024-11-01 14:06:00+00:00,2024-11-01 14:08:00+00:00,2024-11-01 14:14:00+00:00,2024-11-01,opening_followthrough_30m,imbalance_up,imbalance_opening_range_breakout,long,neutral,10_30,0.75,20083.29,20059.272142857142,20089.294464285715,20131.325714285715,20131.325714285715,target,4,8,6.271361933085501,6.271361933085501,0.0,0,,,,,,0.0,True,0,0,0,not_signaled,0.007499999999999999,0.015000000000000015,12.542723866171002,0.0006271361933085501,0.014372863806691465,2.000000000000002,1.9163818408921955
trend_trail_poc_scale_16m,2024-11-04 15:00:00+00:00,2024-11-04 15:02:00+00:00,2024-11-04 15:14:00+00:00,2024-11-04,opening_followthrough_30m,balance,balance_value_rejection,long,neutral,10_30,0.75,20053.79,20024.232142857145,20024.232142857145,20112.905714285716,20048.42,window_end,7,14,5.088441434474653,5.088441434474653,0.0,0,,,,,,0.0,False,0,0,0,not_signaled,0.007499999999999999,-0.0013625818612411106,10.176882868949306,0.0005088441434474653,-0.001871426004688576,-0.18167758149881477,-0.24952346729181016
trend_trail_poc_scale_16m,2024-11-07 15:04:00+00:00,2024-11-07 15:06:00+00:00,2024-11-07 15:14:00+00:00,2024-11-07,opening_followthrough_30m,imbalance_up,imbalance_opening_range_breakout,long,long,10_30,1.0,21033.33,21014.114285714288,21014.114285714288,21071.76142857143,21018.95,window_end,5,10,10.0,10.0,0.0,0,,,,,,0.0,False,0,0,0,not_signaled,0.009135840252453878,-0.006836768119932168,20.0,0.001,-0.00783676811993217,-0.7483458478924058,-0.8578048546577005
trend_trail_poc_scale_16m,2024-11-11 15:04:00+00:00,2024-11-11 15:06:00+00:00,2024-11-11 15:08:00+00:00,2024-11-11,opening_followthrough_30m,imbalance_down,imbalance_opening_range_breakout,short,long,10_30,0.5,21073.0,21096.284285714286,21096.284285714286,21026.431428571428,21096.284285714286,stop,2,4,4.525154917479656,4.525154917479656,0.0,0,,,,,,0.0,False,0,0,0,not_signaled,0.005,-0.004999999999999694,9.050309834959313,0.00045251549174796566,-0.00545251549174766,-0.9999999999999387,-1.0905030983495319
trend_trail_poc_scale_16m,2024-11-13 15:00:00+00:00,2024-11-13 15:02:00+00:00,2024-11-13 15:06:00+00:00,2024-11-13,opening_followthrough_30m,imbalance_down,imbalance_opening_range_breakout,short,long,10_30,0.5,21036.66,21062.23285714286,21062.23285714286,20985.514285714286,20985.514285714286,target,3,6,4.113083626612992,4.113083626612992,0.0,0,,,,,,0.0,False,0,0,0,not_signaled,0.005,0.00999999999999992,8.226167253225984,0.00041130836266129925,0.009588691637338621,1.999999999999984,1.9177383274677242
trend_trail_poc_scale_16m,2024-11-15 15:00:00+00:00,2024-11-15 15:02:00+00:00,2024-11-15 15:14:00+00:00,2024-11-15,opening_followthrough_30m,imbalance_down,imbalance_opening_range_breakout,short,neutral,10_30,0.75,20599.2,20625.155,20589.457857142857,20547.29,20547.29,target,7,14,5.952379117703734,5.952379117703734,0.0,0,,,,,,0.0,True,0,0,0,not_signaled,0.0075,0.0150000000000001,11.904758235407469,0.0005952379117703735,0.014404762088229727,2.0000000000000133,1.920634945097297
trend_trail_poc_scale_16m,2024-11-21 15:00:00+00:00,2024-11-21 15:02:00+00:00,2024-11-21 15:12:00+00:00,2024-11-21,opening_followthrough_30m,balance,balance_value_rejection,short,neutral,10_30,0.75,20554.4,20610.819285714286,20610.819285714286,20441.56142857143,20610.819285714286,stop,6,12,2.7323635534961483,2.7323635534961483,0.0,0,,,,,,0.0,False,0,0,0,not_signaled,0.0075,-0.0074999999999998766,5.464727106992297,0.00027323635534961486,-0.007773236355349491,-0.9999999999999836,-1.036431514046599
trend_trail_poc_scale_16m,2024-11-22 15:06:00+00:00,2024-11-22 15:08:00+00:00,2024-11-22 15:14:00+00:00,2024-11-22,opening_followthrough_30m,balance,balance_value_rejection,short,neutral,10_30,0.75,20741.620000000003,20770.91571428572,20734.296071428573,20683.02857142857,20708.370000000003,window_end,4,8,5.310065099721866,5.310065099721866,0.0,0,,,,,,0.0,True,0,0,0,not_signaled,0.0075,0.0085123372506946,10.620130199443732,0.0005310065099721866,0.007981330740722414,1.1349783000926135,1.064177432096322
trend_trail_poc_scale_16m,2024-11-29 15:04:00+00:00,2024-11-29 15:06:00+00:00,2024-11-29 15:14:00+00:00,2024-11-29,opening_followthrough_30m,imbalance_up,imbalance_opening_range_breakout,long,long,10_30,1.0,20881.24,20863.007142857143,20887.768571428573,20917.705714285716,20917.705714285716,target,5,10,10.0,10.0,0.0,0,2024-11-29 15:10:00+00:00,20905.070625,,,,0.0012224323295527703,True,1,1,1,insufficient_locked_profit_or_capacity,0.008731692726513026,0.017463385453024838,20.0,0.001,0.016463385453024837,1.999999999999861,1.8854746689648385
trend_trail_poc_scale_16m,2024-12-02 15:10:00+00:00,2024-12-02 15:12:00+00:00,2024-12-02 15:14:00+00:00,2024-12-02,opening_followthrough_30m,imbalance_up,imbalance_opening_range_breakout,long,long,10_30,1.0,21142.7,21121.167142857143,21121.167142857143,21185.765714285717,21152.45,window_end,2,4,9.818808465467965,9.818808465467965,0.0,0,,,,,,0.0,False,0,0,0,not_signaled,0.01,0.004527963908977299,19.63761693093593,0.0009818808465467965,0.003546083062430503,0.4527963908977299,0.3546083062430503
trend_trail_poc_scale_16m,2024-12-06 15:00:00+00:00,2024-12-06 15:02:00+00:00,2024-12-06 15:06:00+00:00,2024-12-06,opening_followthrough_30m,imbalance_up,imbalance_opening_range_breakout,long,long,10_30,1.0,21581.24,21562.534285714286,21562.534285714286,21618.65142857143,21562.534285714286,stop,3,6,10.0,10.0,0.0,0,,,,,,0.0,False,0,0,0,not_signaled,0.008667580864544555,-0.008667580864545332,20.0,0.001,-0.009667580864545333,-1.0000000000000897,-1.1153724453949267
trend_trail_poc_scale_16m,2024-12-06 15:10:00+00:00,2024-12-06 15:12:00+00:00,2024-12-06 15:14:00+00:00,2024-12-06,opening_followthrough_30m,imbalance_up,imbalance_opening_range_breakout,long,long,10_30,1.0,21592.120000000003,21573.96785714286,21573.96785714286,21628.42428571429,21598.99,window_end,2,4,10.0,10.0,0.0,0,,,,,,0.0,False,0,0,0,not_signaled,0.008406836779872901,0.003181716292794956,20.0,0.001,0.002181716292794956,0.3784677133749537,0.2595169086687015
trend_trail_poc_scale_16m,2024-12-11 15:04:00+00:00,2024-12-11 15:06:00+00:00,2024-12-11 15:14:00+00:00,2024-12-11,opening_followthrough_30m,imbalance_up,imbalance_opening_range_breakout,long,long,10_30,1.0,21682.69,21662.975,21687.618749999998,21722.12,21702.69,window_end,5,10,10.0,10.0,0.0,0,,,,,,0.0,True,0,0,0,not_signaled,0.009092506510954198,0.009223947766627827,20.0,0.001,0.008223947766627826,1.0144559979709968,0.9044753233577589
trend_trail_poc_scale_16m,2024-12-16 15:00:00+00:00,2024-12-16 15:02:00+00:00,2024-12-16 15:14:00+00:00,2024-12-16,opening_followthrough_30m,imbalance_up,imbalance_opening_range_breakout,long,long,10_30,1.0,21971.95,21947.751428571428,21947.751428571428,22020.347142857143,21947.751428571428,stop,7,14,9.079854182655344,9.079854182655344,0.0,0,,,,,,0.0,False,0,0,0,not_signaled,0.01,-0.010000000000000281,18.15970836531069,0.0009079854182655344,-0.010907985418265816,-1.0000000000000282,-1.0907985418265815
trend_trail_poc_scale_16m,2024-12-27 15:00:00+00:00,2024-12-27 15:02:00+00:00,2024-12-27 15:08:00+00:00,2024-12-27,opening_followthrough_30m,imbalance_down,imbalance_opening_range_breakout,short,neutral,10_30,0.75,21413.42,21450.032857142854,21404.266785714284,21340.194285714286,21404.266785714284,trailing_stop,4,8,4.386454992391447,4.386454992391447,0.0,0,,,,,,0.0,True,0,0,0,not_signaled,0.0075,0.0018749999999998883,8.772909984782894,0.0004386454992391447,0.0014363545007607436,0.24999999999998512,0.1915139334347658
trend_trail_poc_scale_16m,2025-01-07 15:00:00+00:00,2025-01-07 15:02:00+00:00,2025-01-07 15:14:00+00:00,2025-01-07,opening_followthrough_30m,imbalance_down,imbalance_opening_range_breakout,short,long,10_30,0.5,21464.52,21504.249285714286,21454.587678571428,21385.06142857143,21415.52,window_end,7,14,2.701347332841917,2.701347332841917,0.0,0,,,,,,0.0,True,0,0,0,not_signaled,0.005,0.006166735585480171,5.402694665683834,0.0002701347332841917,0.005896600852195979,1.2333471170960342,1.1793201704391958
trend_trail_poc_scale_16m,2025-01-08 15:02:00+00:00,2025-01-08 15:04:00+00:00,2025-01-08 15:06:00+00:00,2025-01-08,opening_followthrough_30m,balance,balance_value_rejection,long,neutral,10_30,0.75,21244.120000000003,21197.492142857147,21197.492142857147,21337.375714285718,21197.492142857147,stop,2,4,3.417075322845015,3.417075322845015,0.0,0,,,,,,0.0,False,0,0,0,not_signaled,0.0075,-0.00749999999999985,6.83415064569003,0.0003417075322845015,-0.007841707532284352,-0.99999999999998,-1.0455610043045802
trend_trail_poc_scale_16m,2025-01-10 15:00:00+00:00,2025-01-10 15:02:00+00:00,2025-01-10 15:14:00+00:00,2025-01-10,opening_followthrough_30m,imbalance_down,imbalance_opening_range_breakout,short,neutral,10_30,0.75,20813.25,20866.33357142857,20799.979107142855,20707.082857142857,20763.0,window_end,7,14,2.940634377060437,2.940634377060437,0.0,0,,,,,,0.0,True,0,0,0,not_signaled,0.0075,0.007099654184103346,5.881268754120874,0.00029406343770604367,0.006805590746397302,0.9466205578804462,0.9074120995196403
trend_trail_poc_scale_16m,2025-01-15 15:00:00+00:00,2025-01-15 15:02:00+00:00,2025-01-15 15:14:00+00:00,2025-01-15,opening_followthrough_30m,imbalance_up,imbalance_opening_range_breakout,long,neutral,10_30,0.75,21228.79,21192.55642857143,21192.55642857143,21301.257142857143,21244.17,window_end,7,14,4.394154887929596,4.394154887929596,0.0,0,,,,,,0.0,False,0,0,0,not_signaled,0.0075,0.00318351173930979,8.788309775859192,0.00043941548879295963,0.0027440962505168305,0.424468231907972,0.36587950006891073
trend_trail_poc_scale_16m,2025-01-16 15:10:00+00:00,2025-01-16 15:12:00+00:00,2025-01-16 15:14:00+00:00,2025-01-16,opening_followthrough_30m,balance,balance_value_rejection,short,neutral,10_30,0.75,21249.28,21283.562857142857,21283.562857142857,21180.714285714286,21254.53,window_end,2,4,4.648667388949122,4.648667388949122,0.0,0,,,,,,0.0,False,0,0,0,not_signaled,0.007499999999999999,-0.001148533211100488,9.297334777898245,0.00046486673889491225,-0.0016133999499954002,-0.15313776148006508,-0.21511999333272006
trend_trail_poc_scale_16m,2025-01-31 15:00:00+00:00,2025-01-31 15:02:00+00:00,2025-01-31 15:14:00+00:00,2025-01-31,opening_followthrough_30m,imbalance_up,imbalance_opening_range_breakout,long,long,10_30,1.0,21794.52,21766.622142857144,21766.622142857144,21850.315714285716,21795.77,window_end,7,14,7.812255933635317,7.812255933635317,0.0,0,,,,,,0.0,False,0,0,0,not_signaled,0.01,0.0004480630872820993,15.624511867270634,0.0007812255933635318,-0.0003331625060814325,0.04480630872820993,-0.03331625060814325
trend_trail_poc_scale_16m,2025-02-10 15:00:00+00:00,2025-02-10 15:02:00+00:00,2025-02-10 15:14:00+00:00,2025-02-10,opening_followthrough_30m,imbalance_up,imbalance_opening_range_breakout,long,long,10_30,1.0,21735.56,21712.720714285715,21741.269821428574,21781.238571428574,21766.06,window_end,7,14,9.516742455043003,9.516742455043003,0.0,0,,,,,,0.0,True,0,0,0,not_signaled,0.01,0.013354182955434314,19.033484910086006,0.0009516742455043004,0.012402508709930014,1.3354182955434313,1.2402508709930014
trend_trail_poc_scale_16m,2025-02-21 15:12:00+00:00,2025-02-21 15:14:00+00:00,2025-02-21 15:14:00+00:00,2025-02-21,opening_followthrough_30m,balance,balance_value_rejection,short,long,10_30,0.5,22009.640000000003,22042.870000000003,22042.870000000003,21943.180000000004,22022.01,window_end,1,2,3.3117123081553768,3.3117123081553768,0.0,0,,,,,,0.0,False,0,0,0,not_signaled,0.005,-0.0018612699368033613,6.6234246163107535,0.0003311712308155377,-0.002192441167618899,-0.3722539873606722,-0.4384882335237798
trend_trail_poc_scale_16m,2025-02-24 15:00:00+00:00,2025-02-24 15:02:00+00:00,2025-02-24 15:06:00+00:00,2025-02-24,opening_followthrough_30m,imbalance_down,imbalance_opening_range_breakout,short,neutral,10_30,0.75,21465.86,21501.883571428574,21456.85410714286,21393.812857142853,21393.812857142853,target,3,6,4.469127951936024,4.469127951936024,0.0,0,,,,,,0.0,True,0,0,0,not_signaled,0.0075,0.014999999999999975,8.938255903872047,0.00044691279519360236,0.014553087204806373,1.9999999999999967,1.9404116273075165
trend_trail_poc_scale_16m,2025-02-25 15:00:00+00:00,2025-02-25 15:02:00+00:00,2025-02-25 15:14:00+00:00,2025-02-25,opening_followthrough_30m,imbalance_down,imbalance_opening_range_breakout,short,neutral,10_30,0.75,21147.85,21194.840714285714,21194.840714285714,21053.86857142857,21101.480000000003,window_end,7,14,3.375323772173857,3.375323772173857,0.0,0,,,,,,0.0,False,0,0,0,not_signaled,0.0075,0.007400930274977705,6.750647544347714,0.0003375323772173857,0.007063397897760319,0.9867907033303607,0.9417863863680426
trend_trail_poc_scale_16m,2025-02-26 15:02:00+00:00,2025-02-26 15:04:00+00:00,2025-02-26 15:06:00+00:00,2025-02-26,opening_followthrough_30m,imbalance_up,imbalance_opening_range_breakout,long,neutral,10_30,0.75,21267.550000000003,21232.94642857143,21232.94642857143,21336.757142857146,21232.94642857143,stop,2,4,4.609542264423532,4.609542264423532,0.0,0,,,,,,0.0,False,0,0,0,not_signaled,0.0075,-0.007499999999999807,9.219084528847064,0.0004609542264423532,-0.007960954226442161,-0.9999999999999744,-1.0614605635256216
trend_trail_poc_scale_16m,2025-03-27 14:12:00+00:00,2025-03-27 14:14:00+00:00,2025-03-27 14:14:00+00:00,2025-03-27,opening_followthrough_30m,balance,balance_value_rejection,long,neutral,10_30,0.75,19918.52,19882.65,19882.65,19990.26,19903.9,window_end,1,2,4.164730972957932,4.164730972957932,0.0,0,,,,,,0.0,False,0,0,0,not_signaled,0.007500000000000001,-0.0030568720379146744,8.329461945915863,0.00041647309729579316,-0.0034733451352104675,-0.40758293838862325,-0.46311268469472894
trend_trail_poc_scale_16m,2025-03-28 14:02:00+00:00,2025-03-28 14:04:00+00:00,2025-03-28 14:08:00+00:00,2025-03-28,opening_followthrough_30m,imbalance_down,imbalance_opening_range_breakout,short,short,10_30,1.0,19674.75,19712.185,19665.39125,19599.88,19599.88,target,3,6,5.2557098971551035,5.2557098971551035,0.0,0,,,,,,0.0,True,0,0,0,not_signaled,0.01,0.020000000000000028,10.511419794310207,0.0005255709897155103,0.019474429010284518,2.0000000000000027,1.9474429010284517
trend_trail_poc_scale_16m,2025-04-07 14:10:00+00:00,2025-04-07 14:12:00+00:00,2025-04-07 14:12:00+00:00,2025-04-07,opening_followthrough_30m,balance,balance_value_rejection,long,short,10_30,0.5,17594.890000000003,17455.640714285717,17455.640714285717,17873.38857142857,17873.38857142857,target,1,2,0.6317766697956957,0.6317766697956957,0.0,0,,,,,,0.0,False,0,0,0,not_signaled,0.005,0.010000000000000004,1.2635533395913914,6.317766697956958e-05,0.009936822333020434,2.000000000000001,1.9873644666040868
trend_trail_poc_scale_16m,2025-04-09 14:00:00+00:00,2025-04-09 14:02:00+00:00,2025-04-09 14:04:00+00:00,2025-04-09,opening_followthrough_30m,balance,balance_value_rejection,long,short,10_30,0.5,17433.41,17335.23,17335.23,17629.77,17335.23,stop,2,4,0.8878289875738367,0.8878289875738367,0.0,0,,,,,,0.0,False,0,0,0,not_signaled,0.005,-0.004999999999999964,1.7756579751476733,8.878289875738367e-05,-0.005088782898757347,-0.9999999999999927,-1.0177565797514694
trend_trail_poc_scale_16m,2025-04-21 14:00:00+00:00,2025-04-21 14:02:00+00:00,2025-04-21 14:14:00+00:00,2025-04-21,opening_followthrough_30m,imbalance_down,imbalance_opening_range_breakout,short,short,10_30,1.0,17871.81,17907.234285714287,17907.234285714287,17800.96142857143,17853.31,window_end,7,14,5.045072791063485,5.045072791063485,0.0,0,,,,,,0.0,False,0,0,0,not_signaled,0.01,0.0052224059362022115,10.09014558212697,0.0005045072791063486,0.004717898657095863,0.5222405936202211,0.47178986570958625
trend_trail_poc_scale_16m,2025-05-14 14:08:00+00:00,2025-05-14 14:10:00+00:00,2025-05-14 14:14:00+00:00,2025-05-14,opening_followthrough_30m,balance,balance_value_rejection,short,long,10_30,0.5,21258.35,21290.285,21290.285,21194.48,21244.35,window_end,3,6,3.328377955221516,3.328377955221516,0.0,0,,,,,,0.0,False,0,0,0,not_signaled,0.005,0.0021919524033192916,6.656755910443032,0.00033283779552215157,0.0018591146077971401,0.43839048066385833,0.37182292155942803
trend_trail_poc_scale_16m,2025-05-15 14:00:00+00:00,2025-05-15 14:02:00+00:00,2025-05-15 14:08:00+00:00,2025-05-15,opening_followthrough_30m,balance,balance_value_rejection,long,long,10_30,1.0,21264.09,21233.745,21233.745,21324.78,21233.745,stop,4,8,7.007444389520545,7.007444389520545,0.0,0,,,,,,0.0,False,0,0,0,not_signaled,0.01,-0.010000000000000623,14.01488877904109,0.0007007444389520545,-0.010700744438952678,-1.0000000000000622,-1.0700744438952678
trend_trail_poc_scale_16m,2025-05-19 14:00:00+00:00,2025-05-19 14:02:00+00:00,2025-05-19 14:06:00+00:00,2025-05-19,opening_followthrough_30m,balance,balance_value_rejection,long,long,10_30,1.0,21316.99,21289.033571428572,21289.033571428572,21372.90285714286,21372.90285714286,target,3,6,7.625076266639354,7.625076266639354,0.0,0,,,,,,0.0,False,0,0,0,not_signaled,0.01,0.01999999999999976,15.250152533278708,0.0007625076266639354,0.019237492373335826,1.999999999999976,1.9237492373335825
trend_trail_poc_scale_16m,2025-05-27 14:00:00+00:00,2025-05-27 14:02:00+00:00,2025-05-27 14:14:00+00:00,2025-05-27,opening_followthrough_30m,imbalance_up,imbalance_opening_range_breakout,long,long,10_30,1.0,21277.09,21251.565714285716,21284.217142857146,21328.13857142857,21301.84,window_end,7,14,8.33601779817549,8.33601779817549,0.0,0,,,,,,0.0,True,0,0,0,not_signaled,0.010000000000000002,0.009696647450607828,16.67203559635098,0.0008336017798175491,0.00886304567079028,0.9696647450607826,0.8863045670790277
trend_trail_poc_scale_16m,2025-05-29 14:04:00+00:00,2025-05-29 14:06:00+00:00,2025-05-29 14:14:00+00:00,2025-05-29,opening_followthrough_30m,balance,balance_value_rejection,short,long,10_30,0.5,21409.390000000003,21442.870714285717,21401.019821428574,21342.428571428576,21401.019821428574,trailing_stop,5,10,3.1972719902717124,3.1972719902717124,0.0,0,,,,,,0.0,True,0,0,0,not_signaled,0.005,0.0012500000000002227,6.394543980543425,0.0003197271990271713,0.0009302728009730514,0.2500000000000445,0.18605456019461028
trend_trail_poc_scale_16m,2025-06-03 14:00:00+00:00,2025-06-03 14:02:00+00:00,2025-06-03 14:06:00+00:00,2025-06-03,opening_followthrough_30m,imbalance_up,imbalance_opening_range_breakout,long,long,10_30,1.0,21578.16,21552.81,21552.81,21628.859999999997,21552.81,stop,3,6,8.512094674556614,8.512094674556614,0.0,0,,,,,,0.0,False,0,0,0,not_signaled,0.01,-0.009999999999999669,17.02418934911323,0.0008512094674556614,-0.01085120946745533,-0.9999999999999669,-1.085120946745533
trend_trail_poc_scale_16m,2025-06-03 14:12:00+00:00,2025-06-03 14:14:00+00:00,2025-06-03 14:14:00+00:00,2025-06-03,opening_followthrough_30m,imbalance_up,imbalance_opening_range_breakout,long,long,10_30,1.0,21572.16,21546.535714285714,21546.535714285714,21623.40857142857,21579.66,window_end,1,2,8.418638568322766,8.418638568322766,0.0,0,,,,,,0.0,False,0,0,0,not_signaled,0.009999999999999998,0.0029269108546583146,16.837277136645532,0.0008418638568322767,0.002085046997826038,0.2926910854658315,0.20850469978260383
trend_trail_poc_scale_16m,2025-06-16 14:00:00+00:00,2025-06-16 14:02:00+00:00,2025-06-16 14:14:00+00:00,2025-06-16,opening_followthrough_30m,imbalance_up,imbalance_opening_range_breakout,long,long,10_30,1.0,21938.57,21910.748571428572,21910.748571428572,21994.21285714286,21945.44,window_end,7,14,7.885493709884467,7.885493709884467,0.0,0,,,,,,0.0,False,1,1,0,not_signaled,0.01,0.0024693196405650604,15.770987419768934,0.0007885493709884467,0.0016807702695766137,0.24693196405650603,0.16807702695766136
trend_trail_poc_scale_16m,2025-06-23 14:00:00+00:00,2025-06-23 14:02:00+00:00,2025-06-23 14:14:00+00:00,2025-06-23,opening_followthrough_30m,imbalance_up,imbalance_opening_range_breakout,long,neutral,10_30,0.75,21736.63,21709.585714285717,21743.391071428574,21790.718571428573,21757.13,window_end,7,14,6.0280654746183675,6.0280654746183675,0.0,0,,,,,,0.0,True,0,0,0,not_signaled,0.0075,0.005685119645026643,12.056130949236735,0.0006028065474618368,0.005082313097564806,0.758015952670219,0.6776417463419742
trend_trail_poc_scale_16m,2025-06-27 14:00:00+00:00,2025-06-27 14:02:00+00:00,2025-06-27 14:12:00+00:00,2025-06-27,opening_followthrough_30m,imbalance_up,imbalance_opening_range_breakout,long,long,10_30,1.0,22598.79,22582.51357142857,22602.859107142856,22631.34285714286,22631.34285714286,target,6,12,10.0,10.0,0.0,0,,,,,,0.0,True,0,0,0,not_signaled,0.007202345157164945,0.014404690314331337,20.0,0.001,0.013404690314331336,2.0000000000002007,1.8611563347524733
trend_trail_poc_scale_16m,2025-07-01 14:12:00+00:00,2025-07-01 14:14:00+00:00,2025-07-01 14:14:00+00:00,2025-07-01,opening_followthrough_30m,balance,balance_value_rejection,long,long,10_30,1.0,22646.47,22628.378571428573,22628.378571428573,22682.652857142857,22661.72,window_end,1,2,10.0,10.0,0.0,0,,,,,,0.0,False,0,0,0,not_signaled,0.007988630709964284,0.0067339413162414985,20.0,0.001,0.0057339413162414985,0.8429406190778351,0.7177627210993127
trend_trail_poc_scale_16m,2025-07-03 14:00:00+00:00,2025-07-03 14:02:00+00:00,2025-07-03 14:14:00+00:00,2025-07-03,opening_followthrough_30m,imbalance_up,imbalance_opening_range_breakout,long,long,10_30,1.0,22844.210000000003,22823.650714285715,22856.933571428573,22885.328571428574,22867.960000000003,window_end,7,14,10.0,10.0,0.0,0,,,,,,0.0,True,0,0,0,not_signaled,0.008999779687844682,0.01039650747388432,20.0,0.001,0.009396507473884319,1.155195775283932,1.0440819442030862
trend_trail_poc_scale_16m,2025-07-09 14:10:00+00:00,2025-07-09 14:12:00+00:00,2025-07-09 14:14:00+00:00,2025-07-09,opening_followthrough_30m,imbalance_up,imbalance_opening_range_breakout,long,long,10_30,1.0,22933.68,22917.777142857143,22917.777142857143,22965.485714285714,22926.93,window_end,2,4,10.0,10.0,0.0,0,,,,,,0.0,False,0,0,0,not_signaled,0.006934280561539779,-0.0029432694622055777,20.0,0.001,-0.003943269462205578,-0.4244520301832171,-0.568663097376891
trend_trail_poc_scale_16m,2025-07-11 14:06:00+00:00,2025-07-11 14:08:00+00:00,2025-07-11 14:08:00+00:00,2025-07-11,opening_followthrough_30m,balance,balance_value_rejection,long,long,10_30,1.0,22808.0,22786.437857142857,22786.437857142857,22851.124285714286,22786.437857142857,stop,1,2,10.0,10.0,0.0,0,,,,,,0.0,False,0,0,0,not_signaled,0.009453763090644855,-0.009453763090645495,20.0,0.001,-0.010453763090645496,-1.0000000000000677,-1.1057779839004227
trend_trail_poc_scale_16m,2025-07-11 14:10:00+00:00,2025-07-11 14:12:00+00:00,2025-07-11 14:14:00+00:00,2025-07-11,opening_followthrough_30m,balance,balance_value_rejection,long,long,10_30,1.0,22799.0,22777.712142857144,22777.712142857144,22841.575714285715,22812.0,window_end,2,4,10.0,10.0,0.0,0,,,,,,0.0,False,0,0,0,not_signaled,0.009337188974453616,0.005702004473879807,20.0,0.001,0.004702004473879807,0.610676777505563,0.5035781632720948
trend_trail_poc_scale_16m,2025-07-16 14:06:00+00:00,2025-07-16 14:08:00+00:00,2025-07-16 14:08:00+00:00,2025-07-16,opening_followthrough_30m,imbalance_down,imbalance_opening_range_breakout,short,long,10_30,0.5,22802.02,22826.090714285714,22826.090714285714,22753.87857142857,22826.090714285714,stop,1,2,4.736465177008146,4.736465177008146,0.0,0,,,,,,0.0,False,0,0,0,not_signaled,0.005,-0.004999999999999911,9.472930354016292,0.0004736465177008146,-0.005473646517700726,-0.9999999999999821,-1.094729303540145
trend_trail_poc_scale_16m,2025-07-17 14:00:00+00:00,2025-07-17 14:02:00+00:00,2025-07-17 14:10:00+00:00,2025-07-17,opening_followthrough_30m,imbalance_up,imbalance_opening_range_breakout,long,long,10_30,1.0,23023.92,23005.044285714284,23005.044285714284,23061.67142857143,23005.044285714284,stop,5,10,10.0,10.0,0.0,0,,,,,,0.0,False,0,0,0,not_signaled,0.008198306059834709,-0.008198306059834515,20.0,0.001,-0.009198306059834516,-0.9999999999999764,-1.1219764171648854
trend_trail_poc_scale_16m,2025-07-18 14:02:00+00:00,2025-07-18 14:04:00+00:00,2025-07-18 14:14:00+00:00,2025-07-18,opening_followthrough_30m,balance,balance_value_rejection,short,long,10_30,0.5,23110.1,23126.876428571428,23126.876428571428,23076.54714285714,23076.54714285714,target,6,12,6.887669774768944,6.887669774768944,0.0,0,,,,,,0.0,False,0,0,0,not_signaled,0.005,0.010000000000000649,13.775339549537888,0.0006887669774768944,0.009311233022523754,2.0000000000001297,1.8622466045047508
trend_trail_poc_scale_16m,2025-07-23 14:06:00+00:00,2025-07-23 14:08:00+00:00,2025-07-23 14:08:00+00:00,2025-07-23,opening_followthrough_30m,imbalance_down,imbalance_opening_range_breakout,short,long,10_30,0.5,23028.57,23051.76714285714,23051.76714285714,22982.175714285713,23051.76714285714,stop,1,2,4.9636651681241215,4.9636651681241215,0.0,0,,,,,,0.0,False,0,0,0,not_signaled,0.005,-0.00499999999999998,9.927330336248243,0.0004963665168124121,-0.005496366516812392,-0.999999999999996,-1.0992733033624784
trend_trail_poc_scale_16m,2025-07-23 14:12:00+00:00,2025-07-23 14:14:00+00:00,2025-07-23 14:14:00+00:00,2025-07-23,opening_followthrough_30m,imbalance_down,imbalance_opening_range_breakout,short,long,10_30,0.5,23017.32,23039.277857142857,23039.277857142857,22973.404285714285,23039.277857142857,stop,1,2,5.2412491460916035,5.2412491460916035,0.0,0,,,,,,0.0,False,0,0,0,not_signaled,0.005,-0.005000000000000272,10.482498292183207,0.0005241249146091604,-0.005524124914609432,-1.0000000000000544,-1.1048249829218864
trend_trail_poc_scale_16m,2025-08-01 14:00:00+00:00,2025-08-01 14:02:00+00:00,2025-08-01 14:04:00+00:00,2025-08-01,opening_followthrough_30m,imbalance_down,imbalance_opening_range_breakout,short,neutral,10_30,0.75,22704.02,22746.370714285717,22746.370714285717,22619.318571428572,22746.370714285717,stop,2,4,4.020714948305789,4.020714948305789,0.0,0,,,,,,0.0,False,0,0,0,not_signaled,0.007499999999999999,-0.0075,8.041429896611579,0.00040207149483057896,-0.00790207149483058,-1.0000000000000002,-1.0536095326440773
trend_trail_poc_scale_16m,2025-08-08 14:00:00+00:00,2025-08-08 14:02:00+00:00,2025-08-08 14:14:00+00:00,2025-08-08,opening_followthrough_30m,imbalance_up,imbalance_opening_range_breakout,long,long,10_30,1.0,23557.78,23536.324285714283,23536.324285714283,23600.691428571427,23536.324285714283,stop,7,14,10.0,10.0,0.0,0,,,,,,0.0,False,0,0,0,not_signaled,0.009107697875485024,-0.009107697875485599,20.0,0.001,-0.0101076978754856,-1.000000000000063,-1.1097972301751744
trend_trail_poc_scale_16m,2025-08-20 14:04:00+00:00,2025-08-20 14:06:00+00:00,2025-08-20 14:14:00+00:00,2025-08-20,opening_followthrough_30m,imbalance_down,imbalance_opening_range_breakout,short,neutral,10_30,0.75,23077.92,23119.51214285714,23119.51214285714,22994.735714285714,23038.29,window_end,5,10,4.161468683989123,4.161468683989123,0.0,0,,,,,,0.0,False,0,0,0,not_signaled,0.0075,0.00714618145597522,8.322937367978247,0.00041614686839891235,0.006730034587576307,0.9528241941300294,0.8973379450101744
trend_trail_poc_scale_16m,2025-08-27 14:02:00+00:00,2025-08-27 14:04:00+00:00,2025-08-27 14:08:00+00:00,2025-08-27,opening_followthrough_30m,balance,balance_value_rejection,short,neutral,10_30,0.75,23477.49,23501.230714285717,23501.230714285717,23430.008571428574,23501.230714285717,stop,3,6,7.41684402924454,7.41684402924454,0.0,0,,,,,,0.0,False,0,0,0,not_signaled,0.0075,-0.007499999999999945,14.83368805848908,0.000741684402924454,-0.0082416844029244,-0.9999999999999927,-1.0988912537232534
trend_trail_poc_scale_16m,2025-08-29 14:02:00+00:00,2025-08-29 14:04:00+00:00,2025-08-29 14:14:00+00:00,2025-08-29,opening_followthrough_30m,imbalance_down,imbalance_opening_range_breakout,short,neutral,10_30,0.75,23448.49,23481.635714285716,23440.203571428574,23382.198571428573,23382.198571428573,target,6,12,5.305774178950039,5.305774178950039,0.0,0,,,,,,0.0,True,0,0,0,not_signaled,0.007500000000000001,0.014999999999999748,10.611548357900078,0.0005305774178950039,0.014469422582104744,1.9999999999999662,1.9292563442806323
trend_trail_poc_scale_16m,2025-09-04 14:02:00+00:00,2025-09-04 14:04:00+00:00,2025-09-04 14:12:00+00:00,2025-09-04,opening_followthrough_30m,balance,balance_value_rejection,short,neutral,10_30,0.75,23404.25,23434.870714285717,23434.870714285717,23343.00857142857,23434.870714285717,stop,5,10,5.732455270708309,5.732455270708309,0.0,0,,,,,,0.0,False,0,0,0,not_signaled,0.0075,-0.007499999999999877,11.464910541416618,0.0005732455270708309,-0.008073245527070708,-0.9999999999999837,-1.076432736942761
trend_trail_poc_scale_16m,2025-09-17 14:00:00+00:00,2025-09-17 14:02:00+00:00,2025-09-17 14:14:00+00:00,2025-09-17,opening_followthrough_30m,imbalance_down,imbalance_opening_range_breakout,short,long,10_30,0.5,24209.92,24230.094999999998,24230.094999999998,24169.57,24230.094999999998,stop,7,14,5.999980173482094,5.999980173482094,0.0,0,,,,,,0.0,False,0,0,0,not_signaled,0.005,-0.004999999999999578,11.999960346964189,0.0005999980173482095,-0.005599998017347787,-0.9999999999999155,-1.1199996034695574
trend_trail_poc_scale_16m,2025-09-18 14:02:00+00:00,2025-09-18 14:04:00+00:00,2025-09-18 14:14:00+00:00,2025-09-18,opening_followthrough_30m,imbalance_up,imbalance_opening_range_breakout,long,long,10_30,1.0,24466.32,24434.332857142857,24474.316785714287,24530.294285714284,24503.57,window_end,6,12,7.648798177839377,7.648798177839377,0.0,0,,,,,,0.0,True,0,0,0,not_signaled,0.01,0.011645303916752121,15.297596355678754,0.0007648798177839378,0.010880424098968184,1.164530391675212,1.0880424098968184
trend_trail_poc_scale_16m,2025-09-26 14:06:00+00:00,2025-09-26 14:08:00+00:00,2025-09-26 14:14:00+00:00,2025-09-26,opening_followthrough_30m,balance,balance_value_rejection,short,neutral,10_30,0.75,24425.54,24460.889285714286,24460.889285714286,24354.841428571428,24396.04,window_end,4,8,5.182326779688346,5.182326779688346,0.0,0,,,,,,0.0,False,1,0,0,not_signaled,0.0075,0.006258966639051014,10.364653559376691,0.0005182326779688346,0.00574073396108218,0.8345288852068019,0.7654311948109573
trend_trail_poc_scale_16m,2025-09-29 14:06:00+00:00,2025-09-29 14:08:00+00:00,2025-09-29 14:14:00+00:00,2025-09-29,opening_followthrough_30m,imbalance_up,imbalance_opening_range_breakout,long,long,10_30,1.0,24771.28,24748.127857142856,24748.127857142856,24817.584285714285,24774.91,window_end,4,8,10.0,10.0,0.0,0,,,,,,0.0,False,0,0,0,not_signaled,0.009346365168510845,0.0014654067129349357,20.0,0.001,0.0004654067129349357,0.1567889427081329,0.04979547712333702
trend_trail_poc_scale_16m,2025-10-08 14:00:00+00:00,2025-10-08 14:02:00+00:00,2025-10-08 14:14:00+00:00,2025-10-08,opening_followthrough_30m,imbalance_up,imbalance_opening_range_breakout,long,long,10_30,1.0,25040.08,25019.705,25019.705,25080.83,25050.08,window_end,7,14,10.0,10.0,0.0,0,,,,,,0.0,False,0,0,0,not_signaled,0.008136954834010115,0.003993597464544418,20.0,0.001,0.0029935974645444183,0.4907975460122179,0.36790144785270873
trend_trail_poc_scale_16m,2025-10-13 14:04:00+00:00,2025-10-13 14:06:00+00:00,2025-10-13 14:14:00+00:00,2025-10-13,opening_followthrough_30m,imbalance_up,imbalance_opening_range_breakout,long,neutral,10_30,0.75,24761.19,24724.109285714283,24724.109285714283,24835.351428571426,24756.07,window_end,5,10,5.0082348352050445,5.0082348352050445,0.0,0,,,,,,0.0,False,0,0,0,not_signaled,0.0075,-0.0010355787567657231,10.016469670410089,0.0005008234835205045,-0.0015364022402862276,-0.1380771675687631,-0.2048536320381637
trend_trail_poc_scale_16m,2025-10-16 14:10:00+00:00,2025-10-16 14:12:00+00:00,2025-10-16 14:14:00+00:00,2025-10-16,opening_followthrough_30m,balance,balance_value_rejection,short,long,10_30,0.5,24887.13,24923.51642857143,24923.51642857143,24814.357142857145,24914.51,window_end,2,4,3.4198368701046564,3.4198368701046564,0.0,0,,,,,,0.0,False,0,0,0,not_signaled,0.005,-0.0037623917865761444,6.839673740209313,0.0003419836870104657,-0.00410437547358661,-0.7524783573152288,-0.8208750947173221
trend_trail_poc_scale_16m,2025-10-20 14:06:00+00:00,2025-10-20 14:08:00+00:00,2025-10-20 14:14:00+00:00,2025-10-20,opening_followthrough_30m,imbalance_up,imbalance_opening_range_breakout,long,long,10_30,1.0,25116.99,25095.65642857143,25095.65642857143,25159.657142857144,25095.65642857143,stop,4,8,10.0,10.0,0.0,0,,,,,,0.0,False,0,0,0,not_signaled,0.008493681539297433,-0.008493681539297748,20.0,0.001,-0.00949368153929775,-1.000000000000037,-1.117734576623064
trend_trail_poc_scale_16m,2025-10-27 14:00:00+00:00,2025-10-27 14:02:00+00:00,2025-10-27 14:14:00+00:00,2025-10-27,opening_followthrough_30m,imbalance_up,imbalance_opening_range_breakout,long,long,10_30,1.0,25744.41,25721.04357142857,25721.04357142857,25791.14285714286,25738.91,window_end,7,14,10.0,10.0,0.0,0,,,,,,0.0,False,0,0,0,not_signaled,0.009076311545468957,-0.002136386112557842,20.0,0.001,-0.003136386112557842,-0.23538042979852988,-0.3455573441750771
trend_trail_poc_scale_16m,2025-11-06 15:00:00+00:00,2025-11-06 15:02:00+00:00,2025-11-06 15:14:00+00:00,2025-11-06,opening_followthrough_30m,imbalance_down,imbalance_opening_range_breakout,short,neutral,10_30,0.75,25375.32,25416.87857142857,25416.87857142857,25292.202857142856,25340.69,window_end,7,14,4.579437970506373,4.579437970506373,0.0,0,,,,,,0.0,False,0,0,0,not_signaled,0.007499999999999999,0.006249613282458657,9.158875941012745,0.0004579437970506373,0.00579166948540802,0.8332817709944877,0.7722225980544029
trend_trail_poc_scale_16m,2025-11-18 15:00:00+00:00,2025-11-18 15:02:00+00:00,2025-11-18 15:10:00+00:00,2025-11-18,opening_followthrough_30m,imbalance_down,imbalance_opening_range_breakout,short,neutral,10_30,0.75,24432.28,24497.805714285714,24497.805714285714,24301.22857142857,24497.805714285714,stop,5,10,2.7964914537368304,2.7964914537368304,0.0,0,,,,,,0.0,False,0,0,0,not_signaled,0.0075,-0.007500000000000321,5.592982907473661,0.00027964914537368307,-0.007779649145374004,-1.0000000000000429,-1.037286552716534
trend_trail_poc_scale_16m,2025-11-19 15:02:00+00:00,2025-11-19 15:04:00+00:00,2025-11-19 15:14:00+00:00,2025-11-19,opening_followthrough_30m,imbalance_up,imbalance_opening_range_breakout,long,short,10_30,0.5,24862.09,24823.890714285713,24871.639821428573,24938.48857142857,24909.97,window_end,6,12,3.254261111838309,3.254261111838309,0.0,0,,,,,,0.0,True,0,0,0,not_signaled,0.005,0.006267132893285741,6.508522223676618,0.0003254261111838309,0.005941706782101911,1.2534265786571481,1.1883413564203822
trend_trail_poc_scale_16m,2025-12-01 15:12:00+00:00,2025-12-01 15:14:00+00:00,2025-12-01 15:14:00+00:00,2025-12-01,opening_followthrough_30m,balance,balance_value_rejection,long,neutral,10_30,0.75,25340.72,25308.71142857143,25308.71142857143,25404.737142857142,25308.71142857143,stop,1,2,5.937640810497201,5.937640810497201,0.0,0,,,,,,0.0,False,0,0,0,not_signaled,0.0075,-0.007499999999999589,11.875281620994402,0.0005937640810497201,-0.00809376408104931,-0.9999999999999452,-1.079168544139908
trend_trail_poc_scale_16m,2025-12-02 15:00:00+00:00,2025-12-02 15:02:00+00:00,2025-12-02 15:10:00+00:00,2025-12-02,opening_followthrough_30m,imbalance_up,imbalance_opening_range_breakout,long,neutral,10_30,0.75,25605.51,25571.465714285714,25571.465714285714,25673.59857142857,25571.465714285714,stop,5,10,5.640926838991285,5.640926838991285,0.0,0,,,,,,0.0,False,0,0,0,not_signaled,0.0075,-0.007500000000000015,11.28185367798257,0.0005640926838991285,-0.008064092683899144,-1.000000000000002,-1.0752123578532193
trend_trail_poc_scale_16m,2025-12-03 15:02:00+00:00,2025-12-03 15:04:00+00:00,2025-12-03 15:06:00+00:00,2025-12-03,opening_followthrough_30m,balance,balance_value_rejection,long,neutral,10_30,0.75,25530.980000000003,25490.417142857146,25490.417142857146,25612.105714285713,25490.417142857146,stop,2,4,4.720632704092617,4.720632704092617,0.0,0,,,,,,0.0,False,0,0,0,not_signaled,0.0075,-0.007500000000000062,9.441265408185235,0.00047206327040926176,-0.007972063270409323,-1.0000000000000084,-1.0629417693879097
