date,sector,raw_sector_excess,validation_reliability,validated_sector_excess,horizon_months,raw_market_return,validated_market_return,raw_total_return,validated_total_return
2026-07-15,Communication Svcs,-0.004411363302618175,0.0,-0.0,6,0.03821282841109965,0.0,0.03380146510848148,0.0
2026-07-15,Consumer Cyclical,0.00941026335483357,0.0,0.0,6,0.03821282841109965,0.0,0.047623091765933226,0.0
2026-07-15,Consumer Defensive,-0.0017986114090224603,0.0,-0.0,6,0.03821282841109965,0.0,0.03641421700207719,0.0
2026-07-15,Energy,-0.009302945573048029,0.0,-0.0,6,0.03821282841109965,0.0,0.028909882838051622,0.0
2026-07-15,Financials,-0.001680722209902813,0.0,-0.0,6,0.03821282841109965,0.0,0.03653210620119684,0.0
2026-07-15,Health Care,-0.017393713836232942,0.0,-0.0,6,0.03821282841109965,0.0,0.02081911457486671,0.0
2026-07-15,Industrials,0.000340783831298562,0.0,0.0,6,0.03821282841109965,0.0,0.038553612242398214,0.0
2026-07-15,Materials,-0.009453487270807456,0.0,-0.0,6,0.03821282841109965,0.0,0.028759341140292195,0.0
2026-07-15,Real Estate,-0.0006530508892546236,0.0,-0.0,6,0.03821282841109965,0.0,0.03755977752184503,0.0
2026-07-15,Technology,0.03603894011497194,0.0,0.0,6,0.03821282841109965,0.0,0.0742517685260716,0.0
2026-07-15,Utilities,-0.0010960928102175804,0.0,-0.0,6,0.03821282841109965,0.0,0.03711673560088207,0.0
2026-07-15,Communication Svcs,1.734723475976807e-18,0.0,0.0,12,0.1253416023730332,0.0,0.1253416023730332,0.0
2026-07-15,Consumer Cyclical,1.734723475976807e-18,0.0,0.0,12,0.1253416023730332,0.0,0.1253416023730332,0.0
2026-07-15,Consumer Defensive,1.734723475976807e-18,0.0,0.0,12,0.1253416023730332,0.0,0.1253416023730332,0.0
2026-07-15,Energy,1.734723475976807e-18,0.0,0.0,12,0.1253416023730332,0.0,0.1253416023730332,0.0
2026-07-15,Financials,1.734723475976807e-18,0.0,0.0,12,0.1253416023730332,0.0,0.1253416023730332,0.0
2026-07-15,Health Care,1.734723475976807e-18,0.0,0.0,12,0.1253416023730332,0.0,0.1253416023730332,0.0
2026-07-15,Industrials,1.734723475976807e-18,0.0,0.0,12,0.1253416023730332,0.0,0.1253416023730332,0.0
2026-07-15,Materials,1.734723475976807e-18,0.0,0.0,12,0.1253416023730332,0.0,0.1253416023730332,0.0
2026-07-15,Real Estate,1.734723475976807e-18,0.0,0.0,12,0.1253416023730332,0.0,0.1253416023730332,0.0
2026-07-15,Technology,1.734723475976807e-18,0.0,0.0,12,0.1253416023730332,0.0,0.1253416023730332,0.0
2026-07-15,Utilities,1.734723475976807e-18,0.0,0.0,12,0.1253416023730332,0.0,0.1253416023730332,0.0
